Store ID,SKU,Product Name,Price,Date
US-NY-001,SKU-1001,Organic Milk 1L,3.32,2026-01-02
US-NY-002,SKU-1008,Pasta Penne 500g,1.14,2026-01-17
US-NY-003,SKU-2005,Almond Butter 365g,7.07,2026-02-02
US-NY-004,SKU-2012,Ice Cream Vanilla 1L,4.20,2026-02-15
US-NY-005,SKU-1004,Greek Yogurt 500g,1.77,2026-02-24
US-NY-006,SKU-2001,Sparkling Water 6pk,3.29,2026-03-08
US-NY-007,SKU-2008,Basmati Rice 5kg,13.12,2026-03-22
US-NY-008,SKU-2015,Spinach Baby 200g,2.85,2026-04-07
US-NY-009,SKU-1007,Olive Oil 500ml,9.26,2026-04-15
US-NY-010,SKU-2004,Granola 400g,4.67,2026-05-04
US-NY-011,SKU-2011,Frozen Pizza Margherita,6.29,2026-05-13
US-NY-012,SKU-1003,Free Range Eggs 12ct,4.74,2026-05-25
US-NY-013,SKU-1010,Cheddar Cheese 200g,3.83,2026-06-12
US-NY-014,SKU-2007,Honey 500g,6.30,2026-06-19
US-NY-015,SKU-2014,Salmon Fillet 300g,11.75,2026-01-08
US-NY-016,SKU-1006,Avocado Hass 4pk,5.44,2026-01-20
US-NY-017,SKU-2003,Ground Coffee 340g,9.99,2026-01-28
US-NY-018,SKU-2010,Coconut Milk 400ml,2.51,2026-02-12
US-NY-019,SKU-1002,Whole Wheat Bread,2.34,2026-02-23
US-NY-020,SKU-1009,Tomato Sauce 400g,2.15,2026-03-09
US-NY-021,SKU-2006,Dark Chocolate 100g,3.11,2026-03-22
US-NY-022,SKU-2013,Chicken Breast 500g,8.91,2026-04-08
US-NY-023,SKU-1005,Bananas 1kg,1.23,2026-04-22
US-NY-024,SKU-2002,Orange Juice 1L,3.73,2026-05-02
US-NY-025,SKU-2009,Black Beans 400g,1.35,2026-05-17
US-NY-026,SKU-1001,Organic Milk 1L,3.42,2026-05-30
US-NY-027,SKU-1008,Pasta Penne 500g,1.18,2026-06-07
US-NY-028,SKU-2005,Almond Butter 365g,7.29,2026-06-26
US-NY-029,SKU-2012,Ice Cream Vanilla 1L,4.33,2026-01-06
US-NY-030,SKU-1004,Greek Yogurt 500g,1.83,2026-01-16
US-NY-031,SKU-2001,Sparkling Water 6pk,3.39,2026-01-30
US-NY-032,SKU-2008,Basmati Rice 5kg,13.51,2026-02-16
US-NY-033,SKU-2015,Spinach Baby 200g,2.93,2026-03-01
US-NY-034,SKU-1007,Olive Oil 500ml,8.54,2026-03-10
US-NY-035,SKU-2004,Granola 400g,4.31,2026-03-24
US-NY-036,SKU-2011,Frozen Pizza Margherita,5.81,2026-04-10
US-NY-037,SKU-1003,Free Range Eggs 12ct,4.89,2026-04-19
US-NY-038,SKU-1010,Cheddar Cheese 200g,3.95,2026-05-04
US-NY-039,SKU-2007,Honey 500g,6.49,2026-05-19
US-NY-040,SKU-2014,Salmon Fillet 300g,12.11,2026-05-29
US-NY-041,SKU-1006,Avocado Hass 4pk,5.60,2026-06-14
US-NY-042,SKU-2003,Ground Coffee 340g,10.29,2026-06-21
US-NY-043,SKU-2010,Coconut Milk 400ml,2.59,2026-01-05
US-NY-044,SKU-1002,Whole Wheat Bread,2.40,2026-01-21
US-NY-045,SKU-1009,Tomato Sauce 400g,1.99,2026-02-05
US-NY-046,SKU-2006,Dark Chocolate 100g,2.87,2026-02-18
US-NY-047,SKU-2013,Chicken Breast 500g,8.24,2026-02-25
US-NY-048,SKU-1005,Bananas 1kg,1.26,2026-03-15
US-NY-049,SKU-2002,Orange Juice 1L,3.85,2026-03-27
US-NY-050,SKU-2009,Black Beans 400g,1.39,2026-04-06
US-CA-001,SKU-1001,Organic Milk 1L,3.95,2026-04-23
US-CA-002,SKU-1008,Pasta Penne 500g,1.30,2026-05-05
US-CA-003,SKU-2005,Almond Butter 365g,8.48,2026-05-18
US-CA-004,SKU-2012,Ice Cream Vanilla 1L,5.09,2026-05-27
US-CA-005,SKU-1004,Greek Yogurt 500g,2.01,2026-06-10
US-CA-006,SKU-2001,Sparkling Water 6pk,3.47,2026-06-23
US-CA-007,SKU-2008,Basmati Rice 5kg,14.09,2026-01-09
US-CA-008,SKU-2015,Spinach Baby 200g,2.92,2026-01-18
US-CA-009,SKU-1007,Olive Oil 500ml,10.04,2026-02-02
US-CA-010,SKU-2004,Granola 400g,5.02,2026-02-15
US-CA-011,SKU-2011,Frozen Pizza Margherita,6.65,2026-03-02
US-CA-012,SKU-1003,Free Range Eggs 12ct,5.70,2026-03-13
US-CA-013,SKU-1010,Cheddar Cheese 200g,4.31,2026-03-27
US-CA-014,SKU-2007,Honey 500g,7.35,2026-04-10
US-CA-015,SKU-2014,Salmon Fillet 300g,13.97,2026-04-25
US-CA-016,SKU-1006,Avocado Hass 4pk,6.05,2026-05-03
US-CA-017,SKU-2003,Ground Coffee 340g,10.53,2026-05-18
US-CA-018,SKU-2010,Coconut Milk 400ml,2.63,2026-06-01
US-CA-019,SKU-1002,Whole Wheat Bread,2.35,2026-06-14
US-CA-020,SKU-1009,Tomato Sauce 400g,2.25,2026-06-29
US-CA-021,SKU-2006,Dark Chocolate 100g,3.14,2026-01-12
US-CA-022,SKU-2013,Chicken Breast 500g,9.51,2026-01-23
US-CA-023,SKU-1005,Bananas 1kg,1.43,2026-02-07
US-CA-024,SKU-2002,Orange Juice 1L,4.25,2026-02-17
US-CA-025,SKU-2009,Black Beans 400g,1.60,2026-02-28
US-CA-026,SKU-1001,Organic Milk 1L,4.07,2026-03-15
US-CA-027,SKU-1008,Pasta Penne 500g,1.34,2026-03-27
US-CA-028,SKU-2005,Almond Butter 365g,7.83,2026-04-08
US-CA-029,SKU-2012,Ice Cream Vanilla 1L,4.69,2026-04-24
US-CA-030,SKU-1004,Greek Yogurt 500g,1.86,2026-05-06
US-CA-031,SKU-2001,Sparkling Water 6pk,3.58,2026-05-19
US-CA-032,SKU-2008,Basmati Rice 5kg,14.53,2026-05-30
US-CA-033,SKU-2015,Spinach Baby 200g,3.01,2026-06-16
US-CA-034,SKU-1007,Olive Oil 500ml,10.35,2026-06-25
US-CA-035,SKU-2004,Granola 400g,5.18,2026-01-07
US-CA-036,SKU-2011,Frozen Pizza Margherita,6.85,2026-01-26
US-CA-037,SKU-1003,Free Range Eggs 12ct,5.86,2026-02-08
US-CA-038,SKU-1010,Cheddar Cheese 200g,4.44,2026-02-17
US-CA-039,SKU-2007,Honey 500g,6.78,2026-03-04
US-CA-040,SKU-2014,Salmon Fillet 300g,12.89,2026-03-14
US-CA-041,SKU-1006,Avocado Hass 4pk,5.59,2026-03-26
US-CA-042,SKU-2003,Ground Coffee 340g,10.87,2026-04-09
US-CA-043,SKU-2010,Coconut Milk 400ml,2.71,2026-04-27
US-CA-044,SKU-1002,Whole Wheat Bread,2.43,2026-05-10
US-CA-045,SKU-1009,Tomato Sauce 400g,2.32,2026-05-22
US-CA-046,SKU-2006,Dark Chocolate 100g,3.23,2026-06-01
US-CA-047,SKU-2013,Chicken Breast 500g,9.79,2026-06-13
US-CA-048,SKU-1005,Bananas 1kg,1.48,2026-06-28
US-CA-049,SKU-2002,Orange Juice 1L,4.37,2026-01-12
US-CA-050,SKU-2009,Black Beans 400g,1.48,2026-01-21
US-TX-001,SKU-1001,Organic Milk 1L,3.35,2026-02-07
US-TX-002,SKU-1008,Pasta Penne 500g,1.15,2026-02-22
US-TX-003,SKU-2005,Almond Butter 365g,7.14,2026-03-01
US-TX-004,SKU-2012,Ice Cream Vanilla 1L,4.25,2026-03-19
US-TX-005,SKU-1004,Greek Yogurt 500g,1.79,2026-04-02
US-TX-006,SKU-2001,Sparkling Water 6pk,3.32,2026-04-13
US-TX-007,SKU-2008,Basmati Rice 5kg,13.25,2026-04-23
US-TX-008,SKU-2015,Spinach Baby 200g,2.87,2026-05-05
US-TX-009,SKU-1007,Olive Oil 500ml,9.35,2026-05-22
US-TX-010,SKU-2004,Granola 400g,4.71,2026-06-04
US-TX-011,SKU-2011,Frozen Pizza Margherita,5.69,2026-06-14
US-TX-012,SKU-1003,Free Range Eggs 12ct,4.79,2026-06-27
US-TX-013,SKU-1010,Cheddar Cheese 200g,3.87,2026-01-12
US-TX-014,SKU-2007,Honey 500g,6.36,2026-01-28
US-TX-015,SKU-2014,Salmon Fillet 300g,11.87,2026-02-10
US-TX-016,SKU-1006,Avocado Hass 4pk,5.49,2026-02-17
US-TX-017,SKU-2003,Ground Coffee 340g,10.09,2026-03-02
US-TX-018,SKU-2010,Coconut Milk 400ml,2.54,2026-03-15
US-TX-019,SKU-1002,Whole Wheat Bread,2.36,2026-04-03
US-TX-020,SKU-1009,Tomato Sauce 400g,2.17,2026-04-14
US-TX-021,SKU-2006,Dark Chocolate 100g,3.14,2026-04-25
US-TX-022,SKU-2013,Chicken Breast 500g,8.07,2026-05-07
US-TX-023,SKU-1005,Bananas 1kg,1.24,2026-05-24
US-TX-024,SKU-2002,Orange Juice 1L,3.77,2026-06-06
US-TX-025,SKU-2009,Black Beans 400g,1.36,2026-06-20
US-TX-026,SKU-1001,Organic Milk 1L,3.46,2026-06-27
US-TX-027,SKU-1008,Pasta Penne 500g,1.19,2026-01-16
US-TX-028,SKU-2005,Almond Butter 365g,7.36,2026-01-24
US-TX-029,SKU-2012,Ice Cream Vanilla 1L,4.38,2026-02-06
US-TX-030,SKU-1004,Greek Yogurt 500g,1.84,2026-02-23
US-TX-031,SKU-2001,Sparkling Water 6pk,3.42,2026-03-05
US-TX-032,SKU-2008,Basmati Rice 5kg,13.64,2026-03-16
US-TX-033,SKU-2015,Spinach Baby 200g,2.65,2026-03-29
US-TX-034,SKU-1007,Olive Oil 500ml,8.63,2026-04-12
US-TX-035,SKU-2004,Granola 400g,4.36,2026-04-24
US-TX-036,SKU-2011,Frozen Pizza Margherita,5.87,2026-05-10
US-TX-037,SKU-1003,Free Range Eggs 12ct,4.94,2026-05-24
US-TX-038,SKU-1010,Cheddar Cheese 200g,3.99,2026-06-04
US-TX-039,SKU-2007,Honey 500g,6.55,2026-06-15
US-TX-040,SKU-2014,Salmon Fillet 300g,12.23,2026-01-02
US-FL-001,SKU-1006,Avocado Hass 4pk,5.65,2026-01-13
US-FL-002,SKU-2003,Ground Coffee 340g,10.39,2026-01-27
US-FL-003,SKU-2010,Coconut Milk 400ml,2.61,2026-02-11
US-FL-004,SKU-1002,Whole Wheat Bread,2.18,2026-02-21
US-FL-005,SKU-1009,Tomato Sauce 400g,2.01,2026-03-07
US-FL-006,SKU-2006,Dark Chocolate 100g,2.90,2026-03-17
US-FL-007,SKU-2013,Chicken Breast 500g,8.32,2026-04-02
US-FL-008,SKU-1005,Bananas 1kg,1.28,2026-04-16
US-FL-009,SKU-2002,Orange Juice 1L,3.89,2026-04-25
US-FL-010,SKU-2009,Black Beans 400g,1.40,2026-05-12
US-FL-011,SKU-1001,Organic Milk 1L,3.56,2026-05-21
US-FL-012,SKU-1008,Pasta Penne 500g,1.23,2026-06-04
US-FL-013,SKU-2005,Almond Butter 365g,7.58,2026-06-16
US-FL-014,SKU-2012,Ice Cream Vanilla 1L,4.50,2026-06-30
US-FL-015,SKU-1004,Greek Yogurt 500g,1.70,2026-01-17
US-FL-016,SKU-2001,Sparkling Water 6pk,3.16,2026-01-27
US-FL-017,SKU-2008,Basmati Rice 5kg,12.60,2026-02-12
US-FL-018,SKU-2015,Spinach Baby 200g,2.73,2026-02-24
US-FL-019,SKU-1007,Olive Oil 500ml,8.90,2026-03-11
US-FL-020,SKU-2004,Granola 400g,4.49,2026-03-22
US-FL-021,SKU-2011,Frozen Pizza Margherita,6.05,2026-04-03
US-FL-022,SKU-1003,Free Range Eggs 12ct,5.09,2026-04-16
US-FL-023,SKU-1010,Cheddar Cheese 200g,4.11,2026-05-02
US-FL-024,SKU-2007,Honey 500g,6.75,2026-05-15
US-FL-025,SKU-2014,Salmon Fillet 300g,12.59,2026-05-22
US-FL-026,SKU-1006,Avocado Hass 4pk,5.22,2026-06-05
US-FL-027,SKU-2003,Ground Coffee 340g,9.59,2026-06-19
US-FL-028,SKU-2010,Coconut Milk 400ml,2.42,2026-01-06
US-FL-029,SKU-1002,Whole Wheat Bread,2.24,2026-01-13
US-FL-030,SKU-1009,Tomato Sauce 400g,2.07,2026-02-01
IN-MH-001,SKU-2006,Dark Chocolate 100g,2.84,2026-02-14
IN-MH-002,SKU-2013,Chicken Breast 500g,7.97,2026-02-23
IN-MH-003,SKU-1005,Bananas 1kg,1.22,2026-03-08
IN-MH-004,SKU-2002,Orange Juice 1L,3.97,2026-03-19
IN-MH-005,SKU-2009,Black Beans 400g,1.33,2026-04-06
IN-MH-006,SKU-1001,Organic Milk 1L,3.37,2026-04-14
IN-MH-007,SKU-1008,Pasta Penne 500g,1.05,2026-05-02
IN-MH-008,SKU-2005,Almond Butter 365g,6.51,2026-05-12
IN-MH-009,SKU-2012,Ice Cream Vanilla 1L,3.87,2026-05-25
IN-MH-010,SKU-1004,Greek Yogurt 500g,1.75,2026-06-06
IN-MH-011,SKU-2001,Sparkling Water 6pk,3.06,2026-06-18
IN-MH-012,SKU-2008,Basmati Rice 5kg,12.21,2026-01-02
IN-MH-013,SKU-2015,Spinach Baby 200g,2.59,2026-01-18
IN-MH-014,SKU-1007,Olive Oil 500ml,9.08,2026-01-29
IN-MH-015,SKU-2004,Granola 400g,4.44,2026-02-13
IN-MH-016,SKU-2011,Frozen Pizza Margherita,5.73,2026-02-23
IN-MH-017,SKU-1003,Free Range Eggs 12ct,4.82,2026-03-11
IN-MH-018,SKU-1010,Cheddar Cheese 200g,3.71,2026-03-24
IN-MH-019,SKU-2007,Honey 500g,6.42,2026-04-03
IN-MH-020,SKU-2014,Salmon Fillet 300g,11.17,2026-04-21
IN-MH-021,SKU-1006,Avocado Hass 4pk,5.27,2026-05-03
IN-MH-022,SKU-2003,Ground Coffee 340g,9.40,2026-05-11
IN-MH-023,SKU-2010,Coconut Milk 400ml,2.29,2026-05-28
IN-MH-024,SKU-1002,Whole Wheat Bread,2.24,2026-06-12
IN-MH-025,SKU-1009,Tomato Sauce 400g,2.17,2026-06-24
IN-MH-026,SKU-2006,Dark Chocolate 100g,2.93,2026-01-07
IN-MH-027,SKU-2013,Chicken Breast 500g,8.65,2026-01-15
IN-MH-028,SKU-1005,Bananas 1kg,1.31,2026-01-30
IN-MH-029,SKU-2002,Orange Juice 1L,3.84,2026-02-13
IN-MH-030,SKU-2009,Black Beans 400g,1.37,2026-02-28
IN-MH-031,SKU-1001,Organic Milk 1L,3.25,2026-03-10
IN-MH-032,SKU-1008,Pasta Penne 500g,1.15,2026-03-27
IN-MH-033,SKU-2005,Almond Butter 365g,6.71,2026-04-03
IN-MH-034,SKU-2012,Ice Cream Vanilla 1L,3.95,2026-04-17
IN-MH-035,SKU-1004,Greek Yogurt 500g,1.75,2026-04-30
IN-MH-036,SKU-2001,Sparkling Water 6pk,3.49,2026-05-16
IN-MH-037,SKU-2008,Basmati Rice 5kg,13.91,2026-05-27
IN-MH-038,SKU-2015,Spinach Baby 200g,2.96,2026-06-07
IN-MH-039,SKU-1007,Olive Oil 500ml,8.87,2026-06-20
IN-MH-040,SKU-2004,Granola 400g,4.01,2026-01-08
IN-KA-001,SKU-2011,Frozen Pizza Margherita,5.58,2026-01-19
IN-KA-002,SKU-1003,Free Range Eggs 12ct,5.13,2026-02-03
IN-KA-003,SKU-1010,Cheddar Cheese 200g,3.64,2026-02-15
IN-KA-004,SKU-2007,Honey 500g,6.49,2026-02-27
IN-KA-005,SKU-2014,Salmon Fillet 300g,12.71,2026-03-13
IN-KA-006,SKU-1006,Avocado Hass 4pk,5.27,2026-03-26
IN-KA-007,SKU-2003,Ground Coffee 340g,10.60,2026-04-04
IN-KA-008,SKU-2010,Coconut Milk 400ml,2.46,2026-04-17
IN-KA-009,SKU-1002,Whole Wheat Bread,2.24,2026-05-04
IN-KA-010,SKU-1009,Tomato Sauce 400g,2.06,2026-05-16
IN-KA-011,SKU-2006,Dark Chocolate 100g,2.73,2026-05-30
IN-KA-012,SKU-2013,Chicken Breast 500g,8.31,2026-06-09
IN-KA-013,SKU-1005,Bananas 1kg,1.33,2026-06-21
IN-KA-014,SKU-2002,Orange Juice 1L,4.00,2026-01-10
IN-KA-015,SKU-2009,Black Beans 400g,1.28,2026-01-21
IN-KA-016,SKU-1001,Organic Milk 1L,3.46,2026-02-01
IN-KA-017,SKU-1008,Pasta Penne 500g,1.23,2026-02-16
IN-KA-018,SKU-2005,Almond Butter 365g,7.58,2026-03-03
IN-KA-019,SKU-2012,Ice Cream Vanilla 1L,4.29,2026-03-10
IN-KA-020,SKU-1004,Greek Yogurt 500g,1.90,2026-03-25
IN-KA-021,SKU-2001,Sparkling Water 6pk,3.32,2026-04-07
IN-KA-022,SKU-2008,Basmati Rice 5kg,12.71,2026-04-24
IN-KA-023,SKU-2015,Spinach Baby 200g,2.49,2026-05-05
IN-KA-024,SKU-1007,Olive Oil 500ml,8.63,2026-05-17
IN-KA-025,SKU-2004,Granola 400g,4.44,2026-05-27
IN-KA-026,SKU-2011,Frozen Pizza Margherita,5.81,2026-06-09
IN-KA-027,SKU-1003,Free Range Eggs 12ct,4.99,2026-06-25
IN-KA-028,SKU-1010,Cheddar Cheese 200g,3.79,2026-01-11
IN-KA-029,SKU-2007,Honey 500g,6.29,2026-01-18
IN-KA-030,SKU-2014,Salmon Fillet 300g,11.49,2026-02-02
IN-DL-001,SKU-1006,Avocado Hass 4pk,5.82,2026-02-17
IN-DL-002,SKU-2003,Ground Coffee 340g,9.97,2026-03-01
IN-DL-003,SKU-2010,Coconut Milk 400ml,2.29,2026-03-11
IN-DL-004,SKU-1002,Whole Wheat Bread,2.13,2026-03-26
IN-DL-005,SKU-1009,Tomato Sauce 400g,2.03,2026-04-10
IN-DL-006,SKU-2006,Dark Chocolate 100g,2.87,2026-04-19
IN-DL-007,SKU-2013,Chicken Breast 500g,8.83,2026-05-08
IN-DL-008,SKU-1005,Bananas 1kg,1.32,2026-05-18
IN-DL-009,SKU-2002,Orange Juice 1L,3.73,2026-05-29
IN-DL-010,SKU-2009,Black Beans 400g,1.33,2026-06-15
IN-DL-011,SKU-1001,Organic Milk 1L,3.41,2026-06-27
IN-DL-012,SKU-1008,Pasta Penne 500g,1.20,2026-01-12
IN-DL-013,SKU-2005,Almond Butter 365g,7.81,2026-01-19
IN-DL-014,SKU-2012,Ice Cream Vanilla 1L,4.16,2026-02-07
IN-DL-015,SKU-1004,Greek Yogurt 500g,1.82,2026-02-19
IN-DL-016,SKU-2001,Sparkling Water 6pk,3.29,2026-03-01
IN-DL-017,SKU-2008,Basmati Rice 5kg,12.35,2026-03-16
IN-DL-018,SKU-2015,Spinach Baby 200g,2.87,2026-03-31
IN-DL-019,SKU-1007,Olive Oil 500ml,9.17,2026-04-13
IN-DL-020,SKU-2004,Granola 400g,4.58,2026-04-23
GB-LN-001,SKU-2011,Frozen Pizza Margherita,6.90,2026-05-04
GB-LN-002,SKU-1003,Free Range Eggs 12ct,5.96,2026-05-17
GB-LN-003,SKU-1010,Cheddar Cheese 200g,4.52,2026-06-02
GB-LN-004,SKU-2007,Honey 500g,7.63,2026-06-11
GB-LN-005,SKU-2014,Salmon Fillet 300g,13.10,2026-06-27
GB-LN-006,SKU-1006,Avocado Hass 4pk,6.06,2026-01-10
GB-LN-007,SKU-2003,Ground Coffee 340g,10.95,2026-01-25
GB-LN-008,SKU-2010,Coconut Milk 400ml,2.71,2026-02-03
GB-LN-009,SKU-1002,Whole Wheat Bread,2.54,2026-02-17
GB-LN-010,SKU-1009,Tomato Sauce 400g,2.42,2026-02-28
GB-LN-011,SKU-2006,Dark Chocolate 100g,3.26,2026-03-19
GB-LN-012,SKU-2013,Chicken Breast 500g,9.96,2026-04-01
GB-LN-013,SKU-1005,Bananas 1kg,1.53,2026-04-12
GB-LN-014,SKU-2002,Orange Juice 1L,4.73,2026-04-24
GB-LN-015,SKU-2009,Black Beans 400g,1.59,2026-05-08
GB-LN-016,SKU-1001,Organic Milk 1L,3.85,2026-05-22
GB-LN-017,SKU-1008,Pasta Penne 500g,1.28,2026-06-03
GB-LN-018,SKU-2005,Almond Butter 365g,8.41,2026-06-12
GB-LN-019,SKU-2012,Ice Cream Vanilla 1L,4.96,2026-06-26
GB-LN-020,SKU-1004,Greek Yogurt 500g,2.00,2026-01-10
GB-LN-021,SKU-2001,Sparkling Water 6pk,3.85,2026-01-24
GB-LN-022,SKU-2008,Basmati Rice 5kg,15.35,2026-02-08
GB-LN-023,SKU-2015,Spinach Baby 200g,3.19,2026-02-16
GB-LN-024,SKU-1007,Olive Oil 500ml,10.19,2026-03-03
GB-LN-025,SKU-2004,Granola 400g,5.18,2026-03-14
DE-BY-001,SKU-2011,Frozen Pizza Margherita,7.42,2026-03-29
DE-BY-002,SKU-1003,Free Range Eggs 12ct,5.36,2026-04-15
DE-BY-003,SKU-1010,Cheddar Cheese 200g,4.33,2026-04-26
DE-BY-004,SKU-2007,Honey 500g,7.18,2026-05-07
DE-BY-005,SKU-2014,Salmon Fillet 300g,13.98,2026-05-24
DE-BY-006,SKU-1006,Avocado Hass 4pk,6.47,2026-06-02
DE-BY-007,SKU-2003,Ground Coffee 340g,11.79,2026-06-15
DE-BY-008,SKU-2010,Coconut Milk 400ml,2.77,2026-06-30
DE-BY-009,SKU-1002,Whole Wheat Bread,2.59,2026-01-15
DE-BY-010,SKU-1009,Tomato Sauce 400g,2.43,2026-01-25
DE-BY-011,SKU-2006,Dark Chocolate 100g,3.70,2026-02-10
DE-BY-012,SKU-2013,Chicken Breast 500g,10.16,2026-02-18
DE-BY-013,SKU-1005,Bananas 1kg,1.41,2026-03-05
DE-BY-014,SKU-2002,Orange Juice 1L,4.37,2026-03-18
DE-BY-015,SKU-2009,Black Beans 400g,1.48,2026-03-31
DE-BY-016,SKU-1001,Organic Milk 1L,4.04,2026-04-15
DE-BY-017,SKU-1008,Pasta Penne 500g,1.35,2026-04-28
DE-BY-018,SKU-2005,Almond Butter 365g,8.09,2026-05-11
DE-BY-019,SKU-2012,Ice Cream Vanilla 1L,4.77,2026-05-24
DE-BY-020,SKU-1004,Greek Yogurt 500g,2.15,2026-06-01
US-NY-001,SKU-2001,Sparkling Water 6pk,3.39,2026-06-15
US-NY-002,SKU-2008,Basmati Rice 5kg,13.51,2026-06-30
US-NY-003,SKU-2015,Spinach Baby 200g,2.93,2026-01-16
US-NY-004,SKU-1007,Olive Oil 500ml,8.54,2026-01-29
US-NY-005,SKU-2004,Granola 400g,4.31,2026-02-07
US-NY-006,SKU-2011,Frozen Pizza Margherita,5.81,2026-02-19
US-NY-007,SKU-1003,Free Range Eggs 12ct,4.89,2026-03-05
US-NY-008,SKU-1010,Cheddar Cheese 200g,3.95,2026-03-21
US-NY-009,SKU-2007,Honey 500g,6.49,2026-03-29
US-NY-010,SKU-2014,Salmon Fillet 300g,12.11,2026-04-17
US-NY-011,SKU-1006,Avocado Hass 4pk,5.60,2026-04-26
US-NY-012,SKU-2003,Ground Coffee 340g,10.29,2026-05-08
US-NY-013,SKU-2010,Coconut Milk 400ml,2.59,2026-05-26
US-NY-014,SKU-1002,Whole Wheat Bread,2.40,2026-06-02
US-NY-015,SKU-1009,Tomato Sauce 400g,1.99,2026-06-21
US-NY-016,SKU-2006,Dark Chocolate 100g,2.87,2026-01-03
US-NY-017,SKU-2013,Chicken Breast 500g,8.24,2026-01-11
US-NY-018,SKU-1005,Bananas 1kg,1.26,2026-01-26
US-NY-019,SKU-2002,Orange Juice 1L,3.85,2026-02-06
US-NY-020,SKU-2009,Black Beans 400g,1.39,2026-02-20
US-NY-021,SKU-1001,Organic Milk 1L,3.52,2026-03-05
US-NY-022,SKU-1008,Pasta Penne 500g,1.21,2026-03-22
US-NY-023,SKU-2005,Almond Butter 365g,7.51,2026-04-05
US-NY-024,SKU-2012,Ice Cream Vanilla 1L,4.46,2026-04-15
US-NY-025,SKU-1004,Greek Yogurt 500g,1.88,2026-04-30
US-NY-026,SKU-2001,Sparkling Water 6pk,3.13,2026-05-13
US-NY-027,SKU-2008,Basmati Rice 5kg,12.47,2026-05-21
US-NY-028,SKU-2015,Spinach Baby 200g,2.71,2026-06-09
US-NY-029,SKU-1007,Olive Oil 500ml,8.81,2026-06-19
US-NY-030,SKU-2004,Granola 400g,4.45,2026-06-29
US-NY-031,SKU-2011,Frozen Pizza Margherita,5.99,2026-01-13
US-NY-032,SKU-1003,Free Range Eggs 12ct,5.04,2026-01-30
US-NY-033,SKU-1010,Cheddar Cheese 200g,4.07,2026-02-12
US-NY-034,SKU-2007,Honey 500g,6.68,2026-02-21
US-NY-035,SKU-2014,Salmon Fillet 300g,12.47,2026-03-07
US-NY-036,SKU-1006,Avocado Hass 4pk,5.76,2026-03-24
US-NY-037,SKU-2003,Ground Coffee 340g,9.49,2026-04-02
US-NY-038,SKU-2010,Coconut Milk 400ml,2.39,2026-04-17
US-NY-039,SKU-1002,Whole Wheat Bread,2.22,2026-05-02
US-NY-040,SKU-1009,Tomato Sauce 400g,2.05,2026-05-12
US-NY-041,SKU-2006,Dark Chocolate 100g,2.96,2026-05-28
US-NY-042,SKU-2013,Chicken Breast 500g,8.49,2026-06-04
US-NY-043,SKU-1005,Bananas 1kg,1.30,2026-06-18
US-NY-044,SKU-2002,Orange Juice 1L,3.97,2026-01-04
US-NY-045,SKU-2009,Black Beans 400g,1.43,2026-01-19
US-NY-046,SKU-1001,Organic Milk 1L,3.63,2026-02-01
US-NY-047,SKU-1008,Pasta Penne 500g,1.25,2026-02-08
US-NY-048,SKU-2005,Almond Butter 365g,6.93,2026-02-26
US-NY-049,SKU-2012,Ice Cream Vanilla 1L,4.12,2026-03-10
US-NY-050,SKU-1004,Greek Yogurt 500g,1.74,2026-03-20
US-CA-001,SKU-2001,Sparkling Water 6pk,3.58,2026-04-06
US-CA-002,SKU-2008,Basmati Rice 5kg,14.53,2026-04-18
US-CA-003,SKU-2015,Spinach Baby 200g,3.01,2026-05-01
US-CA-004,SKU-1007,Olive Oil 500ml,10.35,2026-05-10
US-CA-005,SKU-2004,Granola 400g,5.18,2026-05-24
US-CA-006,SKU-2011,Frozen Pizza Margherita,6.85,2026-06-06
US-CA-007,SKU-1003,Free Range Eggs 12ct,5.86,2026-06-22
US-CA-008,SKU-1010,Cheddar Cheese 200g,4.44,2026-01-01
US-CA-009,SKU-2007,Honey 500g,6.78,2026-01-16
US-CA-010,SKU-2014,Salmon Fillet 300g,12.89,2026-01-29
US-CA-011,SKU-1006,Avocado Hass 4pk,5.59,2026-02-13
US-CA-012,SKU-2003,Ground Coffee 340g,10.87,2026-02-24
US-CA-013,SKU-2010,Coconut Milk 400ml,2.71,2026-03-10
US-CA-014,SKU-1002,Whole Wheat Bread,2.43,2026-03-24
US-CA-015,SKU-1009,Tomato Sauce 400g,2.32,2026-04-08
US-CA-016,SKU-2006,Dark Chocolate 100g,3.23,2026-04-16
US-CA-017,SKU-2013,Chicken Breast 500g,9.79,2026-05-01
US-CA-018,SKU-1005,Bananas 1kg,1.48,2026-05-15
US-CA-019,SKU-2002,Orange Juice 1L,4.37,2026-05-28
US-CA-020,SKU-2009,Black Beans 400g,1.48,2026-06-12
US-CA-021,SKU-1001,Organic Milk 1L,3.75,2026-06-25
US-CA-022,SKU-1008,Pasta Penne 500g,1.24,2026-01-06
US-CA-023,SKU-2005,Almond Butter 365g,8.07,2026-01-21
US-CA-024,SKU-2012,Ice Cream Vanilla 1L,4.84,2026-01-31
US-CA-025,SKU-1004,Greek Yogurt 500g,1.92,2026-02-11
US-CA-026,SKU-2001,Sparkling Water 6pk,3.69,2026-02-26
US-CA-027,SKU-2008,Basmati Rice 5kg,14.97,2026-03-10
US-CA-028,SKU-2015,Spinach Baby 200g,3.10,2026-03-22
US-CA-029,SKU-1007,Olive Oil 500ml,10.66,2026-04-07
US-CA-030,SKU-2004,Granola 400g,5.33,2026-04-19
US-CA-031,SKU-2011,Frozen Pizza Margherita,6.32,2026-05-02
US-CA-032,SKU-1003,Free Range Eggs 12ct,5.41,2026-05-13
US-CA-033,SKU-1010,Cheddar Cheese 200g,4.10,2026-05-30
US-CA-034,SKU-2007,Honey 500g,7.00,2026-06-08
US-CA-035,SKU-2014,Salmon Fillet 300g,13.29,2026-06-20
US-CA-036,SKU-1006,Avocado Hass 4pk,5.76,2026-01-09
US-CA-037,SKU-2003,Ground Coffee 340g,11.20,2026-01-22
US-CA-038,SKU-2010,Coconut Milk 400ml,2.79,2026-01-31
US-CA-039,SKU-1002,Whole Wheat Bread,2.50,2026-02-15
US-CA-040,SKU-1009,Tomato Sauce 400g,2.39,2026-02-25
US-CA-041,SKU-2006,Dark Chocolate 100g,3.33,2026-03-09
US-CA-042,SKU-2013,Chicken Breast 500g,9.03,2026-03-23
US-CA-043,SKU-1005,Bananas 1kg,1.36,2026-04-10
US-CA-044,SKU-2002,Orange Juice 1L,4.04,2026-04-23
US-CA-045,SKU-2009,Black Beans 400g,1.53,2026-05-05
US-CA-046,SKU-1001,Organic Milk 1L,3.87,2026-05-15
US-CA-047,SKU-1008,Pasta Penne 500g,1.27,2026-05-27
US-CA-048,SKU-2005,Almond Butter 365g,8.32,2026-06-11
US-CA-049,SKU-2012,Ice Cream Vanilla 1L,4.99,2026-06-25
US-CA-050,SKU-1004,Greek Yogurt 500g,1.97,2026-01-04
US-TX-001,SKU-2001,Sparkling Water 6pk,3.42,2026-01-21
US-TX-002,SKU-2008,Basmati Rice 5kg,13.64,2026-02-05
US-TX-003,SKU-2015,Spinach Baby 200g,2.65,2026-02-12
US-TX-004,SKU-1007,Olive Oil 500ml,8.63,2026-03-02
US-TX-005,SKU-2004,Granola 400g,4.36,2026-03-16
US-TX-006,SKU-2011,Frozen Pizza Margherita,5.87,2026-03-27
US-TX-007,SKU-1003,Free Range Eggs 12ct,4.94,2026-04-06
US-TX-008,SKU-1010,Cheddar Cheese 200g,3.99,2026-04-18
US-TX-009,SKU-2007,Honey 500g,6.55,2026-05-05
US-TX-010,SKU-2014,Salmon Fillet 300g,12.23,2026-05-18
US-TX-011,SKU-1006,Avocado Hass 4pk,5.65,2026-05-28
US-TX-012,SKU-2003,Ground Coffee 340g,10.39,2026-06-10
US-TX-013,SKU-2010,Coconut Milk 400ml,2.61,2026-06-25
US-TX-014,SKU-1002,Whole Wheat Bread,2.18,2026-01-11
US-TX-015,SKU-1009,Tomato Sauce 400g,2.01,2026-01-24
US-TX-016,SKU-2006,Dark Chocolate 100g,2.90,2026-01-31
US-TX-017,SKU-2013,Chicken Breast 500g,8.32,2026-02-13
US-TX-018,SKU-1005,Bananas 1kg,1.28,2026-02-26
US-TX-019,SKU-2002,Orange Juice 1L,3.89,2026-03-17
US-TX-020,SKU-2009,Black Beans 400g,1.40,2026-03-28
US-TX-021,SKU-1001,Organic Milk 1L,3.56,2026-04-08
US-TX-022,SKU-1008,Pasta Penne 500g,1.23,2026-04-20
US-TX-023,SKU-2005,Almond Butter 365g,7.58,2026-05-07
US-TX-024,SKU-2012,Ice Cream Vanilla 1L,4.50,2026-05-20
US-TX-025,SKU-1004,Greek Yogurt 500g,1.70,2026-06-03
US-TX-026,SKU-2001,Sparkling Water 6pk,3.16,2026-06-10
US-TX-027,SKU-2008,Basmati Rice 5kg,12.60,2026-06-29
US-TX-028,SKU-2015,Spinach Baby 200g,2.73,2026-01-07
US-TX-029,SKU-1007,Olive Oil 500ml,8.90,2026-01-20
US-TX-030,SKU-2004,Granola 400g,4.49,2026-02-06
US-TX-031,SKU-2011,Frozen Pizza Margherita,6.05,2026-02-16
US-TX-032,SKU-1003,Free Range Eggs 12ct,5.09,2026-02-27
US-TX-033,SKU-1010,Cheddar Cheese 200g,4.11,2026-03-12
US-TX-034,SKU-2007,Honey 500g,6.75,2026-03-26
US-TX-035,SKU-2014,Salmon Fillet 300g,12.59,2026-04-07
US-TX-036,SKU-1006,Avocado Hass 4pk,5.22,2026-04-23
US-TX-037,SKU-2003,Ground Coffee 340g,9.59,2026-05-07
US-TX-038,SKU-2010,Coconut Milk 400ml,2.42,2026-05-18
US-TX-039,SKU-1002,Whole Wheat Bread,2.24,2026-05-29
US-TX-040,SKU-1009,Tomato Sauce 400g,2.07,2026-06-15
US-FL-001,SKU-2006,Dark Chocolate 100g,2.99,2026-06-26
US-FL-002,SKU-2013,Chicken Breast 500g,8.57,2026-01-10
US-FL-003,SKU-1005,Bananas 1kg,1.32,2026-01-25
US-FL-004,SKU-2002,Orange Juice 1L,4.01,2026-02-04
US-FL-005,SKU-2009,Black Beans 400g,1.45,2026-02-18
US-FL-006,SKU-1001,Organic Milk 1L,3.66,2026-02-28
US-FL-007,SKU-1008,Pasta Penne 500g,1.13,2026-03-16
US-FL-008,SKU-2005,Almond Butter 365g,7.00,2026-03-30
US-FL-009,SKU-2012,Ice Cream Vanilla 1L,4.16,2026-04-08
US-FL-010,SKU-1004,Greek Yogurt 500g,1.75,2026-04-25
US-FL-011,SKU-2001,Sparkling Water 6pk,3.26,2026-05-04
US-FL-012,SKU-2008,Basmati Rice 5kg,12.99,2026-05-18
US-FL-013,SKU-2015,Spinach Baby 200g,2.82,2026-05-30
US-FL-014,SKU-1007,Olive Oil 500ml,9.17,2026-06-13
US-FL-015,SKU-2004,Granola 400g,4.62,2026-06-30
US-FL-016,SKU-2011,Frozen Pizza Margherita,6.23,2026-01-10
US-FL-017,SKU-1003,Free Range Eggs 12ct,5.24,2026-01-26
US-FL-018,SKU-1010,Cheddar Cheese 200g,3.79,2026-02-07
US-FL-019,SKU-2007,Honey 500g,6.23,2026-02-22
US-FL-020,SKU-2014,Salmon Fillet 300g,11.63,2026-03-05
US-FL-021,SKU-1006,Avocado Hass 4pk,5.38,2026-03-17
US-FL-022,SKU-2003,Ground Coffee 340g,9.89,2026-03-30
US-FL-023,SKU-2010,Coconut Milk 400ml,2.49,2026-04-15
US-FL-024,SKU-1002,Whole Wheat Bread,2.31,2026-04-28
US-FL-025,SKU-1009,Tomato Sauce 400g,2.13,2026-05-05
US-FL-026,SKU-2006,Dark Chocolate 100g,3.08,2026-05-19
US-FL-027,SKU-2013,Chicken Breast 500g,8.83,2026-06-02
US-FL-028,SKU-1005,Bananas 1kg,1.35,2026-06-19
US-FL-029,SKU-2002,Orange Juice 1L,3.70,2026-06-26
US-FL-030,SKU-2009,Black Beans 400g,1.33,2026-01-15
IN-MH-001,SKU-1001,Organic Milk 1L,3.28,2026-01-28
IN-MH-002,SKU-1008,Pasta Penne 500g,1.10,2026-02-06
IN-MH-003,SKU-2005,Almond Butter 365g,7.14,2026-02-19
IN-MH-004,SKU-2012,Ice Cream Vanilla 1L,4.12,2026-03-02
IN-MH-005,SKU-1004,Greek Yogurt 500g,1.70,2026-03-20
IN-MH-006,SKU-2001,Sparkling Water 6pk,3.49,2026-03-28
IN-MH-007,SKU-2008,Basmati Rice 5kg,12.71,2026-04-15
IN-MH-008,SKU-2015,Spinach Baby 200g,2.70,2026-04-25
IN-MH-009,SKU-1007,Olive Oil 500ml,9.63,2026-05-08
IN-MH-010,SKU-2004,Granola 400g,4.22,2026-05-20
IN-MH-011,SKU-2011,Frozen Pizza Margherita,5.58,2026-06-01
IN-MH-012,SKU-1003,Free Range Eggs 12ct,4.94,2026-06-15
IN-MH-013,SKU-1010,Cheddar Cheese 200g,3.75,2026-01-01
IN-MH-014,SKU-2007,Honey 500g,6.55,2026-01-12
IN-MH-015,SKU-2014,Salmon Fillet 300g,11.87,2026-01-27
IN-MH-016,SKU-1006,Avocado Hass 4pk,5.32,2026-02-06
IN-MH-017,SKU-2003,Ground Coffee 340g,10.39,2026-02-22
IN-MH-018,SKU-2010,Coconut Milk 400ml,2.39,2026-03-07
IN-MH-019,SKU-1002,Whole Wheat Bread,2.43,2026-03-17
IN-MH-020,SKU-1009,Tomato Sauce 400g,2.13,2026-04-04
IN-MH-021,SKU-2006,Dark Chocolate 100g,2.73,2026-04-16
IN-MH-022,SKU-2013,Chicken Breast 500g,8.07,2026-04-24
IN-MH-023,SKU-1005,Bananas 1kg,1.21,2026-05-11
IN-MH-024,SKU-2002,Orange Juice 1L,3.77,2026-05-26
IN-MH-025,SKU-2009,Black Beans 400g,1.40,2026-06-07
IN-MH-026,SKU-1001,Organic Milk 1L,3.28,2026-06-20
IN-MH-027,SKU-1008,Pasta Penne 500g,1.13,2026-06-28
IN-MH-028,SKU-2005,Almond Butter 365g,7.36,2026-01-13
IN-MH-029,SKU-2012,Ice Cream Vanilla 1L,4.24,2026-01-27
IN-MH-030,SKU-1004,Greek Yogurt 500g,1.75,2026-02-11
IN-MH-031,SKU-2001,Sparkling Water 6pk,3.56,2026-02-21
IN-MH-032,SKU-2008,Basmati Rice 5kg,12.71,2026-03-10
IN-MH-033,SKU-2015,Spinach Baby 200g,2.52,2026-03-17
IN-MH-034,SKU-1007,Olive Oil 500ml,9.16,2026-03-31
IN-MH-035,SKU-2004,Granola 400g,4.53,2026-04-13
IN-MH-036,SKU-2011,Frozen Pizza Margherita,5.93,2026-04-29
IN-MH-037,SKU-1003,Free Range Eggs 12ct,4.94,2026-05-10
IN-MH-038,SKU-1010,Cheddar Cheese 200g,4.23,2026-05-21
IN-MH-039,SKU-2007,Honey 500g,6.42,2026-06-03
IN-MH-040,SKU-2014,Salmon Fillet 300g,11.86,2026-06-21
IN-KA-001,SKU-1006,Avocado Hass 4pk,5.54,2026-01-02
IN-KA-002,SKU-2003,Ground Coffee 340g,11.01,2026-01-17
IN-KA-003,SKU-2010,Coconut Milk 400ml,2.22,2026-01-29
IN-KA-004,SKU-1002,Whole Wheat Bread,2.31,2026-02-10
IN-KA-005,SKU-1009,Tomato Sauce 400g,1.91,2026-02-24
IN-KA-006,SKU-2006,Dark Chocolate 100g,2.75,2026-03-09
IN-KA-007,SKU-2013,Chicken Breast 500g,8.41,2026-03-18
IN-KA-008,SKU-1005,Bananas 1kg,1.29,2026-03-31
IN-KA-009,SKU-2002,Orange Juice 1L,3.65,2026-04-17
IN-KA-010,SKU-2009,Black Beans 400g,1.39,2026-04-29
IN-KA-011,SKU-1001,Organic Milk 1L,3.70,2026-05-13
IN-KA-012,SKU-1008,Pasta Penne 500g,1.20,2026-05-23
IN-KA-013,SKU-2005,Almond Butter 365g,7.96,2026-06-04
IN-KA-014,SKU-2012,Ice Cream Vanilla 1L,4.03,2026-06-23
IN-KA-015,SKU-1004,Greek Yogurt 500g,1.77,2026-01-04
IN-KA-016,SKU-2001,Sparkling Water 6pk,3.03,2026-01-15
IN-KA-017,SKU-2008,Basmati Rice 5kg,12.48,2026-01-30
IN-KA-018,SKU-2015,Spinach Baby 200g,2.62,2026-02-14
IN-KA-019,SKU-1007,Olive Oil 500ml,8.81,2026-02-21
IN-KA-020,SKU-2004,Granola 400g,4.72,2026-03-08
IN-KA-021,SKU-2011,Frozen Pizza Margherita,6.05,2026-03-21
IN-KA-022,SKU-1003,Free Range Eggs 12ct,5.14,2026-04-07
IN-KA-023,SKU-1010,Cheddar Cheese 200g,4.11,2026-04-18
IN-KA-024,SKU-2007,Honey 500g,6.41,2026-04-30
IN-KA-025,SKU-2014,Salmon Fillet 300g,11.50,2026-05-10
IN-KA-026,SKU-1006,Avocado Hass 4pk,5.38,2026-05-23
IN-KA-027,SKU-2003,Ground Coffee 340g,9.11,2026-06-08
IN-KA-028,SKU-2010,Coconut Milk 400ml,2.49,2026-06-24
IN-KA-029,SKU-1002,Whole Wheat Bread,2.15,2026-01-01
IN-KA-030,SKU-1009,Tomato Sauce 400g,2.17,2026-01-16
IN-DL-001,SKU-2006,Dark Chocolate 100g,2.99,2026-01-31
IN-DL-002,SKU-2013,Chicken Breast 500g,8.75,2026-02-12
IN-DL-003,SKU-1005,Bananas 1kg,1.34,2026-02-22
IN-DL-004,SKU-2002,Orange Juice 1L,4.25,2026-03-09
IN-DL-005,SKU-2009,Black Beans 400g,1.47,2026-03-24
IN-DL-006,SKU-1001,Organic Milk 1L,3.05,2026-04-02
IN-DL-007,SKU-1008,Pasta Penne 500g,1.17,2026-04-21
IN-DL-008,SKU-2005,Almond Butter 365g,7.14,2026-05-01
IN-DL-009,SKU-2012,Ice Cream Vanilla 1L,4.25,2026-05-12
IN-DL-010,SKU-1004,Greek Yogurt 500g,1.88,2026-05-29
IN-DL-011,SKU-2001,Sparkling Water 6pk,3.22,2026-06-10
IN-DL-012,SKU-2008,Basmati Rice 5kg,12.07,2026-06-25
IN-DL-013,SKU-2015,Spinach Baby 200g,2.99,2026-01-02
IN-DL-014,SKU-1007,Olive Oil 500ml,8.61,2026-01-21
IN-DL-015,SKU-2004,Granola 400g,4.86,2026-02-02
IN-DL-016,SKU-2011,Frozen Pizza Margherita,6.10,2026-02-12
IN-DL-017,SKU-1003,Free Range Eggs 12ct,4.69,2026-02-27
IN-DL-018,SKU-1010,Cheddar Cheese 200g,3.52,2026-03-14
IN-DL-019,SKU-2007,Honey 500g,6.17,2026-03-27
IN-DL-020,SKU-2014,Salmon Fillet 300g,10.93,2026-04-06
GB-LN-001,SKU-1006,Avocado Hass 4pk,6.14,2026-04-17
GB-LN-002,SKU-2003,Ground Coffee 340g,11.59,2026-04-30
GB-LN-003,SKU-2010,Coconut Milk 400ml,2.74,2026-05-16
GB-LN-004,SKU-1002,Whole Wheat Bread,2.62,2026-05-25
GB-LN-005,SKU-1009,Tomato Sauce 400g,2.48,2026-06-10
GB-LN-006,SKU-2006,Dark Chocolate 100g,3.58,2026-06-23
GB-LN-007,SKU-2013,Chicken Breast 500g,10.07,2026-01-08
GB-LN-008,SKU-1005,Bananas 1kg,1.36,2026-01-17
GB-LN-009,SKU-2002,Orange Juice 1L,4.18,2026-01-31
GB-LN-010,SKU-2009,Black Beans 400g,1.56,2026-02-11
GB-LN-011,SKU-1001,Organic Milk 1L,3.69,2026-03-02
GB-LN-012,SKU-1008,Pasta Penne 500g,1.35,2026-03-15
GB-LN-013,SKU-2005,Almond Butter 365g,8.38,2026-03-26
GB-LN-014,SKU-2012,Ice Cream Vanilla 1L,5.07,2026-04-07
GB-LN-015,SKU-1004,Greek Yogurt 500g,1.99,2026-04-21
GB-LN-016,SKU-2001,Sparkling Water 6pk,3.93,2026-05-05
GB-LN-017,SKU-2008,Basmati Rice 5kg,15.13,2026-05-17
GB-LN-018,SKU-2015,Spinach Baby 200g,3.49,2026-05-26
GB-LN-019,SKU-1007,Olive Oil 500ml,10.08,2026-06-09
GB-LN-020,SKU-2004,Granola 400g,4.87,2026-06-23
GB-LN-021,SKU-2011,Frozen Pizza Margherita,6.80,2026-01-07
GB-LN-022,SKU-1003,Free Range Eggs 12ct,5.72,2026-01-22
GB-LN-023,SKU-1010,Cheddar Cheese 200g,4.42,2026-01-30
GB-LN-024,SKU-2007,Honey 500g,7.14,2026-02-14
GB-LN-025,SKU-2014,Salmon Fillet 300g,13.44,2026-02-25
DE-BY-001,SKU-1006,Avocado Hass 4pk,6.61,2026-03-12
DE-BY-002,SKU-2003,Ground Coffee 340g,11.63,2026-03-29
DE-BY-003,SKU-2010,Coconut Milk 400ml,2.93,2026-04-09
DE-BY-004,SKU-1002,Whole Wheat Bread,2.74,2026-04-20
DE-BY-005,SKU-1009,Tomato Sauce 400g,2.36,2026-05-07
DE-BY-006,SKU-2006,Dark Chocolate 100g,3.42,2026-05-16
DE-BY-007,SKU-2013,Chicken Breast 500g,9.72,2026-05-29
DE-BY-008,SKU-1005,Bananas 1kg,1.39,2026-06-13
DE-BY-009,SKU-2002,Orange Juice 1L,4.27,2026-06-28
DE-BY-010,SKU-2009,Black Beans 400g,1.57,2026-01-08
DE-BY-011,SKU-1001,Organic Milk 1L,4.19,2026-01-24
DE-BY-012,SKU-1008,Pasta Penne 500g,1.38,2026-02-01
DE-BY-013,SKU-2005,Almond Butter 365g,8.64,2026-02-16
DE-BY-014,SKU-2012,Ice Cream Vanilla 1L,5.22,2026-03-01
DE-BY-015,SKU-1004,Greek Yogurt 500g,2.07,2026-03-14
DE-BY-016,SKU-2001,Sparkling Water 6pk,3.69,2026-03-29
DE-BY-017,SKU-2008,Basmati Rice 5kg,14.34,2026-04-11
DE-BY-018,SKU-2015,Spinach Baby 200g,3.00,2026-04-24
DE-BY-019,SKU-1007,Olive Oil 500ml,9.69,2026-05-07
DE-BY-020,SKU-2004,Granola 400g,5.25,2026-05-15
US-NY-001,SKU-2011,Frozen Pizza Margherita,5.99,2026-05-29
US-NY-002,SKU-1003,Free Range Eggs 12ct,5.04,2026-06-13
US-NY-003,SKU-1010,Cheddar Cheese 200g,4.07,2026-06-29
US-NY-004,SKU-2007,Honey 500g,6.68,2026-01-12
US-NY-005,SKU-2014,Salmon Fillet 300g,12.47,2026-01-21
US-NY-006,SKU-1006,Avocado Hass 4pk,5.76,2026-02-02
US-NY-007,SKU-2003,Ground Coffee 340g,9.49,2026-02-16
US-NY-008,SKU-2010,Coconut Milk 400ml,2.39,2026-03-04
US-NY-009,SKU-1002,Whole Wheat Bread,2.22,2026-03-12
US-NY-010,SKU-1009,Tomato Sauce 400g,2.05,2026-03-31
US-NY-011,SKU-2006,Dark Chocolate 100g,2.96,2026-04-09
US-NY-012,SKU-2013,Chicken Breast 500g,8.49,2026-04-21
US-NY-013,SKU-1005,Bananas 1kg,1.30,2026-05-09
US-NY-014,SKU-2002,Orange Juice 1L,3.97,2026-05-16
US-NY-015,SKU-2009,Black Beans 400g,1.43,2026-06-04
US-NY-016,SKU-1001,Organic Milk 1L,3.63,2026-06-16
US-NY-017,SKU-1008,Pasta Penne 500g,1.25,2026-06-24
US-NY-018,SKU-2005,Almond Butter 365g,6.93,2026-01-09
US-NY-019,SKU-2012,Ice Cream Vanilla 1L,4.12,2026-01-20
US-NY-020,SKU-1004,Greek Yogurt 500g,1.74,2026-02-03
US-NY-021,SKU-2001,Sparkling Water 6pk,3.22,2026-02-16
US-NY-022,SKU-2008,Basmati Rice 5kg,12.86,2026-03-05
US-NY-023,SKU-2015,Spinach Baby 200g,2.79,2026-03-19
US-NY-024,SKU-1007,Olive Oil 500ml,9.08,2026-03-29
US-NY-025,SKU-2004,Granola 400g,4.58,2026-04-13
US-NY-026,SKU-2011,Frozen Pizza Margherita,6.17,2026-04-26
US-NY-027,SKU-1003,Free Range Eggs 12ct,5.19,2026-05-04
US-NY-028,SKU-1010,Cheddar Cheese 200g,4.19,2026-05-23
US-NY-029,SKU-2007,Honey 500g,6.17,2026-06-02
US-NY-030,SKU-2014,Salmon Fillet 300g,11.51,2026-06-12
US-NY-031,SKU-1006,Avocado Hass 4pk,5.33,2026-06-26
US-NY-032,SKU-2003,Ground Coffee 340g,9.79,2026-01-13
US-NY-033,SKU-2010,Coconut Milk 400ml,2.47,2026-01-26
US-NY-034,SKU-1002,Whole Wheat Bread,2.29,2026-02-04
US-NY-035,SKU-1009,Tomato Sauce 400g,2.11,2026-02-18
US-NY-036,SKU-2006,Dark Chocolate 100g,3.05,2026-03-07
US-NY-037,SKU-2013,Chicken Breast 500g,8.74,2026-03-16
US-NY-038,SKU-1005,Bananas 1kg,1.34,2026-03-31
US-NY-039,SKU-2002,Orange Juice 1L,4.08,2026-04-15
US-NY-040,SKU-2009,Black Beans 400g,1.32,2026-04-25
US-NY-041,SKU-1001,Organic Milk 1L,3.35,2026-05-11
US-NY-042,SKU-1008,Pasta Penne 500g,1.15,2026-05-18
US-NY-043,SKU-2005,Almond Butter 365g,7.14,2026-06-01
US-NY-044,SKU-2012,Ice Cream Vanilla 1L,4.25,2026-06-17
US-NY-045,SKU-1004,Greek Yogurt 500g,1.79,2026-01-02
US-NY-046,SKU-2001,Sparkling Water 6pk,3.32,2026-01-15
US-NY-047,SKU-2008,Basmati Rice 5kg,13.25,2026-01-22
US-NY-048,SKU-2015,Spinach Baby 200g,2.87,2026-02-09
US-NY-049,SKU-1007,Olive Oil 500ml,9.35,2026-02-21
US-NY-050,SKU-2004,Granola 400g,4.71,2026-03-03
US-CA-001,SKU-2011,Frozen Pizza Margherita,6.32,2026-03-20
US-CA-002,SKU-1003,Free Range Eggs 12ct,5.41,2026-04-01
US-CA-003,SKU-1010,Cheddar Cheese 200g,4.10,2026-04-14
US-CA-004,SKU-2007,Honey 500g,7.00,2026-04-23
US-CA-005,SKU-2014,Salmon Fillet 300g,13.29,2026-05-07
US-CA-006,SKU-1006,Avocado Hass 4pk,5.76,2026-05-20
US-CA-007,SKU-2003,Ground Coffee 340g,11.20,2026-06-05
US-CA-008,SKU-2010,Coconut Milk 400ml,2.79,2026-06-14
US-CA-009,SKU-1002,Whole Wheat Bread,2.50,2026-06-29
US-CA-010,SKU-1009,Tomato Sauce 400g,2.39,2026-01-12
US-CA-011,SKU-2006,Dark Chocolate 100g,3.33,2026-01-27
US-CA-012,SKU-2013,Chicken Breast 500g,9.03,2026-02-07
US-CA-013,SKU-1005,Bananas 1kg,1.36,2026-02-21
US-CA-014,SKU-2002,Orange Juice 1L,4.04,2026-03-07
US-CA-015,SKU-2009,Black Beans 400g,1.53,2026-03-22
US-CA-016,SKU-1001,Organic Milk 1L,3.87,2026-03-30
US-CA-017,SKU-1008,Pasta Penne 500g,1.27,2026-04-14
US-CA-018,SKU-2005,Almond Butter 365g,8.32,2026-04-28
US-CA-019,SKU-2012,Ice Cream Vanilla 1L,4.99,2026-05-11
US-CA-020,SKU-1004,Greek Yogurt 500g,1.97,2026-05-26
US-CA-021,SKU-2001,Sparkling Water 6pk,3.80,2026-06-08
US-CA-022,SKU-2008,Basmati Rice 5kg,15.41,2026-06-19
US-CA-023,SKU-2015,Spinach Baby 200g,2.86,2026-01-04
US-CA-024,SKU-1007,Olive Oil 500ml,9.84,2026-01-14
US-CA-025,SKU-2004,Granola 400g,4.92,2026-01-25
US-CA-026,SKU-2011,Frozen Pizza Margherita,6.52,2026-02-09
US-CA-027,SKU-1003,Free Range Eggs 12ct,5.58,2026-02-21
US-CA-028,SKU-1010,Cheddar Cheese 200g,4.23,2026-03-05
US-CA-029,SKU-2007,Honey 500g,7.21,2026-03-21
US-CA-030,SKU-2014,Salmon Fillet 300g,13.70,2026-04-02
US-CA-031,SKU-1006,Avocado Hass 4pk,5.94,2026-04-15
US-CA-032,SKU-2003,Ground Coffee 340g,11.53,2026-04-26
US-CA-033,SKU-2010,Coconut Milk 400ml,2.88,2026-05-13
US-CA-034,SKU-1002,Whole Wheat Bread,2.31,2026-05-22
US-CA-035,SKU-1009,Tomato Sauce 400g,2.21,2026-06-03
US-CA-036,SKU-2006,Dark Chocolate 100g,3.07,2026-06-22
US-CA-037,SKU-2013,Chicken Breast 500g,9.32,2026-01-05
US-CA-038,SKU-1005,Bananas 1kg,1.40,2026-01-14
US-CA-039,SKU-2002,Orange Juice 1L,4.16,2026-01-29
US-CA-040,SKU-2009,Black Beans 400g,1.57,2026-02-08
US-CA-041,SKU-1001,Organic Milk 1L,3.99,2026-02-20
US-CA-042,SKU-1008,Pasta Penne 500g,1.31,2026-03-06
US-CA-043,SKU-2005,Almond Butter 365g,8.57,2026-03-24
US-CA-044,SKU-2012,Ice Cream Vanilla 1L,5.14,2026-04-06
US-CA-045,SKU-1004,Greek Yogurt 500g,1.82,2026-04-18
US-CA-046,SKU-2001,Sparkling Water 6pk,3.51,2026-04-28
US-CA-047,SKU-2008,Basmati Rice 5kg,14.24,2026-05-10
US-CA-048,SKU-2015,Spinach Baby 200g,2.95,2026-05-25
US-CA-049,SKU-1007,Olive Oil 500ml,10.15,2026-06-08
US-CA-050,SKU-2004,Granola 400g,5.07,2026-06-17
US-TX-001,SKU-2011,Frozen Pizza Margherita,6.05,2026-01-04
US-TX-002,SKU-1003,Free Range Eggs 12ct,5.09,2026-01-19
US-TX-003,SKU-1010,Cheddar Cheese 200g,4.11,2026-01-26
US-TX-004,SKU-2007,Honey 500g,6.75,2026-02-13
US-TX-005,SKU-2014,Salmon Fillet 300g,12.59,2026-02-27
US-TX-006,SKU-1006,Avocado Hass 4pk,5.22,2026-03-10
US-TX-007,SKU-2003,Ground Coffee 340g,9.59,2026-03-20
US-TX-008,SKU-2010,Coconut Milk 400ml,2.42,2026-04-01
US-TX-009,SKU-1002,Whole Wheat Bread,2.24,2026-04-18
US-TX-010,SKU-1009,Tomato Sauce 400g,2.07,2026-05-01
US-TX-011,SKU-2006,Dark Chocolate 100g,2.99,2026-05-11
US-TX-012,SKU-2013,Chicken Breast 500g,8.57,2026-05-24
US-TX-013,SKU-1005,Bananas 1kg,1.32,2026-06-08
US-TX-014,SKU-2002,Orange Juice 1L,4.01,2026-06-24
US-TX-015,SKU-2009,Black Beans 400g,1.45,2026-01-07
US-TX-016,SKU-1001,Organic Milk 1L,3.66,2026-01-14
US-TX-017,SKU-1008,Pasta Penne 500g,1.13,2026-01-27
US-TX-018,SKU-2005,Almond Butter 365g,7.00,2026-02-09
US-TX-019,SKU-2012,Ice Cream Vanilla 1L,4.16,2026-02-28
US-TX-020,SKU-1004,Greek Yogurt 500g,1.75,2026-03-11
US-TX-021,SKU-2001,Sparkling Water 6pk,3.26,2026-03-22
US-TX-022,SKU-2008,Basmati Rice 5kg,12.99,2026-04-03
US-TX-023,SKU-2015,Spinach Baby 200g,2.82,2026-04-20
US-TX-024,SKU-1007,Olive Oil 500ml,9.17,2026-05-03
US-TX-025,SKU-2004,Granola 400g,4.62,2026-05-17
US-TX-026,SKU-2011,Frozen Pizza Margherita,6.23,2026-05-24
US-TX-027,SKU-1003,Free Range Eggs 12ct,5.24,2026-06-12
US-TX-028,SKU-1010,Cheddar Cheese 200g,3.79,2026-06-20
US-TX-029,SKU-2007,Honey 500g,6.23,2026-01-03
US-TX-030,SKU-2014,Salmon Fillet 300g,11.63,2026-01-20
US-TX-031,SKU-1006,Avocado Hass 4pk,5.38,2026-01-30
US-TX-032,SKU-2003,Ground Coffee 340g,9.89,2026-02-10
US-TX-033,SKU-2010,Coconut Milk 400ml,2.49,2026-02-23
US-TX-034,SKU-1002,Whole Wheat Bread,2.31,2026-03-09
US-TX-035,SKU-1009,Tomato Sauce 400g,2.13,2026-03-21
US-TX-036,SKU-2006,Dark Chocolate 100g,3.08,2026-04-06
US-TX-037,SKU-2013,Chicken Breast 500g,8.83,2026-04-20
US-TX-038,SKU-1005,Bananas 1kg,1.35,2026-05-01
US-TX-039,SKU-2002,Orange Juice 1L,3.70,2026-05-12
US-TX-040,SKU-2009,Black Beans 400g,1.33,2026-05-29
US-FL-001,SKU-1001,Organic Milk 1L,3.39,2026-06-09
US-FL-002,SKU-1008,Pasta Penne 500g,1.17,2026-06-23
US-FL-003,SKU-2005,Almond Butter 365g,7.22,2026-01-08
US-FL-004,SKU-2012,Ice Cream Vanilla 1L,4.29,2026-01-18
US-FL-005,SKU-1004,Greek Yogurt 500g,1.81,2026-02-01
US-FL-006,SKU-2001,Sparkling Water 6pk,3.36,2026-02-11
US-FL-007,SKU-2008,Basmati Rice 5kg,13.38,2026-02-27
US-FL-008,SKU-2015,Spinach Baby 200g,2.90,2026-03-13
US-FL-009,SKU-1007,Olive Oil 500ml,9.44,2026-03-22
US-FL-010,SKU-2004,Granola 400g,4.27,2026-04-08
US-FL-011,SKU-2011,Frozen Pizza Margherita,5.75,2026-04-17
US-FL-012,SKU-1003,Free Range Eggs 12ct,4.84,2026-05-01
US-FL-013,SKU-1010,Cheddar Cheese 200g,3.91,2026-05-13
US-FL-014,SKU-2007,Honey 500g,6.43,2026-05-27
US-FL-015,SKU-2014,Salmon Fillet 300g,11.99,2026-06-13
US-FL-016,SKU-1006,Avocado Hass 4pk,5.54,2026-06-23
US-FL-017,SKU-2003,Ground Coffee 340g,10.19,2026-01-09
US-FL-018,SKU-2010,Coconut Milk 400ml,2.56,2026-01-21
US-FL-019,SKU-1002,Whole Wheat Bread,2.38,2026-02-05
US-FL-020,SKU-1009,Tomato Sauce 400g,2.19,2026-02-16
US-FL-021,SKU-2006,Dark Chocolate 100g,2.84,2026-02-28
US-FL-022,SKU-2013,Chicken Breast 500g,8.15,2026-03-13
US-FL-023,SKU-1005,Bananas 1kg,1.25,2026-03-29
US-FL-024,SKU-2002,Orange Juice 1L,3.81,2026-04-11
US-FL-025,SKU-2009,Black Beans 400g,1.38,2026-04-18
US-FL-026,SKU-1001,Organic Milk 1L,3.49,2026-05-02
US-FL-027,SKU-1008,Pasta Penne 500g,1.20,2026-05-16
US-FL-028,SKU-2005,Almond Butter 365g,7.44,2026-06-02
US-FL-029,SKU-2012,Ice Cream Vanilla 1L,4.42,2026-06-09
US-FL-030,SKU-1004,Greek Yogurt 500g,1.86,2026-06-28
IN-MH-001,SKU-2001,Sparkling Water 6pk,3.59,2026-01-11
IN-MH-002,SKU-2008,Basmati Rice 5kg,12.46,2026-01-20
IN-MH-003,SKU-2015,Spinach Baby 200g,2.52,2026-02-02
IN-MH-004,SKU-1007,Olive Oil 500ml,8.81,2026-02-13
IN-MH-005,SKU-2004,Granola 400g,4.05,2026-03-03
IN-MH-006,SKU-2011,Frozen Pizza Margherita,5.46,2026-03-11
IN-MH-007,SKU-1003,Free Range Eggs 12ct,4.64,2026-03-29
IN-MH-008,SKU-1010,Cheddar Cheese 200g,3.79,2026-04-08
IN-MH-009,SKU-2007,Honey 500g,7.02,2026-04-21
IN-MH-010,SKU-2014,Salmon Fillet 300g,11.86,2026-05-03
IN-MH-011,SKU-1006,Avocado Hass 4pk,5.60,2026-05-15
IN-MH-012,SKU-2003,Ground Coffee 340g,10.59,2026-05-29
IN-MH-013,SKU-2010,Coconut Milk 400ml,2.32,2026-06-14
IN-MH-014,SKU-1002,Whole Wheat Bread,2.04,2026-06-25
IN-MH-015,SKU-1009,Tomato Sauce 400g,2.11,2026-01-10
IN-MH-016,SKU-2006,Dark Chocolate 100g,2.96,2026-01-20
IN-MH-017,SKU-2013,Chicken Breast 500g,8.74,2026-02-05
IN-MH-018,SKU-1005,Bananas 1kg,1.21,2026-02-18
IN-MH-019,SKU-2002,Orange Juice 1L,3.97,2026-02-28
IN-MH-020,SKU-2009,Black Beans 400g,1.32,2026-03-18
IN-MH-021,SKU-1001,Organic Milk 1L,3.45,2026-03-30
IN-MH-022,SKU-1008,Pasta Penne 500g,1.14,2026-04-07
IN-MH-023,SKU-2005,Almond Butter 365g,7.88,2026-04-24
IN-MH-024,SKU-2012,Ice Cream Vanilla 1L,3.99,2026-05-09
IN-MH-025,SKU-1004,Greek Yogurt 500g,1.62,2026-05-21
IN-MH-026,SKU-2001,Sparkling Water 6pk,3.19,2026-06-03
IN-MH-027,SKU-2008,Basmati Rice 5kg,13.11,2026-06-11
IN-MH-028,SKU-2015,Spinach Baby 200g,2.79,2026-06-26
IN-MH-029,SKU-1007,Olive Oil 500ml,9.26,2026-01-10
IN-MH-030,SKU-2004,Granola 400g,4.22,2026-01-25
IN-MH-031,SKU-2011,Frozen Pizza Margherita,6.23,2026-02-04
IN-MH-032,SKU-1003,Free Range Eggs 12ct,5.35,2026-02-21
IN-MH-033,SKU-1010,Cheddar Cheese 200g,3.86,2026-02-28
IN-MH-034,SKU-2007,Honey 500g,6.54,2026-03-14
IN-MH-035,SKU-2014,Salmon Fillet 300g,11.62,2026-03-27
IN-MH-036,SKU-1006,Avocado Hass 4pk,5.43,2026-04-12
IN-MH-037,SKU-2003,Ground Coffee 340g,9.59,2026-04-23
IN-MH-038,SKU-2010,Coconut Milk 400ml,2.27,2026-05-04
IN-MH-039,SKU-1002,Whole Wheat Bread,2.36,2026-05-17
IN-MH-040,SKU-1009,Tomato Sauce 400g,2.03,2026-06-04
IN-KA-001,SKU-2006,Dark Chocolate 100g,2.93,2026-06-15
IN-KA-002,SKU-2013,Chicken Breast 500g,8.92,2026-06-30
IN-KA-003,SKU-1005,Bananas 1kg,1.37,2026-01-12
IN-KA-004,SKU-2002,Orange Juice 1L,4.21,2026-01-24
IN-KA-005,SKU-2009,Black Beans 400g,1.53,2026-02-07
IN-KA-006,SKU-1001,Organic Milk 1L,3.05,2026-02-20
IN-KA-007,SKU-1008,Pasta Penne 500g,1.10,2026-03-01
IN-KA-008,SKU-2005,Almond Butter 365g,6.79,2026-03-14
IN-KA-009,SKU-2012,Ice Cream Vanilla 1L,3.91,2026-03-31
IN-KA-010,SKU-1004,Greek Yogurt 500g,1.81,2026-04-12
IN-KA-011,SKU-2001,Sparkling Water 6pk,3.42,2026-04-26
IN-KA-012,SKU-2008,Basmati Rice 5kg,13.91,2026-05-06
IN-KA-013,SKU-2015,Spinach Baby 200g,2.85,2026-05-18
IN-KA-014,SKU-1007,Olive Oil 500ml,8.70,2026-06-06
IN-KA-015,SKU-2004,Granola 400g,4.39,2026-06-17
IN-KA-016,SKU-2011,Frozen Pizza Margherita,6.48,2026-06-28
IN-KA-017,SKU-1003,Free Range Eggs 12ct,4.88,2026-01-13
IN-KA-018,SKU-1010,Cheddar Cheese 200g,4.02,2026-01-28
IN-KA-019,SKU-2007,Honey 500g,5.79,2026-02-04
IN-KA-020,SKU-2014,Salmon Fillet 300g,11.28,2026-02-19
IN-KA-021,SKU-1006,Avocado Hass 4pk,5.44,2026-03-04
IN-KA-022,SKU-2003,Ground Coffee 340g,10.09,2026-03-21
IN-KA-023,SKU-2010,Coconut Milk 400ml,2.41,2026-04-01
IN-KA-024,SKU-1002,Whole Wheat Bread,2.22,2026-04-13
IN-KA-025,SKU-1009,Tomato Sauce 400g,2.22,2026-04-23
IN-KA-026,SKU-2006,Dark Chocolate 100g,2.99,2026-05-06
IN-KA-027,SKU-2013,Chicken Breast 500g,8.91,2026-05-22
IN-KA-028,SKU-1005,Bananas 1kg,1.24,2026-06-07
IN-KA-029,SKU-2002,Orange Juice 1L,3.59,2026-06-14
IN-KA-030,SKU-2009,Black Beans 400g,1.39,2026-06-29
IN-DL-001,SKU-1001,Organic Milk 1L,3.63,2026-01-14
IN-DL-002,SKU-1008,Pasta Penne 500g,1.21,2026-01-26
IN-DL-003,SKU-2005,Almond Butter 365g,7.44,2026-02-05
IN-DL-004,SKU-2012,Ice Cream Vanilla 1L,4.46,2026-02-20
IN-DL-005,SKU-1004,Greek Yogurt 500g,1.94,2026-03-07
IN-DL-006,SKU-2001,Sparkling Water 6pk,3.35,2026-03-16
IN-DL-007,SKU-2008,Basmati Rice 5kg,12.70,2026-04-04
IN-DL-008,SKU-2015,Spinach Baby 200g,2.87,2026-04-14
IN-DL-009,SKU-1007,Olive Oil 500ml,8.03,2026-04-25
IN-DL-010,SKU-2004,Granola 400g,4.14,2026-05-12
IN-DL-011,SKU-2011,Frozen Pizza Margherita,6.16,2026-05-24
IN-DL-012,SKU-1003,Free Range Eggs 12ct,4.50,2026-06-08
IN-DL-013,SKU-1010,Cheddar Cheese 200g,3.67,2026-06-15
IN-DL-014,SKU-2007,Honey 500g,6.75,2026-01-04
IN-DL-015,SKU-2014,Salmon Fillet 300g,11.75,2026-01-16
IN-DL-016,SKU-1006,Avocado Hass 4pk,5.15,2026-01-26
IN-DL-017,SKU-2003,Ground Coffee 340g,9.47,2026-02-10
IN-DL-018,SKU-2010,Coconut Milk 400ml,2.62,2026-02-25
IN-DL-019,SKU-1002,Whole Wheat Bread,2.21,2026-03-10
IN-DL-020,SKU-1009,Tomato Sauce 400g,2.10,2026-03-20
GB-LN-001,SKU-2006,Dark Chocolate 100g,3.24,2026-03-31
GB-LN-002,SKU-2013,Chicken Breast 500g,9.55,2026-04-13
GB-LN-003,SKU-1005,Bananas 1kg,1.38,2026-04-29
GB-LN-004,SKU-2002,Orange Juice 1L,4.31,2026-05-08
GB-LN-005,SKU-2009,Black Beans 400g,1.60,2026-05-24
GB-LN-006,SKU-1001,Organic Milk 1L,4.05,2026-06-06
GB-LN-007,SKU-1008,Pasta Penne 500g,1.37,2026-06-21
GB-LN-008,SKU-2005,Almond Butter 365g,8.33,2026-06-30
GB-LN-009,SKU-2012,Ice Cream Vanilla 1L,5.00,2026-01-14
GB-LN-010,SKU-1004,Greek Yogurt 500g,2.18,2026-01-25
GB-LN-011,SKU-2001,Sparkling Water 6pk,3.38,2026-02-13
GB-LN-012,SKU-2008,Basmati Rice 5kg,14.34,2026-02-26
GB-LN-013,SKU-2015,Spinach Baby 200g,3.11,2026-03-09
GB-LN-014,SKU-1007,Olive Oil 500ml,10.31,2026-03-21
GB-LN-015,SKU-2004,Granola 400g,4.85,2026-04-04
GB-LN-016,SKU-2011,Frozen Pizza Margherita,6.95,2026-04-18
GB-LN-017,SKU-1003,Free Range Eggs 12ct,5.64,2026-04-30
GB-LN-018,SKU-1010,Cheddar Cheese 200g,4.84,2026-05-09
GB-LN-019,SKU-2007,Honey 500g,7.89,2026-05-23
GB-LN-020,SKU-2014,Salmon Fillet 300g,14.09,2026-06-06
GB-LN-021,SKU-1006,Avocado Hass 4pk,6.74,2026-06-20
GB-LN-022,SKU-2003,Ground Coffee 340g,11.10,2026-01-05
GB-LN-023,SKU-2010,Coconut Milk 400ml,2.68,2026-01-13
GB-LN-024,SKU-1002,Whole Wheat Bread,2.44,2026-01-28
GB-LN-025,SKU-1009,Tomato Sauce 400g,2.27,2026-02-08
DE-BY-001,SKU-2006,Dark Chocolate 100g,3.49,2026-02-23
DE-BY-002,SKU-2013,Chicken Breast 500g,9.59,2026-03-12
DE-BY-003,SKU-1005,Bananas 1kg,1.47,2026-03-23
DE-BY-004,SKU-2002,Orange Juice 1L,4.52,2026-04-03
DE-BY-005,SKU-2009,Black Beans 400g,1.70,2026-04-20
DE-BY-006,SKU-1001,Organic Milk 1L,4.32,2026-04-29
DE-BY-007,SKU-1008,Pasta Penne 500g,1.47,2026-05-12
DE-BY-008,SKU-2005,Almond Butter 365g,7.62,2026-05-27
DE-BY-009,SKU-2012,Ice Cream Vanilla 1L,4.57,2026-06-11
DE-BY-010,SKU-1004,Greek Yogurt 500g,1.96,2026-06-21
DE-BY-011,SKU-2001,Sparkling Water 6pk,3.84,2026-01-07
DE-BY-012,SKU-2008,Basmati Rice 5kg,14.66,2026-01-15
DE-BY-013,SKU-2015,Spinach Baby 200g,3.21,2026-01-30
DE-BY-014,SKU-1007,Olive Oil 500ml,10.62,2026-02-12
DE-BY-015,SKU-2004,Granola 400g,5.04,2026-02-25
DE-BY-016,SKU-2011,Frozen Pizza Margherita,7.28,2026-03-12
DE-BY-017,SKU-1003,Free Range Eggs 12ct,5.97,2026-03-25
DE-BY-018,SKU-1010,Cheddar Cheese 200g,4.65,2026-04-07
DE-BY-019,SKU-2007,Honey 500g,6.78,2026-04-20
DE-BY-020,SKU-2014,Salmon Fillet 300g,13.58,2026-04-28
US-NY-001,SKU-1006,Avocado Hass 4pk,5.33,2026-05-12
US-NY-002,SKU-2003,Ground Coffee 340g,9.79,2026-05-27
US-NY-003,SKU-2010,Coconut Milk 400ml,2.47,2026-06-12
US-NY-004,SKU-1002,Whole Wheat Bread,2.29,2026-06-25
US-NY-005,SKU-1009,Tomato Sauce 400g,2.11,2026-01-04
US-NY-006,SKU-2006,Dark Chocolate 100g,3.05,2026-01-16
US-NY-007,SKU-2013,Chicken Breast 500g,8.74,2026-01-30
US-NY-008,SKU-1005,Bananas 1kg,1.34,2026-02-15
US-NY-009,SKU-2002,Orange Juice 1L,4.08,2026-02-23
US-NY-010,SKU-2009,Black Beans 400g,1.32,2026-03-14
US-NY-011,SKU-1001,Organic Milk 1L,3.35,2026-03-23
US-NY-012,SKU-1008,Pasta Penne 500g,1.15,2026-04-04
US-NY-013,SKU-2005,Almond Butter 365g,7.14,2026-04-22
US-NY-014,SKU-2012,Ice Cream Vanilla 1L,4.25,2026-04-29
US-NY-015,SKU-1004,Greek Yogurt 500g,1.79,2026-05-18
US-NY-016,SKU-2001,Sparkling Water 6pk,3.32,2026-05-30
US-NY-017,SKU-2008,Basmati Rice 5kg,13.25,2026-06-07
US-NY-018,SKU-2015,Spinach Baby 200g,2.87,2026-06-22
US-NY-019,SKU-1007,Olive Oil 500ml,9.35,2026-01-03
US-NY-020,SKU-2004,Granola 400g,4.71,2026-01-17
US-NY-021,SKU-2011,Frozen Pizza Margherita,5.69,2026-01-30
US-NY-022,SKU-1003,Free Range Eggs 12ct,4.79,2026-02-16
US-NY-023,SKU-1010,Cheddar Cheese 200g,3.87,2026-03-02
US-NY-024,SKU-2007,Honey 500g,6.36,2026-03-12
US-NY-025,SKU-2014,Salmon Fillet 300g,11.87,2026-03-27
US-NY-026,SKU-1006,Avocado Hass 4pk,5.49,2026-04-09
US-NY-027,SKU-2003,Ground Coffee 340g,10.09,2026-04-17
US-NY-028,SKU-2010,Coconut Milk 400ml,2.54,2026-05-06
US-NY-029,SKU-1002,Whole Wheat Bread,2.36,2026-05-16
US-NY-030,SKU-1009,Tomato Sauce 400g,2.17,2026-05-26
US-NY-031,SKU-2006,Dark Chocolate 100g,3.14,2026-06-09
US-NY-032,SKU-2013,Chicken Breast 500g,8.07,2026-06-26
US-NY-033,SKU-1005,Bananas 1kg,1.24,2026-01-09
US-NY-034,SKU-2002,Orange Juice 1L,3.77,2026-01-18
US-NY-035,SKU-2009,Black Beans 400g,1.36,2026-02-01
US-NY-036,SKU-1001,Organic Milk 1L,3.46,2026-02-18
US-NY-037,SKU-1008,Pasta Penne 500g,1.19,2026-02-27
US-NY-038,SKU-2005,Almond Butter 365g,7.36,2026-03-14
US-NY-039,SKU-2012,Ice Cream Vanilla 1L,4.38,2026-03-29
US-NY-040,SKU-1004,Greek Yogurt 500g,1.84,2026-04-08
US-NY-041,SKU-2001,Sparkling Water 6pk,3.42,2026-04-24
US-NY-042,SKU-2008,Basmati Rice 5kg,13.64,2026-05-01
US-NY-043,SKU-2015,Spinach Baby 200g,2.65,2026-05-15
US-NY-044,SKU-1007,Olive Oil 500ml,8.63,2026-05-31
US-NY-045,SKU-2004,Granola 400g,4.36,2026-06-15
US-NY-046,SKU-2011,Frozen Pizza Margherita,5.87,2026-06-28
US-NY-047,SKU-1003,Free Range Eggs 12ct,4.94,2026-01-05
US-NY-048,SKU-1010,Cheddar Cheese 200g,3.99,2026-01-23
US-NY-049,SKU-2007,Honey 500g,6.55,2026-02-04
US-NY-050,SKU-2014,Salmon Fillet 300g,12.23,2026-02-14
US-CA-001,SKU-1006,Avocado Hass 4pk,5.94,2026-03-03
US-CA-002,SKU-2003,Ground Coffee 340g,11.53,2026-03-15
US-CA-003,SKU-2010,Coconut Milk 400ml,2.88,2026-03-28
US-CA-004,SKU-1002,Whole Wheat Bread,2.31,2026-04-06
US-CA-005,SKU-1009,Tomato Sauce 400g,2.21,2026-04-20
US-CA-006,SKU-2006,Dark Chocolate 100g,3.07,2026-05-03
US-CA-007,SKU-2013,Chicken Breast 500g,9.32,2026-05-19
US-CA-008,SKU-1005,Bananas 1kg,1.40,2026-05-28
US-CA-009,SKU-2002,Orange Juice 1L,4.16,2026-06-12
US-CA-010,SKU-2009,Black Beans 400g,1.57,2026-06-25
US-CA-011,SKU-1001,Organic Milk 1L,3.99,2026-01-10
US-CA-012,SKU-1008,Pasta Penne 500g,1.31,2026-01-21
US-CA-013,SKU-2005,Almond Butter 365g,8.57,2026-02-04
US-CA-014,SKU-2012,Ice Cream Vanilla 1L,5.14,2026-02-18
US-CA-015,SKU-1004,Greek Yogurt 500g,1.82,2026-03-05
US-CA-016,SKU-2001,Sparkling Water 6pk,3.51,2026-03-13
US-CA-017,SKU-2008,Basmati Rice 5kg,14.24,2026-03-28
US-CA-018,SKU-2015,Spinach Baby 200g,2.95,2026-04-11
US-CA-019,SKU-1007,Olive Oil 500ml,10.15,2026-04-24
US-CA-020,SKU-2004,Granola 400g,5.07,2026-05-09
US-CA-021,SKU-2011,Frozen Pizza Margherita,6.72,2026-05-22
US-CA-022,SKU-1003,Free Range Eggs 12ct,5.75,2026-06-02
US-CA-023,SKU-1010,Cheddar Cheese 200g,4.36,2026-06-17
US-CA-024,SKU-2007,Honey 500g,7.42,2026-06-27
US-CA-025,SKU-2014,Salmon Fillet 300g,14.10,2026-01-08
US-CA-026,SKU-1006,Avocado Hass 4pk,5.48,2026-01-23
US-CA-027,SKU-2003,Ground Coffee 340g,10.65,2026-02-04
US-CA-028,SKU-2010,Coconut Milk 400ml,2.66,2026-02-16
US-CA-029,SKU-1002,Whole Wheat Bread,2.38,2026-03-04
US-CA-030,SKU-1009,Tomato Sauce 400g,2.28,2026-03-16
US-CA-031,SKU-2006,Dark Chocolate 100g,3.17,2026-03-29
US-CA-032,SKU-2013,Chicken Breast 500g,9.60,2026-04-09
US-CA-033,SKU-1005,Bananas 1kg,1.45,2026-04-26
US-CA-034,SKU-2002,Orange Juice 1L,4.29,2026-05-05
US-CA-035,SKU-2009,Black Beans 400g,1.62,2026-05-17
US-CA-036,SKU-1001,Organic Milk 1L,4.10,2026-06-05
US-CA-037,SKU-1008,Pasta Penne 500g,1.21,2026-06-18
US-CA-038,SKU-2005,Almond Butter 365g,7.91,2026-06-27
US-CA-039,SKU-2012,Ice Cream Vanilla 1L,4.74,2026-01-12
US-CA-040,SKU-1004,Greek Yogurt 500g,1.88,2026-01-22
US-CA-041,SKU-2001,Sparkling Water 6pk,3.62,2026-02-03
US-CA-042,SKU-2008,Basmati Rice 5kg,14.68,2026-02-17
US-CA-043,SKU-2015,Spinach Baby 200g,3.04,2026-03-07
US-CA-044,SKU-1007,Olive Oil 500ml,10.45,2026-03-20
US-CA-045,SKU-2004,Granola 400g,5.23,2026-04-01
US-CA-046,SKU-2011,Frozen Pizza Margherita,6.91,2026-04-11
US-CA-047,SKU-1003,Free Range Eggs 12ct,5.92,2026-04-23
US-CA-048,SKU-1010,Cheddar Cheese 200g,4.02,2026-05-08
US-CA-049,SKU-2007,Honey 500g,6.85,2026-05-22
US-CA-050,SKU-2014,Salmon Fillet 300g,13.03,2026-05-31
US-TX-001,SKU-1006,Avocado Hass 4pk,5.38,2026-06-17
US-TX-002,SKU-2003,Ground Coffee 340g,9.89,2026-01-02
US-TX-003,SKU-2010,Coconut Milk 400ml,2.49,2026-01-09
US-TX-004,SKU-1002,Whole Wheat Bread,2.31,2026-01-27
US-TX-005,SKU-1009,Tomato Sauce 400g,2.13,2026-02-10
US-TX-006,SKU-2006,Dark Chocolate 100g,3.08,2026-02-21
US-TX-007,SKU-2013,Chicken Breast 500g,8.83,2026-03-03
US-TX-008,SKU-1005,Bananas 1kg,1.35,2026-03-15
US-TX-009,SKU-2002,Orange Juice 1L,3.70,2026-04-01
US-TX-010,SKU-2009,Black Beans 400g,1.33,2026-04-14
US-TX-011,SKU-1001,Organic Milk 1L,3.39,2026-04-24
US-TX-012,SKU-1008,Pasta Penne 500g,1.17,2026-05-07
US-TX-013,SKU-2005,Almond Butter 365g,7.22,2026-05-22
US-TX-014,SKU-2012,Ice Cream Vanilla 1L,4.29,2026-06-07
US-TX-015,SKU-1004,Greek Yogurt 500g,1.81,2026-06-20
US-TX-016,SKU-2001,Sparkling Water 6pk,3.36,2026-06-27
US-TX-017,SKU-2008,Basmati Rice 5kg,13.38,2026-01-10
US-TX-018,SKU-2015,Spinach Baby 200g,2.90,2026-01-23
US-TX-019,SKU-1007,Olive Oil 500ml,9.44,2026-02-11
US-TX-020,SKU-2004,Granola 400g,4.27,2026-02-22
US-TX-021,SKU-2011,Frozen Pizza Margherita,5.75,2026-03-05
US-TX-022,SKU-1003,Free Range Eggs 12ct,4.84,2026-03-17
US-TX-023,SKU-1010,Cheddar Cheese 200g,3.91,2026-04-03
US-TX-024,SKU-2007,Honey 500g,6.43,2026-04-16
US-TX-025,SKU-2014,Salmon Fillet 300g,11.99,2026-04-30
US-TX-026,SKU-1006,Avocado Hass 4pk,5.54,2026-05-07
US-TX-027,SKU-2003,Ground Coffee 340g,10.19,2026-05-26
US-TX-028,SKU-2010,Coconut Milk 400ml,2.56,2026-06-03
US-TX-029,SKU-1002,Whole Wheat Bread,2.38,2026-06-16
US-TX-030,SKU-1009,Tomato Sauce 400g,2.19,2026-01-03
US-TX-031,SKU-2006,Dark Chocolate 100g,2.84,2026-01-13
US-TX-032,SKU-2013,Chicken Breast 500g,8.15,2026-01-24
US-TX-033,SKU-1005,Bananas 1kg,1.25,2026-02-06
US-TX-034,SKU-2002,Orange Juice 1L,3.81,2026-02-20
US-TX-035,SKU-2009,Black Beans 400g,1.38,2026-03-04
US-TX-036,SKU-1001,Organic Milk 1L,3.49,2026-03-20
US-TX-037,SKU-1008,Pasta Penne 500g,1.20,2026-04-03
US-TX-038,SKU-2005,Almond Butter 365g,7.44,2026-04-14
US-TX-039,SKU-2012,Ice Cream Vanilla 1L,4.42,2026-04-25
US-TX-040,SKU-1004,Greek Yogurt 500g,1.86,2026-05-12
US-FL-001,SKU-2001,Sparkling Water 6pk,3.45,2026-05-23
US-FL-002,SKU-2008,Basmati Rice 5kg,12.34,2026-06-06
US-FL-003,SKU-2015,Spinach Baby 200g,2.68,2026-06-21
US-FL-004,SKU-1007,Olive Oil 500ml,8.72,2026-01-01
US-FL-005,SKU-2004,Granola 400g,4.40,2026-01-15
US-FL-006,SKU-2011,Frozen Pizza Margherita,5.93,2026-01-25
US-FL-007,SKU-1003,Free Range Eggs 12ct,4.99,2026-02-10
US-FL-008,SKU-1010,Cheddar Cheese 200g,4.03,2026-02-24
US-FL-009,SKU-2007,Honey 500g,6.62,2026-03-05
US-FL-010,SKU-2014,Salmon Fillet 300g,12.35,2026-03-22
US-FL-011,SKU-1006,Avocado Hass 4pk,5.71,2026-03-31
US-FL-012,SKU-2003,Ground Coffee 340g,10.49,2026-04-14
US-FL-013,SKU-2010,Coconut Milk 400ml,2.37,2026-04-26
US-FL-014,SKU-1002,Whole Wheat Bread,2.20,2026-05-10
US-FL-015,SKU-1009,Tomato Sauce 400g,2.03,2026-05-27
US-FL-016,SKU-2006,Dark Chocolate 100g,2.93,2026-06-06
US-FL-017,SKU-2013,Chicken Breast 500g,8.41,2026-06-22
US-FL-018,SKU-1005,Bananas 1kg,1.29,2026-01-04
US-FL-019,SKU-2002,Orange Juice 1L,3.93,2026-01-19
US-FL-020,SKU-2009,Black Beans 400g,1.42,2026-01-30
US-FL-021,SKU-1001,Organic Milk 1L,3.59,2026-02-11
US-FL-022,SKU-1008,Pasta Penne 500g,1.24,2026-02-24
US-FL-023,SKU-2005,Almond Butter 365g,7.65,2026-03-12
US-FL-024,SKU-2012,Ice Cream Vanilla 1L,4.08,2026-03-25
US-FL-025,SKU-1004,Greek Yogurt 500g,1.72,2026-04-01
US-FL-026,SKU-2001,Sparkling Water 6pk,3.19,2026-04-15
US-FL-027,SKU-2008,Basmati Rice 5kg,12.73,2026-04-29
US-FL-028,SKU-2015,Spinach Baby 200g,2.76,2026-05-16
US-FL-029,SKU-1007,Olive Oil 500ml,8.99,2026-05-23
US-FL-030,SKU-2004,Granola 400g,4.53,2026-06-11
IN-MH-001,SKU-2011,Frozen Pizza Margherita,6.48,2026-06-24
IN-MH-002,SKU-1003,Free Range Eggs 12ct,5.45,2026-01-03
IN-MH-003,SKU-1010,Cheddar Cheese 200g,4.27,2026-01-16
IN-MH-004,SKU-2007,Honey 500g,6.68,2026-01-27
IN-MH-005,SKU-2014,Salmon Fillet 300g,12.07,2026-02-14
IN-MH-006,SKU-1006,Avocado Hass 4pk,5.48,2026-02-22
IN-MH-007,SKU-2003,Ground Coffee 340g,9.98,2026-03-12
IN-MH-008,SKU-2010,Coconut Milk 400ml,2.54,2026-03-22
IN-MH-009,SKU-1002,Whole Wheat Bread,2.27,2026-04-04
IN-MH-010,SKU-1009,Tomato Sauce 400g,1.92,2026-04-16
IN-MH-011,SKU-2006,Dark Chocolate 100g,3.02,2026-04-28
IN-MH-012,SKU-2013,Chicken Breast 500g,8.49,2026-05-12
IN-MH-013,SKU-1005,Bananas 1kg,1.34,2026-05-28
IN-MH-014,SKU-2002,Orange Juice 1L,3.88,2026-06-08
IN-MH-015,SKU-2009,Black Beans 400g,1.55,2026-06-23
IN-MH-016,SKU-1001,Organic Milk 1L,3.12,2026-01-03
IN-MH-017,SKU-1008,Pasta Penne 500g,1.11,2026-01-19
IN-MH-018,SKU-2005,Almond Butter 365g,6.72,2026-02-01
IN-MH-019,SKU-2012,Ice Cream Vanilla 1L,4.16,2026-02-11
IN-MH-020,SKU-1004,Greek Yogurt 500g,1.83,2026-03-01
IN-MH-021,SKU-2001,Sparkling Water 6pk,3.29,2026-03-13
IN-MH-022,SKU-2008,Basmati Rice 5kg,13.38,2026-03-21
IN-MH-023,SKU-2015,Spinach Baby 200g,2.85,2026-04-07
IN-MH-024,SKU-1007,Olive Oil 500ml,8.89,2026-04-22
IN-MH-025,SKU-2004,Granola 400g,4.90,2026-05-04
IN-MH-026,SKU-2011,Frozen Pizza Margherita,5.91,2026-05-17
IN-MH-027,SKU-1003,Free Range Eggs 12ct,4.60,2026-05-25
IN-MH-028,SKU-1010,Cheddar Cheese 200g,3.60,2026-06-09
IN-MH-029,SKU-2007,Honey 500g,6.04,2026-06-23
IN-MH-030,SKU-2014,Salmon Fillet 300g,10.93,2026-01-08
IN-MH-031,SKU-1006,Avocado Hass 4pk,5.00,2026-01-18
IN-MH-032,SKU-2003,Ground Coffee 340g,9.89,2026-02-04
IN-MH-033,SKU-2010,Coconut Milk 400ml,2.62,2026-02-11
IN-MH-034,SKU-1002,Whole Wheat Bread,2.48,2026-02-25
IN-MH-035,SKU-1009,Tomato Sauce 400g,1.98,2026-03-10
IN-MH-036,SKU-2006,Dark Chocolate 100g,2.92,2026-03-26
IN-MH-037,SKU-2013,Chicken Breast 500g,9.00,2026-04-06
IN-MH-038,SKU-1005,Bananas 1kg,1.23,2026-04-17
IN-MH-039,SKU-2002,Orange Juice 1L,3.62,2026-04-30
IN-MH-040,SKU-2009,Black Beans 400g,1.24,2026-05-18
IN-KA-001,SKU-1001,Organic Milk 1L,3.21,2026-05-29
IN-KA-002,SKU-1008,Pasta Penne 500g,1.19,2026-06-13
IN-KA-003,SKU-2005,Almond Butter 365g,7.14,2026-06-25
IN-KA-004,SKU-2012,Ice Cream Vanilla 1L,4.20,2026-01-07
IN-KA-005,SKU-1004,Greek Yogurt 500g,1.68,2026-01-21
IN-KA-006,SKU-2001,Sparkling Water 6pk,3.25,2026-02-03
IN-KA-007,SKU-2008,Basmati Rice 5kg,12.70,2026-02-12
IN-KA-008,SKU-2015,Spinach Baby 200g,2.90,2026-02-25
IN-KA-009,SKU-1007,Olive Oil 500ml,8.20,2026-03-14
IN-KA-010,SKU-2004,Granola 400g,4.01,2026-03-26
IN-KA-011,SKU-2011,Frozen Pizza Margherita,5.46,2026-04-09
IN-KA-012,SKU-1003,Free Range Eggs 12ct,4.60,2026-04-19
IN-KA-013,SKU-1010,Cheddar Cheese 200g,3.83,2026-05-01
IN-KA-014,SKU-2007,Honey 500g,6.30,2026-05-20
IN-KA-015,SKU-2014,Salmon Fillet 300g,12.11,2026-05-31
IN-KA-016,SKU-1006,Avocado Hass 4pk,5.54,2026-06-11
IN-KA-017,SKU-2003,Ground Coffee 340g,9.57,2026-06-26
IN-KA-018,SKU-2010,Coconut Milk 400ml,2.59,2026-01-11
IN-KA-019,SKU-1002,Whole Wheat Bread,2.48,2026-01-18
IN-KA-020,SKU-1009,Tomato Sauce 400g,2.10,2026-02-02
IN-KA-021,SKU-2006,Dark Chocolate 100g,2.96,2026-02-15
IN-KA-022,SKU-2013,Chicken Breast 500g,8.48,2026-03-04
IN-KA-023,SKU-1005,Bananas 1kg,1.19,2026-03-15
IN-KA-024,SKU-2002,Orange Juice 1L,3.85,2026-03-27
IN-KA-025,SKU-2009,Black Beans 400g,1.47,2026-04-06
IN-KA-026,SKU-1001,Organic Milk 1L,3.24,2026-04-19
IN-KA-027,SKU-1008,Pasta Penne 500g,1.18,2026-05-05
IN-KA-028,SKU-2005,Almond Butter 365g,7.81,2026-05-21
IN-KA-029,SKU-2012,Ice Cream Vanilla 1L,4.28,2026-05-28
IN-KA-030,SKU-1004,Greek Yogurt 500g,1.88,2026-06-12
IN-DL-001,SKU-2001,Sparkling Water 6pk,2.97,2026-06-27
IN-DL-002,SKU-2008,Basmati Rice 5kg,11.60,2026-01-09
IN-DL-003,SKU-2015,Spinach Baby 200g,2.60,2026-01-19
IN-DL-004,SKU-1007,Olive Oil 500ml,8.72,2026-02-03
IN-DL-005,SKU-2004,Granola 400g,4.40,2026-02-18
IN-DL-006,SKU-2011,Frozen Pizza Margherita,5.63,2026-02-27
IN-DL-007,SKU-1003,Free Range Eggs 12ct,5.09,2026-03-18
IN-DL-008,SKU-1010,Cheddar Cheese 200g,3.91,2026-03-28
IN-DL-009,SKU-2007,Honey 500g,6.15,2026-04-08
IN-DL-010,SKU-2014,Salmon Fillet 300g,11.85,2026-04-25
IN-DL-011,SKU-1006,Avocado Hass 4pk,6.05,2026-05-07
IN-DL-012,SKU-2003,Ground Coffee 340g,9.49,2026-05-22
IN-DL-013,SKU-2010,Coconut Milk 400ml,2.27,2026-05-29
IN-DL-014,SKU-1002,Whole Wheat Bread,2.27,2026-06-17
IN-DL-015,SKU-1009,Tomato Sauce 400g,1.97,2026-06-29
IN-DL-016,SKU-2006,Dark Chocolate 100g,3.02,2026-01-09
IN-DL-017,SKU-2013,Chicken Breast 500g,8.07,2026-01-24
IN-DL-018,SKU-1005,Bananas 1kg,1.25,2026-02-08
IN-DL-019,SKU-2002,Orange Juice 1L,4.13,2026-02-21
IN-DL-020,SKU-2009,Black Beans 400g,1.50,2026-03-03
GB-LN-001,SKU-1001,Organic Milk 1L,4.10,2026-03-14
GB-LN-002,SKU-1008,Pasta Penne 500g,1.45,2026-03-27
GB-LN-003,SKU-2005,Almond Butter 365g,7.55,2026-04-12
GB-LN-004,SKU-2012,Ice Cream Vanilla 1L,4.61,2026-04-21
GB-LN-005,SKU-1004,Greek Yogurt 500g,2.00,2026-05-07
GB-LN-006,SKU-2001,Sparkling Water 6pk,3.71,2026-05-20
GB-LN-007,SKU-2008,Basmati Rice 5kg,14.53,2026-06-04
GB-LN-008,SKU-2015,Spinach Baby 200g,3.10,2026-06-13
GB-LN-009,SKU-1007,Olive Oil 500ml,10.17,2026-06-27
GB-LN-010,SKU-2004,Granola 400g,5.31,2026-01-08
GB-LN-011,SKU-2011,Frozen Pizza Margherita,6.66,2026-01-27
GB-LN-012,SKU-1003,Free Range Eggs 12ct,5.97,2026-02-09
GB-LN-013,SKU-1010,Cheddar Cheese 200g,4.82,2026-02-20
GB-LN-014,SKU-2007,Honey 500g,7.21,2026-03-04
GB-LN-015,SKU-2014,Salmon Fillet 300g,12.55,2026-03-18
GB-LN-016,SKU-1006,Avocado Hass 4pk,6.18,2026-04-01
GB-LN-017,SKU-2003,Ground Coffee 340g,10.97,2026-04-13
GB-LN-018,SKU-2010,Coconut Milk 400ml,2.93,2026-04-22
GB-LN-019,SKU-1002,Whole Wheat Bread,2.70,2026-05-06
GB-LN-020,SKU-1009,Tomato Sauce 400g,2.39,2026-05-20
GB-LN-021,SKU-2006,Dark Chocolate 100g,3.57,2026-06-03
GB-LN-022,SKU-2013,Chicken Breast 500g,10.23,2026-06-18
GB-LN-023,SKU-1005,Bananas 1kg,1.50,2026-06-26
GB-LN-024,SKU-2002,Orange Juice 1L,4.49,2026-01-11
GB-LN-025,SKU-2009,Black Beans 400g,1.47,2026-01-22
DE-BY-001,SKU-1001,Organic Milk 1L,3.95,2026-02-06
DE-BY-002,SKU-1008,Pasta Penne 500g,1.30,2026-02-23
DE-BY-003,SKU-2005,Almond Butter 365g,8.07,2026-03-06
DE-BY-004,SKU-2012,Ice Cream Vanilla 1L,4.84,2026-03-17
DE-BY-005,SKU-1004,Greek Yogurt 500g,2.13,2026-04-03
DE-BY-006,SKU-2001,Sparkling Water 6pk,3.95,2026-04-12
DE-BY-007,SKU-2008,Basmati Rice 5kg,15.63,2026-04-25
DE-BY-008,SKU-2015,Spinach Baby 200g,3.16,2026-05-10
DE-BY-009,SKU-1007,Olive Oil 500ml,10.38,2026-05-25
DE-BY-010,SKU-2004,Granola 400g,5.33,2026-06-04
DE-BY-011,SKU-2011,Frozen Pizza Margherita,6.77,2026-06-20
DE-BY-012,SKU-1003,Free Range Eggs 12ct,5.46,2026-06-28
DE-BY-013,SKU-1010,Cheddar Cheese 200g,4.45,2026-01-13
DE-BY-014,SKU-2007,Honey 500g,7.44,2026-01-26
DE-BY-015,SKU-2014,Salmon Fillet 300g,13.06,2026-02-08
DE-BY-016,SKU-1006,Avocado Hass 4pk,6.48,2026-02-23
DE-BY-017,SKU-2003,Ground Coffee 340g,11.60,2026-03-08
DE-BY-018,SKU-2010,Coconut Milk 400ml,2.82,2026-03-21
DE-BY-019,SKU-1002,Whole Wheat Bread,2.59,2026-04-03
DE-BY-020,SKU-1009,Tomato Sauce 400g,2.56,2026-04-11
US-NY-001,SKU-2006,Dark Chocolate 100g,3.14,2026-04-25
US-NY-002,SKU-2013,Chicken Breast 500g,8.07,2026-05-10
US-NY-003,SKU-1005,Bananas 1kg,1.24,2026-05-26
US-NY-004,SKU-2002,Orange Juice 1L,3.77,2026-06-08
US-NY-005,SKU-2009,Black Beans 400g,1.36,2026-06-17
US-NY-006,SKU-1001,Organic Milk 1L,3.46,2026-06-29
US-NY-007,SKU-1008,Pasta Penne 500g,1.19,2026-01-13
US-NY-008,SKU-2005,Almond Butter 365g,7.36,2026-01-29
US-NY-009,SKU-2012,Ice Cream Vanilla 1L,4.38,2026-02-06
US-NY-010,SKU-1004,Greek Yogurt 500g,1.84,2026-02-25
US-NY-011,SKU-2001,Sparkling Water 6pk,3.42,2026-03-06
US-NY-012,SKU-2008,Basmati Rice 5kg,13.64,2026-03-18
US-NY-013,SKU-2015,Spinach Baby 200g,2.65,2026-04-05
US-NY-014,SKU-1007,Olive Oil 500ml,8.63,2026-04-12
US-NY-015,SKU-2004,Granola 400g,4.36,2026-05-01
US-NY-016,SKU-2011,Frozen Pizza Margherita,5.87,2026-05-13
US-NY-017,SKU-1003,Free Range Eggs 12ct,4.94,2026-05-21
US-NY-018,SKU-1010,Cheddar Cheese 200g,3.99,2026-06-05
US-NY-019,SKU-2007,Honey 500g,6.55,2026-06-16
US-NY-020,SKU-2014,Salmon Fillet 300g,12.23,2026-06-30
US-NY-021,SKU-1006,Avocado Hass 4pk,5.65,2026-01-13
US-NY-022,SKU-2003,Ground Coffee 340g,10.39,2026-01-30
US-NY-023,SKU-2010,Coconut Milk 400ml,2.61,2026-02-13
US-NY-024,SKU-1002,Whole Wheat Bread,2.18,2026-02-23
US-NY-025,SKU-1009,Tomato Sauce 400g,2.01,2026-03-10
US-NY-026,SKU-2006,Dark Chocolate 100g,2.90,2026-03-23
US-NY-027,SKU-2013,Chicken Breast 500g,8.32,2026-03-31
US-NY-028,SKU-1005,Bananas 1kg,1.28,2026-04-19
US-NY-029,SKU-2002,Orange Juice 1L,3.89,2026-04-29
US-NY-030,SKU-2009,Black Beans 400g,1.40,2026-05-09
US-NY-031,SKU-1001,Organic Milk 1L,3.56,2026-05-23
US-NY-032,SKU-1008,Pasta Penne 500g,1.23,2026-06-09
US-NY-033,SKU-2005,Almond Butter 365g,7.58,2026-06-22
US-NY-034,SKU-2012,Ice Cream Vanilla 1L,4.50,2026-01-01
US-NY-035,SKU-1004,Greek Yogurt 500g,1.70,2026-01-15
US-NY-036,SKU-2001,Sparkling Water 6pk,3.16,2026-02-01
US-NY-037,SKU-2008,Basmati Rice 5kg,12.60,2026-02-10
US-NY-038,SKU-2015,Spinach Baby 200g,2.73,2026-02-25
US-NY-039,SKU-1007,Olive Oil 500ml,8.90,2026-03-12
US-NY-040,SKU-2004,Granola 400g,4.49,2026-03-22
US-NY-041,SKU-2011,Frozen Pizza Margherita,6.05,2026-04-07
US-NY-042,SKU-1003,Free Range Eggs 12ct,5.09,2026-04-14
US-NY-043,SKU-1010,Cheddar Cheese 200g,4.11,2026-04-28
US-NY-044,SKU-2007,Honey 500g,6.75,2026-05-14
US-NY-045,SKU-2014,Salmon Fillet 300g,12.59,2026-05-29
US-NY-046,SKU-1006,Avocado Hass 4pk,5.22,2026-06-11
US-NY-047,SKU-2003,Ground Coffee 340g,9.59,2026-06-18
US-NY-048,SKU-2010,Coconut Milk 400ml,2.42,2026-01-06
US-NY-049,SKU-1002,Whole Wheat Bread,2.24,2026-01-18
US-NY-050,SKU-1009,Tomato Sauce 400g,2.07,2026-01-28
US-CA-001,SKU-2006,Dark Chocolate 100g,3.17,2026-02-14
US-CA-002,SKU-2013,Chicken Breast 500g,9.60,2026-02-26
US-CA-003,SKU-1005,Bananas 1kg,1.45,2026-03-11
US-CA-004,SKU-2002,Orange Juice 1L,4.29,2026-03-20
US-CA-005,SKU-2009,Black Beans 400g,1.62,2026-04-03
US-CA-006,SKU-1001,Organic Milk 1L,4.10,2026-04-16
US-CA-007,SKU-1008,Pasta Penne 500g,1.21,2026-05-02
US-CA-008,SKU-2005,Almond Butter 365g,7.91,2026-05-11
US-CA-009,SKU-2012,Ice Cream Vanilla 1L,4.74,2026-05-26
US-CA-010,SKU-1004,Greek Yogurt 500g,1.88,2026-06-08
US-CA-011,SKU-2001,Sparkling Water 6pk,3.62,2026-06-23
US-CA-012,SKU-2008,Basmati Rice 5kg,14.68,2026-01-04
US-CA-013,SKU-2015,Spinach Baby 200g,3.04,2026-01-18
US-CA-014,SKU-1007,Olive Oil 500ml,10.45,2026-02-01
US-CA-015,SKU-2004,Granola 400g,5.23,2026-02-16
US-CA-016,SKU-2011,Frozen Pizza Margherita,6.91,2026-02-24
US-CA-017,SKU-1003,Free Range Eggs 12ct,5.92,2026-03-11
US-CA-018,SKU-1010,Cheddar Cheese 200g,4.02,2026-03-25
US-CA-019,SKU-2007,Honey 500g,6.85,2026-04-07
US-CA-020,SKU-2014,Salmon Fillet 300g,13.03,2026-04-22
US-CA-021,SKU-1006,Avocado Hass 4pk,5.65,2026-05-05
US-CA-022,SKU-2003,Ground Coffee 340g,10.98,2026-05-16
US-CA-023,SKU-2010,Coconut Milk 400ml,2.74,2026-05-31
US-CA-024,SKU-1002,Whole Wheat Bread,2.45,2026-06-10
US-CA-025,SKU-1009,Tomato Sauce 400g,2.34,2026-06-21
US-CA-026,SKU-2006,Dark Chocolate 100g,3.26,2026-01-06
US-CA-027,SKU-2013,Chicken Breast 500g,9.89,2026-01-18
US-CA-028,SKU-1005,Bananas 1kg,1.49,2026-01-30
US-CA-029,SKU-2002,Orange Juice 1L,3.95,2026-02-15
US-CA-030,SKU-2009,Black Beans 400g,1.49,2026-02-27
US-CA-031,SKU-1001,Organic Milk 1L,3.79,2026-03-12
US-CA-032,SKU-1008,Pasta Penne 500g,1.25,2026-03-23
US-CA-033,SKU-2005,Almond Butter 365g,8.16,2026-04-09
US-CA-034,SKU-2012,Ice Cream Vanilla 1L,4.89,2026-04-18
US-CA-035,SKU-1004,Greek Yogurt 500g,1.93,2026-04-30
US-CA-036,SKU-2001,Sparkling Water 6pk,3.72,2026-05-19
US-CA-037,SKU-2008,Basmati Rice 5kg,15.12,2026-06-01
US-CA-038,SKU-2015,Spinach Baby 200g,3.13,2026-06-10
US-CA-039,SKU-1007,Olive Oil 500ml,10.76,2026-06-25
US-CA-040,SKU-2004,Granola 400g,4.82,2026-01-05
US-CA-041,SKU-2011,Frozen Pizza Margherita,6.38,2026-01-17
US-CA-042,SKU-1003,Free Range Eggs 12ct,5.47,2026-01-31
US-CA-043,SKU-1010,Cheddar Cheese 200g,4.14,2026-02-18
US-CA-044,SKU-2007,Honey 500g,7.07,2026-03-03
US-CA-045,SKU-2014,Salmon Fillet 300g,13.43,2026-03-15
US-CA-046,SKU-1006,Avocado Hass 4pk,5.82,2026-03-25
US-CA-047,SKU-2003,Ground Coffee 340g,11.31,2026-04-06
US-CA-048,SKU-2010,Coconut Milk 400ml,2.82,2026-04-21
US-CA-049,SKU-1002,Whole Wheat Bread,2.52,2026-05-05
US-CA-050,SKU-1009,Tomato Sauce 400g,2.41,2026-05-14
US-TX-001,SKU-2006,Dark Chocolate 100g,2.84,2026-05-31
US-TX-002,SKU-2013,Chicken Breast 500g,8.15,2026-06-15
US-TX-003,SKU-1005,Bananas 1kg,1.25,2026-06-22
US-TX-004,SKU-2002,Orange Juice 1L,3.81,2026-01-10
US-TX-005,SKU-2009,Black Beans 400g,1.38,2026-01-24
US-TX-006,SKU-1001,Organic Milk 1L,3.49,2026-02-04
US-TX-007,SKU-1008,Pasta Penne 500g,1.20,2026-02-14
US-TX-008,SKU-2005,Almond Butter 365g,7.44,2026-02-26
US-TX-009,SKU-2012,Ice Cream Vanilla 1L,4.42,2026-03-15
US-TX-010,SKU-1004,Greek Yogurt 500g,1.86,2026-03-28
US-TX-011,SKU-2001,Sparkling Water 6pk,3.45,2026-04-07
US-TX-012,SKU-2008,Basmati Rice 5kg,12.34,2026-04-20
US-TX-013,SKU-2015,Spinach Baby 200g,2.68,2026-05-05
US-TX-014,SKU-1007,Olive Oil 500ml,8.72,2026-05-21
US-TX-015,SKU-2004,Granola 400g,4.40,2026-06-03
US-TX-016,SKU-2011,Frozen Pizza Margherita,5.93,2026-06-10
US-TX-017,SKU-1003,Free Range Eggs 12ct,4.99,2026-06-23
US-TX-018,SKU-1010,Cheddar Cheese 200g,4.03,2026-01-06
US-TX-019,SKU-2007,Honey 500g,6.62,2026-01-25
US-TX-020,SKU-2014,Salmon Fillet 300g,12.35,2026-02-05
US-TX-021,SKU-1006,Avocado Hass 4pk,5.71,2026-02-16
US-TX-022,SKU-2003,Ground Coffee 340g,10.49,2026-02-28
US-TX-023,SKU-2010,Coconut Milk 400ml,2.37,2026-03-17
US-TX-024,SKU-1002,Whole Wheat Bread,2.20,2026-03-30
US-TX-025,SKU-1009,Tomato Sauce 400g,2.03,2026-04-13
US-TX-026,SKU-2006,Dark Chocolate 100g,2.93,2026-04-20
US-TX-027,SKU-2013,Chicken Breast 500g,8.41,2026-05-09
US-TX-028,SKU-1005,Bananas 1kg,1.29,2026-05-17
US-TX-029,SKU-2002,Orange Juice 1L,3.93,2026-05-30
US-TX-030,SKU-2009,Black Beans 400g,1.42,2026-06-16
US-TX-031,SKU-1001,Organic Milk 1L,3.59,2026-06-26
US-TX-032,SKU-1008,Pasta Penne 500g,1.24,2026-01-07
US-TX-033,SKU-2005,Almond Butter 365g,7.65,2026-01-20
US-TX-034,SKU-2012,Ice Cream Vanilla 1L,4.08,2026-02-03
US-TX-035,SKU-1004,Greek Yogurt 500g,1.72,2026-02-15
US-TX-036,SKU-2001,Sparkling Water 6pk,3.19,2026-03-03
US-TX-037,SKU-2008,Basmati Rice 5kg,12.73,2026-03-17
US-TX-038,SKU-2015,Spinach Baby 200g,2.76,2026-03-28
US-TX-039,SKU-1007,Olive Oil 500ml,8.99,2026-04-08
US-TX-040,SKU-2004,Granola 400g,4.53,2026-04-25
US-FL-001,SKU-2011,Frozen Pizza Margherita,6.11,2026-05-06
US-FL-002,SKU-1003,Free Range Eggs 12ct,5.14,2026-05-20
US-FL-003,SKU-1010,Cheddar Cheese 200g,4.15,2026-06-04
US-FL-004,SKU-2007,Honey 500g,6.81,2026-06-14
US-FL-005,SKU-2014,Salmon Fillet 300g,11.39,2026-06-28
US-FL-006,SKU-1006,Avocado Hass 4pk,5.27,2026-01-08
US-FL-007,SKU-2003,Ground Coffee 340g,9.69,2026-01-24
US-FL-008,SKU-2010,Coconut Milk 400ml,2.44,2026-02-07
US-FL-009,SKU-1002,Whole Wheat Bread,2.27,2026-02-16
US-FL-010,SKU-1009,Tomato Sauce 400g,2.09,2026-03-05
US-FL-011,SKU-2006,Dark Chocolate 100g,3.02,2026-03-14
US-FL-012,SKU-2013,Chicken Breast 500g,8.66,2026-03-28
US-FL-013,SKU-1005,Bananas 1kg,1.33,2026-04-09
US-FL-014,SKU-2002,Orange Juice 1L,4.05,2026-04-23
US-FL-015,SKU-2009,Black Beans 400g,1.46,2026-05-10
US-FL-016,SKU-1001,Organic Milk 1L,3.32,2026-05-20
US-FL-017,SKU-1008,Pasta Penne 500g,1.14,2026-06-05
US-FL-018,SKU-2005,Almond Butter 365g,7.07,2026-06-17
US-FL-019,SKU-2012,Ice Cream Vanilla 1L,4.20,2026-01-02
US-FL-020,SKU-1004,Greek Yogurt 500g,1.77,2026-01-13
US-FL-021,SKU-2001,Sparkling Water 6pk,3.29,2026-01-25
US-FL-022,SKU-2008,Basmati Rice 5kg,13.12,2026-02-07
US-FL-023,SKU-2015,Spinach Baby 200g,2.85,2026-02-23
US-FL-024,SKU-1007,Olive Oil 500ml,9.26,2026-03-08
US-FL-025,SKU-2004,Granola 400g,4.67,2026-03-15
US-FL-026,SKU-2011,Frozen Pizza Margherita,6.29,2026-03-29
US-FL-027,SKU-1003,Free Range Eggs 12ct,4.74,2026-04-12
US-FL-028,SKU-1010,Cheddar Cheese 200g,3.83,2026-04-29
US-FL-029,SKU-2007,Honey 500g,6.30,2026-05-06
US-FL-030,SKU-2014,Salmon Fillet 300g,11.75,2026-05-25
IN-MH-001,SKU-1006,Avocado Hass 4pk,5.54,2026-06-07
IN-MH-002,SKU-2003,Ground Coffee 340g,10.19,2026-06-16
IN-MH-003,SKU-2010,Coconut Milk 400ml,2.62,2026-06-29
IN-MH-004,SKU-1002,Whole Wheat Bread,2.17,2026-01-10
IN-MH-005,SKU-1009,Tomato Sauce 400g,2.05,2026-01-28
IN-MH-006,SKU-2006,Dark Chocolate 100g,2.89,2026-02-05
IN-MH-007,SKU-2013,Chicken Breast 500g,8.56,2026-02-23
IN-MH-008,SKU-1005,Bananas 1kg,1.16,2026-03-05
IN-MH-009,SKU-2002,Orange Juice 1L,3.59,2026-03-18
IN-MH-010,SKU-2009,Black Beans 400g,1.32,2026-03-30
IN-MH-011,SKU-1001,Organic Milk 1L,3.25,2026-04-11
IN-MH-012,SKU-1008,Pasta Penne 500g,1.11,2026-04-25
IN-MH-013,SKU-2005,Almond Butter 365g,7.14,2026-05-11
IN-MH-014,SKU-2012,Ice Cream Vanilla 1L,4.25,2026-05-22
IN-MH-015,SKU-1004,Greek Yogurt 500g,1.88,2026-06-06
IN-MH-016,SKU-2001,Sparkling Water 6pk,3.12,2026-06-16
IN-MH-017,SKU-2008,Basmati Rice 5kg,12.43,2026-01-02
IN-MH-018,SKU-2015,Spinach Baby 200g,2.99,2026-01-15
IN-MH-019,SKU-1007,Olive Oil 500ml,8.20,2026-01-25
IN-MH-020,SKU-2004,Granola 400g,4.14,2026-02-12
IN-MH-021,SKU-2011,Frozen Pizza Margherita,5.69,2026-02-24
IN-MH-022,SKU-1003,Free Range Eggs 12ct,4.50,2026-03-04
IN-MH-023,SKU-1010,Cheddar Cheese 200g,4.15,2026-03-21
IN-MH-024,SKU-2007,Honey 500g,6.88,2026-04-05
IN-MH-025,SKU-2014,Salmon Fillet 300g,11.38,2026-04-17
IN-MH-026,SKU-1006,Avocado Hass 4pk,5.66,2026-04-30
IN-MH-027,SKU-2003,Ground Coffee 340g,10.70,2026-05-08
IN-MH-028,SKU-2010,Coconut Milk 400ml,2.62,2026-05-23
IN-MH-029,SKU-1002,Whole Wheat Bread,2.21,2026-06-06
IN-MH-030,SKU-1009,Tomato Sauce 400g,2.03,2026-06-21
IN-MH-031,SKU-2006,Dark Chocolate 100g,2.67,2026-01-01
IN-MH-032,SKU-2013,Chicken Breast 500g,7.66,2026-01-18
IN-MH-033,SKU-1005,Bananas 1kg,1.31,2026-01-25
IN-MH-034,SKU-2002,Orange Juice 1L,4.08,2026-02-08
IN-MH-035,SKU-2009,Black Beans 400g,1.39,2026-02-21
IN-MH-036,SKU-1001,Organic Milk 1L,3.70,2026-03-09
IN-MH-037,SKU-1008,Pasta Penne 500g,1.13,2026-03-20
IN-MH-038,SKU-2005,Almond Butter 365g,6.98,2026-03-31
IN-MH-039,SKU-2012,Ice Cream Vanilla 1L,4.10,2026-04-13
IN-MH-040,SKU-1004,Greek Yogurt 500g,1.75,2026-05-01
IN-KA-001,SKU-2001,Sparkling Water 6pk,3.03,2026-05-12
IN-KA-002,SKU-2008,Basmati Rice 5kg,11.47,2026-05-27
IN-KA-003,SKU-2015,Spinach Baby 200g,2.71,2026-06-08
IN-KA-004,SKU-1007,Olive Oil 500ml,9.34,2026-06-20
IN-KA-005,SKU-2004,Granola 400g,4.40,2026-01-04
IN-KA-006,SKU-2011,Frozen Pizza Margherita,6.05,2026-01-17
IN-KA-007,SKU-1003,Free Range Eggs 12ct,5.19,2026-01-26
IN-KA-008,SKU-1010,Cheddar Cheese 200g,4.03,2026-02-08
IN-KA-009,SKU-2007,Honey 500g,6.68,2026-02-25
IN-KA-010,SKU-2014,Salmon Fillet 300g,12.84,2026-03-09
IN-KA-011,SKU-1006,Avocado Hass 4pk,6.11,2026-03-23
IN-KA-012,SKU-2003,Ground Coffee 340g,8.73,2026-04-02
IN-KA-013,SKU-2010,Coconut Milk 400ml,2.37,2026-04-14
IN-KA-014,SKU-1002,Whole Wheat Bread,2.04,2026-05-03
IN-KA-015,SKU-1009,Tomato Sauce 400g,1.97,2026-05-14
IN-KA-016,SKU-2006,Dark Chocolate 100g,2.90,2026-05-25
IN-KA-017,SKU-2013,Chicken Breast 500g,8.15,2026-06-09
IN-KA-018,SKU-1005,Bananas 1kg,1.38,2026-06-24
IN-KA-019,SKU-2002,Orange Juice 1L,3.89,2026-01-01
IN-KA-020,SKU-2009,Black Beans 400g,1.47,2026-01-16
IN-KA-021,SKU-1001,Organic Milk 1L,3.48,2026-01-29
IN-KA-022,SKU-1008,Pasta Penne 500g,1.16,2026-02-15
IN-KA-023,SKU-2005,Almond Butter 365g,7.20,2026-02-26
IN-KA-024,SKU-2012,Ice Cream Vanilla 1L,4.28,2026-03-10
IN-KA-025,SKU-1004,Greek Yogurt 500g,1.77,2026-03-20
IN-KA-026,SKU-2001,Sparkling Water 6pk,3.39,2026-04-02
IN-KA-027,SKU-2008,Basmati Rice 5kg,13.12,2026-04-18
IN-KA-028,SKU-2015,Spinach Baby 200g,2.62,2026-05-04
IN-KA-029,SKU-1007,Olive Oil 500ml,9.17,2026-05-11
IN-KA-030,SKU-2004,Granola 400g,4.44,2026-05-26
IN-DL-001,SKU-2011,Frozen Pizza Margherita,5.80,2026-06-10
IN-DL-002,SKU-1003,Free Range Eggs 12ct,5.09,2026-06-22
IN-DL-003,SKU-1010,Cheddar Cheese 200g,3.94,2026-01-02
IN-DL-004,SKU-2007,Honey 500g,6.54,2026-01-17
IN-DL-005,SKU-2014,Salmon Fillet 300g,11.86,2026-02-01
IN-DL-006,SKU-1006,Avocado Hass 4pk,5.01,2026-02-10
IN-DL-007,SKU-2003,Ground Coffee 340g,9.79,2026-03-01
IN-DL-008,SKU-2010,Coconut Milk 400ml,2.47,2026-03-11
IN-DL-009,SKU-1002,Whole Wheat Bread,2.22,2026-03-22
IN-DL-010,SKU-1009,Tomato Sauce 400g,2.07,2026-04-08
IN-DL-011,SKU-2006,Dark Chocolate 100g,2.81,2026-04-20
IN-DL-012,SKU-2013,Chicken Breast 500g,8.48,2026-05-05
IN-DL-013,SKU-1005,Bananas 1kg,1.36,2026-05-12
IN-DL-014,SKU-2002,Orange Juice 1L,4.13,2026-05-31
IN-DL-015,SKU-2009,Black Beans 400g,1.21,2026-06-12
IN-DL-016,SKU-1001,Organic Milk 1L,3.08,2026-06-22
IN-DL-017,SKU-1008,Pasta Penne 500g,1.15,2026-01-07
IN-DL-018,SKU-2005,Almond Butter 365g,6.72,2026-01-22
IN-DL-019,SKU-2012,Ice Cream Vanilla 1L,4.50,2026-02-04
IN-DL-020,SKU-1004,Greek Yogurt 500g,1.70,2026-02-14
GB-LN-001,SKU-2001,Sparkling Water 6pk,3.75,2026-02-25
GB-LN-002,SKU-2008,Basmati Rice 5kg,15.37,2026-03-10
GB-LN-003,SKU-2015,Spinach Baby 200g,3.13,2026-03-26
GB-LN-004,SKU-1007,Olive Oil 500ml,10.47,2026-04-04
GB-LN-005,SKU-2004,Granola 400g,5.42,2026-04-20
GB-LN-006,SKU-2011,Frozen Pizza Margherita,6.54,2026-05-03
GB-LN-007,SKU-1003,Free Range Eggs 12ct,5.41,2026-05-18
GB-LN-008,SKU-1010,Cheddar Cheese 200g,4.30,2026-05-27
GB-LN-009,SKU-2007,Honey 500g,7.12,2026-06-10
GB-LN-010,SKU-2014,Salmon Fillet 300g,13.77,2026-06-21
GB-LN-011,SKU-1006,Avocado Hass 4pk,5.93,2026-01-10
GB-LN-012,SKU-2003,Ground Coffee 340g,11.60,2026-01-23
GB-LN-013,SKU-2010,Coconut Milk 400ml,2.92,2026-02-03
GB-LN-014,SKU-1002,Whole Wheat Bread,2.76,2026-02-15
GB-LN-015,SKU-1009,Tomato Sauce 400g,2.37,2026-03-01
GB-LN-016,SKU-2006,Dark Chocolate 100g,3.64,2026-03-15
GB-LN-017,SKU-2013,Chicken Breast 500g,9.03,2026-03-27
GB-LN-018,SKU-1005,Bananas 1kg,1.47,2026-04-05
GB-LN-019,SKU-2002,Orange Juice 1L,4.45,2026-04-19
GB-LN-020,SKU-2009,Black Beans 400g,1.54,2026-05-03
GB-LN-021,SKU-1001,Organic Milk 1L,4.04,2026-05-17
GB-LN-022,SKU-1008,Pasta Penne 500g,1.39,2026-06-01
GB-LN-023,SKU-2005,Almond Butter 365g,8.25,2026-06-09
GB-LN-024,SKU-2012,Ice Cream Vanilla 1L,4.81,2026-06-24
GB-LN-025,SKU-1004,Greek Yogurt 500g,2.05,2026-01-05
DE-BY-001,SKU-2001,Sparkling Water 6pk,4.04,2026-01-20
DE-BY-002,SKU-2008,Basmati Rice 5kg,15.41,2026-02-06
DE-BY-003,SKU-2015,Spinach Baby 200g,3.00,2026-02-17
DE-BY-004,SKU-1007,Olive Oil 500ml,9.84,2026-02-28
DE-BY-005,SKU-2004,Granola 400g,5.18,2026-03-17
DE-BY-006,SKU-2011,Frozen Pizza Margherita,6.99,2026-03-26
DE-BY-007,SKU-1003,Free Range Eggs 12ct,5.83,2026-04-08
DE-BY-008,SKU-1010,Cheddar Cheese 200g,4.39,2026-04-23
DE-BY-009,SKU-2007,Honey 500g,7.28,2026-05-08
DE-BY-010,SKU-2014,Salmon Fillet 300g,13.82,2026-05-18
DE-BY-011,SKU-1006,Avocado Hass 4pk,6.73,2026-06-03
DE-BY-012,SKU-2003,Ground Coffee 340g,11.84,2026-06-11
DE-BY-013,SKU-2010,Coconut Milk 400ml,3.01,2026-06-26
DE-BY-014,SKU-1002,Whole Wheat Bread,2.55,2026-01-09
DE-BY-015,SKU-1009,Tomato Sauce 400g,2.21,2026-01-22
DE-BY-016,SKU-2006,Dark Chocolate 100g,3.42,2026-02-06
DE-BY-017,SKU-2013,Chicken Breast 500g,9.57,2026-02-19
DE-BY-018,SKU-1005,Bananas 1kg,1.42,2026-03-04
DE-BY-019,SKU-2002,Orange Juice 1L,4.28,2026-03-17
DE-BY-020,SKU-2009,Black Beans 400g,1.66,2026-03-25
US-NY-001,SKU-1001,Organic Milk 1L,3.56,2026-04-08
US-NY-002,SKU-1008,Pasta Penne 500g,1.23,2026-04-23
US-NY-003,SKU-2005,Almond Butter 365g,7.58,2026-05-09
US-NY-004,SKU-2012,Ice Cream Vanilla 1L,4.50,2026-05-22
US-NY-005,SKU-1004,Greek Yogurt 500g,1.70,2026-05-31
US-NY-006,SKU-2001,Sparkling Water 6pk,3.16,2026-06-12
US-NY-007,SKU-2008,Basmati Rice 5kg,12.60,2026-06-26
US-NY-008,SKU-2015,Spinach Baby 200g,2.73,2026-01-12
US-NY-009,SKU-1007,Olive Oil 500ml,8.90,2026-01-20
US-NY-010,SKU-2004,Granola 400g,4.49,2026-02-08
US-NY-011,SKU-2011,Frozen Pizza Margherita,6.05,2026-02-17
US-NY-012,SKU-1003,Free Range Eggs 12ct,5.09,2026-03-01
US-NY-013,SKU-1010,Cheddar Cheese 200g,4.11,2026-03-19
US-NY-014,SKU-2007,Honey 500g,6.75,2026-03-26
US-NY-015,SKU-2014,Salmon Fillet 300g,12.59,2026-04-14
US-NY-016,SKU-1006,Avocado Hass 4pk,5.22,2026-04-26
US-NY-017,SKU-2003,Ground Coffee 340g,9.59,2026-05-04
US-NY-018,SKU-2010,Coconut Milk 400ml,2.42,2026-05-19
US-NY-019,SKU-1002,Whole Wheat Bread,2.24,2026-05-30
US-NY-020,SKU-1009,Tomato Sauce 400g,2.07,2026-06-13
US-NY-021,SKU-2006,Dark Chocolate 100g,2.99,2026-06-26
US-NY-022,SKU-2013,Chicken Breast 500g,8.57,2026-01-13
US-NY-023,SKU-1005,Bananas 1kg,1.32,2026-01-27
US-NY-024,SKU-2002,Orange Juice 1L,4.01,2026-02-06
US-NY-025,SKU-2009,Black Beans 400g,1.45,2026-02-21
US-NY-026,SKU-1001,Organic Milk 1L,3.66,2026-03-06
US-NY-027,SKU-1008,Pasta Penne 500g,1.13,2026-03-14
US-NY-028,SKU-2005,Almond Butter 365g,7.00,2026-04-02
US-NY-029,SKU-2012,Ice Cream Vanilla 1L,4.16,2026-04-12
US-NY-030,SKU-1004,Greek Yogurt 500g,1.75,2026-04-22
US-NY-031,SKU-2001,Sparkling Water 6pk,3.26,2026-05-06
US-NY-032,SKU-2008,Basmati Rice 5kg,12.99,2026-05-23
US-NY-033,SKU-2015,Spinach Baby 200g,2.82,2026-06-05
US-NY-034,SKU-1007,Olive Oil 500ml,9.17,2026-06-14
US-NY-035,SKU-2004,Granola 400g,4.62,2026-06-28
US-NY-036,SKU-2011,Frozen Pizza Margherita,6.23,2026-01-15
US-NY-037,SKU-1003,Free Range Eggs 12ct,5.24,2026-01-24
US-NY-038,SKU-1010,Cheddar Cheese 200g,3.79,2026-02-08
US-NY-039,SKU-2007,Honey 500g,6.23,2026-02-23
US-NY-040,SKU-2014,Salmon Fillet 300g,11.63,2026-03-05
US-NY-041,SKU-1006,Avocado Hass 4pk,5.38,2026-03-21
US-NY-042,SKU-2003,Ground Coffee 340g,9.89,2026-03-28
US-NY-043,SKU-2010,Coconut Milk 400ml,2.49,2026-04-11
US-NY-044,SKU-1002,Whole Wheat Bread,2.31,2026-04-27
US-NY-045,SKU-1009,Tomato Sauce 400g,2.13,2026-05-12
US-NY-046,SKU-2006,Dark Chocolate 100g,3.08,2026-05-25
US-NY-047,SKU-2013,Chicken Breast 500g,8.83,2026-06-01
US-NY-048,SKU-1005,Bananas 1kg,1.35,2026-06-19
US-NY-049,SKU-2002,Orange Juice 1L,3.70,2026-01-01
US-NY-050,SKU-2009,Black Beans 400g,1.33,2026-01-11
US-CA-001,SKU-1001,Organic Milk 1L,3.79,2026-01-28
US-CA-002,SKU-1008,Pasta Penne 500g,1.25,2026-02-09
US-CA-003,SKU-2005,Almond Butter 365g,8.16,2026-02-22
US-CA-004,SKU-2012,Ice Cream Vanilla 1L,4.89,2026-03-03
US-CA-005,SKU-1004,Greek Yogurt 500g,1.93,2026-03-17
US-CA-006,SKU-2001,Sparkling Water 6pk,3.72,2026-03-30
US-CA-007,SKU-2008,Basmati Rice 5kg,15.12,2026-04-15
US-CA-008,SKU-2015,Spinach Baby 200g,3.13,2026-04-24
US-CA-009,SKU-1007,Olive Oil 500ml,10.76,2026-05-09
US-CA-010,SKU-2004,Granola 400g,4.82,2026-05-22
US-CA-011,SKU-2011,Frozen Pizza Margherita,6.38,2026-06-06
US-CA-012,SKU-1003,Free Range Eggs 12ct,5.47,2026-06-17
US-CA-013,SKU-1010,Cheddar Cheese 200g,4.14,2026-01-01
US-CA-014,SKU-2007,Honey 500g,7.07,2026-01-15
US-CA-015,SKU-2014,Salmon Fillet 300g,13.43,2026-01-30
US-CA-016,SKU-1006,Avocado Hass 4pk,5.82,2026-02-07
US-CA-017,SKU-2003,Ground Coffee 340g,11.31,2026-02-22
US-CA-018,SKU-2010,Coconut Milk 400ml,2.82,2026-03-08
US-CA-019,SKU-1002,Whole Wheat Bread,2.52,2026-03-21
US-CA-020,SKU-1009,Tomato Sauce 400g,2.41,2026-04-05
US-CA-021,SKU-2006,Dark Chocolate 100g,3.01,2026-04-18
US-CA-022,SKU-2013,Chicken Breast 500g,9.13,2026-04-29
US-CA-023,SKU-1005,Bananas 1kg,1.38,2026-05-14
US-CA-024,SKU-2002,Orange Juice 1L,4.08,2026-05-24
US-CA-025,SKU-2009,Black Beans 400g,1.54,2026-06-04
US-CA-026,SKU-1001,Organic Milk 1L,3.91,2026-06-19
US-CA-027,SKU-1008,Pasta Penne 500g,1.29,2026-01-01
US-CA-028,SKU-2005,Almond Butter 365g,8.40,2026-01-13
US-CA-029,SKU-2012,Ice Cream Vanilla 1L,5.04,2026-01-29
US-CA-030,SKU-1004,Greek Yogurt 500g,1.99,2026-02-10
US-CA-031,SKU-2001,Sparkling Water 6pk,3.83,2026-02-23
US-CA-032,SKU-2008,Basmati Rice 5kg,13.94,2026-03-06
US-CA-033,SKU-2015,Spinach Baby 200g,2.89,2026-03-23
US-CA-034,SKU-1007,Olive Oil 500ml,9.94,2026-04-01
US-CA-035,SKU-2004,Granola 400g,4.97,2026-04-13
US-CA-036,SKU-2011,Frozen Pizza Margherita,6.58,2026-05-02
US-CA-037,SKU-1003,Free Range Eggs 12ct,5.64,2026-05-15
US-CA-038,SKU-1010,Cheddar Cheese 200g,4.27,2026-05-24
US-CA-039,SKU-2007,Honey 500g,7.28,2026-06-08
US-CA-040,SKU-2014,Salmon Fillet 300g,13.83,2026-06-18
US-CA-041,SKU-1006,Avocado Hass 4pk,6.00,2026-06-30
US-CA-042,SKU-2003,Ground Coffee 340g,11.64,2026-01-14
US-CA-043,SKU-2010,Coconut Milk 400ml,2.60,2026-02-01
US-CA-044,SKU-1002,Whole Wheat Bread,2.33,2026-02-14
US-CA-045,SKU-1009,Tomato Sauce 400g,2.23,2026-02-26
US-CA-046,SKU-2006,Dark Chocolate 100g,3.11,2026-03-08
US-CA-047,SKU-2013,Chicken Breast 500g,9.41,2026-03-20
US-CA-048,SKU-1005,Bananas 1kg,1.42,2026-04-04
US-CA-049,SKU-2002,Orange Juice 1L,4.20,2026-04-18
US-CA-050,SKU-2009,Black Beans 400g,1.59,2026-04-27
US-TX-001,SKU-1001,Organic Milk 1L,3.59,2026-05-14
US-TX-002,SKU-1008,Pasta Penne 500g,1.24,2026-05-29
US-TX-003,SKU-2005,Almond Butter 365g,7.65,2026-06-05
US-TX-004,SKU-2012,Ice Cream Vanilla 1L,4.08,2026-06-23
US-TX-005,SKU-1004,Greek Yogurt 500g,1.72,2026-01-07
US-TX-006,SKU-2001,Sparkling Water 6pk,3.19,2026-01-18
US-TX-007,SKU-2008,Basmati Rice 5kg,12.73,2026-01-28
US-TX-008,SKU-2015,Spinach Baby 200g,2.76,2026-02-09
US-TX-009,SKU-1007,Olive Oil 500ml,8.99,2026-02-26
US-TX-010,SKU-2004,Granola 400g,4.53,2026-03-11
US-TX-011,SKU-2011,Frozen Pizza Margherita,6.11,2026-03-21
US-TX-012,SKU-1003,Free Range Eggs 12ct,5.14,2026-04-03
US-TX-013,SKU-1010,Cheddar Cheese 200g,4.15,2026-04-18
US-TX-014,SKU-2007,Honey 500g,6.81,2026-05-04
US-TX-015,SKU-2014,Salmon Fillet 300g,11.39,2026-05-17
US-TX-016,SKU-1006,Avocado Hass 4pk,5.27,2026-05-24
US-TX-017,SKU-2003,Ground Coffee 340g,9.69,2026-06-06
US-TX-018,SKU-2010,Coconut Milk 400ml,2.44,2026-06-19
US-TX-019,SKU-1002,Whole Wheat Bread,2.27,2026-01-08
US-TX-020,SKU-1009,Tomato Sauce 400g,2.09,2026-01-19
US-TX-021,SKU-2006,Dark Chocolate 100g,3.02,2026-01-30
US-TX-022,SKU-2013,Chicken Breast 500g,8.66,2026-02-11
US-TX-023,SKU-1005,Bananas 1kg,1.33,2026-02-28
US-TX-024,SKU-2002,Orange Juice 1L,4.05,2026-03-13
US-TX-025,SKU-2009,Black Beans 400g,1.46,2026-03-27
US-TX-026,SKU-1001,Organic Milk 1L,3.32,2026-04-03
US-TX-027,SKU-1008,Pasta Penne 500g,1.14,2026-04-22
US-TX-028,SKU-2005,Almond Butter 365g,7.07,2026-04-30
US-TX-029,SKU-2012,Ice Cream Vanilla 1L,4.20,2026-05-13
US-TX-030,SKU-1004,Greek Yogurt 500g,1.77,2026-05-30
US-TX-031,SKU-2001,Sparkling Water 6pk,3.29,2026-06-09
US-TX-032,SKU-2008,Basmati Rice 5kg,13.12,2026-06-20
US-TX-033,SKU-2015,Spinach Baby 200g,2.85,2026-01-03
US-TX-034,SKU-1007,Olive Oil 500ml,9.26,2026-01-17
US-TX-035,SKU-2004,Granola 400g,4.67,2026-01-29
US-TX-036,SKU-2011,Frozen Pizza Margherita,6.29,2026-02-14
US-TX-037,SKU-1003,Free Range Eggs 12ct,4.74,2026-02-28
US-TX-038,SKU-1010,Cheddar Cheese 200g,3.83,2026-03-11
US-TX-039,SKU-2007,Honey 500g,6.30,2026-03-22
US-TX-040,SKU-2014,Salmon Fillet 300g,11.75,2026-04-08
US-FL-001,SKU-1006,Avocado Hass 4pk,5.44,2026-04-19
US-FL-002,SKU-2003,Ground Coffee 340g,9.99,2026-05-03
US-FL-003,SKU-2010,Coconut Milk 400ml,2.51,2026-05-18
US-FL-004,SKU-1002,Whole Wheat Bread,2.34,2026-05-28
US-FL-005,SKU-1009,Tomato Sauce 400g,2.15,2026-06-11
US-FL-006,SKU-2006,Dark Chocolate 100g,3.11,2026-06-21
US-FL-007,SKU-2013,Chicken Breast 500g,8.91,2026-01-07
US-FL-008,SKU-1005,Bananas 1kg,1.23,2026-01-21
US-FL-009,SKU-2002,Orange Juice 1L,3.73,2026-01-30
US-FL-010,SKU-2009,Black Beans 400g,1.35,2026-02-16
US-FL-011,SKU-1001,Organic Milk 1L,3.42,2026-02-25
US-FL-012,SKU-1008,Pasta Penne 500g,1.18,2026-03-11
US-FL-013,SKU-2005,Almond Butter 365g,7.29,2026-03-23
US-FL-014,SKU-2012,Ice Cream Vanilla 1L,4.33,2026-04-06
US-FL-015,SKU-1004,Greek Yogurt 500g,1.83,2026-04-23
US-FL-016,SKU-2001,Sparkling Water 6pk,3.39,2026-05-03
US-FL-017,SKU-2008,Basmati Rice 5kg,13.51,2026-05-19
US-FL-018,SKU-2015,Spinach Baby 200g,2.93,2026-05-31
US-FL-019,SKU-1007,Olive Oil 500ml,8.54,2026-06-15
US-FL-020,SKU-2004,Granola 400g,4.31,2026-06-26
US-FL-021,SKU-2011,Frozen Pizza Margherita,5.81,2026-01-08
US-FL-022,SKU-1003,Free Range Eggs 12ct,4.89,2026-01-21
US-FL-023,SKU-1010,Cheddar Cheese 200g,3.95,2026-02-06
US-FL-024,SKU-2007,Honey 500g,6.49,2026-02-19
US-FL-025,SKU-2014,Salmon Fillet 300g,12.11,2026-02-26
US-FL-026,SKU-1006,Avocado Hass 4pk,5.60,2026-03-12
US-FL-027,SKU-2003,Ground Coffee 340g,10.29,2026-03-26
US-FL-028,SKU-2010,Coconut Milk 400ml,2.59,2026-04-12
US-FL-029,SKU-1002,Whole Wheat Bread,2.40,2026-04-19
US-FL-030,SKU-1009,Tomato Sauce 400g,1.99,2026-05-08
IN-MH-001,SKU-2006,Dark Chocolate 100g,2.73,2026-05-21
IN-MH-002,SKU-2013,Chicken Breast 500g,7.66,2026-05-30
IN-MH-003,SKU-1005,Bananas 1kg,1.18,2026-06-12
IN-MH-004,SKU-2002,Orange Juice 1L,3.81,2026-06-23
IN-MH-005,SKU-2009,Black Beans 400g,1.28,2026-01-11
IN-MH-006,SKU-1001,Organic Milk 1L,3.24,2026-01-19
IN-MH-007,SKU-1008,Pasta Penne 500g,1.13,2026-02-06
IN-MH-008,SKU-2005,Almond Butter 365g,6.98,2026-02-16
IN-MH-009,SKU-2012,Ice Cream Vanilla 1L,4.15,2026-03-01
IN-MH-010,SKU-1004,Greek Yogurt 500g,1.88,2026-03-13
IN-MH-011,SKU-2001,Sparkling Water 6pk,2.94,2026-03-25
IN-MH-012,SKU-2008,Basmati Rice 5kg,11.72,2026-04-08
IN-MH-013,SKU-2015,Spinach Baby 200g,2.49,2026-04-24
IN-MH-014,SKU-1007,Olive Oil 500ml,8.72,2026-05-05
IN-MH-015,SKU-2004,Granola 400g,4.27,2026-05-20
IN-MH-016,SKU-2011,Frozen Pizza Margherita,5.51,2026-05-30
IN-MH-017,SKU-1003,Free Range Eggs 12ct,4.64,2026-06-15
IN-MH-018,SKU-1010,Cheddar Cheese 200g,3.99,2026-06-28
IN-MH-019,SKU-2007,Honey 500g,6.89,2026-01-08
IN-MH-020,SKU-2014,Salmon Fillet 300g,11.97,2026-01-26
IN-MH-021,SKU-1006,Avocado Hass 4pk,5.65,2026-02-07
IN-MH-022,SKU-2003,Ground Coffee 340g,9.02,2026-02-15
IN-MH-023,SKU-2010,Coconut Milk 400ml,2.20,2026-03-04
IN-MH-024,SKU-1002,Whole Wheat Bread,2.15,2026-03-19
IN-MH-025,SKU-1009,Tomato Sauce 400g,2.09,2026-03-31
IN-MH-026,SKU-2006,Dark Chocolate 100g,2.81,2026-04-13
IN-MH-027,SKU-2013,Chicken Breast 500g,8.32,2026-04-21
IN-MH-028,SKU-1005,Bananas 1kg,1.26,2026-05-06
IN-MH-029,SKU-2002,Orange Juice 1L,4.13,2026-05-20
IN-MH-030,SKU-2009,Black Beans 400g,1.47,2026-06-04
IN-MH-031,SKU-1001,Organic Milk 1L,3.48,2026-06-14
IN-MH-032,SKU-1008,Pasta Penne 500g,1.24,2026-01-01
IN-MH-033,SKU-2005,Almond Butter 365g,6.44,2026-01-08
IN-MH-034,SKU-2012,Ice Cream Vanilla 1L,3.79,2026-01-22
IN-MH-035,SKU-1004,Greek Yogurt 500g,1.68,2026-02-04
IN-MH-036,SKU-2001,Sparkling Water 6pk,3.35,2026-02-20
IN-MH-037,SKU-2008,Basmati Rice 5kg,13.37,2026-03-03
IN-MH-038,SKU-2015,Spinach Baby 200g,2.85,2026-03-14
IN-MH-039,SKU-1007,Olive Oil 500ml,8.54,2026-03-27
IN-MH-040,SKU-2004,Granola 400g,4.31,2026-04-14
IN-KA-001,SKU-2011,Frozen Pizza Margherita,5.98,2026-04-25
IN-KA-002,SKU-1003,Free Range Eggs 12ct,5.50,2026-05-10
IN-KA-003,SKU-1010,Cheddar Cheese 200g,3.90,2026-05-22
IN-KA-004,SKU-2007,Honey 500g,6.23,2026-06-03
IN-KA-005,SKU-2014,Salmon Fillet 300g,12.20,2026-06-17
IN-KA-006,SKU-1006,Avocado Hass 4pk,5.06,2026-06-30
IN-KA-007,SKU-2003,Ground Coffee 340g,10.18,2026-01-09
IN-KA-008,SKU-2010,Coconut Milk 400ml,2.37,2026-01-22
IN-KA-009,SKU-1002,Whole Wheat Bread,2.15,2026-02-08
IN-KA-010,SKU-1009,Tomato Sauce 400g,1.98,2026-02-20
IN-KA-011,SKU-2006,Dark Chocolate 100g,2.93,2026-03-06
IN-KA-012,SKU-2013,Chicken Breast 500g,8.92,2026-03-16
IN-KA-013,SKU-1005,Bananas 1kg,1.42,2026-03-28
IN-KA-014,SKU-2002,Orange Juice 1L,4.29,2026-04-16
IN-KA-015,SKU-2009,Black Beans 400g,1.23,2026-04-27
IN-KA-016,SKU-1001,Organic Milk 1L,3.32,2026-05-08
IN-KA-017,SKU-1008,Pasta Penne 500g,1.18,2026-05-23
IN-KA-018,SKU-2005,Almond Butter 365g,7.29,2026-06-07
IN-KA-019,SKU-2012,Ice Cream Vanilla 1L,4.12,2026-06-14
IN-KA-020,SKU-1004,Greek Yogurt 500g,1.83,2026-06-29
IN-KA-021,SKU-2001,Sparkling Water 6pk,3.19,2026-01-12
IN-KA-022,SKU-2008,Basmati Rice 5kg,13.65,2026-01-29
IN-KA-023,SKU-2015,Spinach Baby 200g,2.67,2026-02-09
IN-KA-024,SKU-1007,Olive Oil 500ml,9.26,2026-02-21
IN-KA-025,SKU-2004,Granola 400g,4.76,2026-03-03
IN-KA-026,SKU-2011,Frozen Pizza Margherita,5.58,2026-03-16
IN-KA-027,SKU-1003,Free Range Eggs 12ct,4.79,2026-04-01
IN-KA-028,SKU-1010,Cheddar Cheese 200g,3.64,2026-04-17
IN-KA-029,SKU-2007,Honey 500g,6.04,2026-04-24
IN-KA-030,SKU-2014,Salmon Fillet 300g,11.04,2026-05-09
IN-DL-001,SKU-1006,Avocado Hass 4pk,5.60,2026-05-24
IN-DL-002,SKU-2003,Ground Coffee 340g,9.59,2026-06-05
IN-DL-003,SKU-2010,Coconut Milk 400ml,2.46,2026-06-15
IN-DL-004,SKU-1002,Whole Wheat Bread,2.29,2026-06-30
IN-DL-005,SKU-1009,Tomato Sauce 400g,2.17,2026-01-15
IN-DL-006,SKU-2006,Dark Chocolate 100g,3.08,2026-01-24
IN-DL-007,SKU-2013,Chicken Breast 500g,8.47,2026-02-12
IN-DL-008,SKU-1005,Bananas 1kg,1.26,2026-02-22
IN-DL-009,SKU-2002,Orange Juice 1L,3.58,2026-03-05
IN-DL-010,SKU-2009,Black Beans 400g,1.28,2026-03-22
IN-DL-011,SKU-1001,Organic Milk 1L,3.28,2026-04-03
IN-DL-012,SKU-1008,Pasta Penne 500g,1.15,2026-04-18
IN-DL-013,SKU-2005,Almond Butter 365g,7.51,2026-04-25
IN-DL-014,SKU-2012,Ice Cream Vanilla 1L,4.46,2026-05-14
IN-DL-015,SKU-1004,Greek Yogurt 500g,1.95,2026-05-26
IN-DL-016,SKU-2001,Sparkling Water 6pk,3.52,2026-06-05
IN-DL-017,SKU-2008,Basmati Rice 5kg,13.23,2026-06-20
IN-DL-018,SKU-2015,Spinach Baby 200g,2.76,2026-01-05
IN-DL-019,SKU-1007,Olive Oil 500ml,8.80,2026-01-18
IN-DL-020,SKU-2004,Granola 400g,4.40,2026-01-28
GB-LN-001,SKU-2011,Frozen Pizza Margherita,6.63,2026-02-08
GB-LN-002,SKU-1003,Free Range Eggs 12ct,5.73,2026-02-21
GB-LN-003,SKU-1010,Cheddar Cheese 200g,4.35,2026-03-09
GB-LN-004,SKU-2007,Honey 500g,7.34,2026-03-18
GB-LN-005,SKU-2014,Salmon Fillet 300g,14.06,2026-04-03
GB-LN-006,SKU-1006,Avocado Hass 4pk,6.50,2026-04-16
GB-LN-007,SKU-2003,Ground Coffee 340g,11.74,2026-05-01
GB-LN-008,SKU-2010,Coconut Milk 400ml,2.90,2026-05-10
GB-LN-009,SKU-1002,Whole Wheat Bread,2.44,2026-05-24
GB-LN-010,SKU-1009,Tomato Sauce 400g,2.33,2026-06-04
GB-LN-011,SKU-2006,Dark Chocolate 100g,3.13,2026-06-23
GB-LN-012,SKU-2013,Chicken Breast 500g,9.57,2026-01-06
GB-LN-013,SKU-1005,Bananas 1kg,1.47,2026-01-17
GB-LN-014,SKU-2002,Orange Juice 1L,4.55,2026-01-29
GB-LN-015,SKU-2009,Black Beans 400g,1.53,2026-02-12
GB-LN-016,SKU-1001,Organic Milk 1L,4.13,2026-02-26
GB-LN-017,SKU-1008,Pasta Penne 500g,1.37,2026-03-10
GB-LN-018,SKU-2005,Almond Butter 365g,9.02,2026-03-19
GB-LN-019,SKU-2012,Ice Cream Vanilla 1L,5.32,2026-04-02
GB-LN-020,SKU-1004,Greek Yogurt 500g,1.92,2026-04-16
GB-LN-021,SKU-2001,Sparkling Water 6pk,3.70,2026-04-30
GB-LN-022,SKU-2008,Basmati Rice 5kg,14.74,2026-05-15
GB-LN-023,SKU-2015,Spinach Baby 200g,3.06,2026-05-23
GB-LN-024,SKU-1007,Olive Oil 500ml,9.79,2026-06-07
GB-LN-025,SKU-2004,Granola 400g,4.98,2026-06-18
DE-BY-001,SKU-2011,Frozen Pizza Margherita,7.14,2026-01-03
DE-BY-002,SKU-1003,Free Range Eggs 12ct,5.75,2026-01-20
DE-BY-003,SKU-1010,Cheddar Cheese 200g,4.64,2026-01-31
DE-BY-004,SKU-2007,Honey 500g,7.69,2026-02-11
DE-BY-005,SKU-2014,Salmon Fillet 300g,14.98,2026-02-28
DE-BY-006,SKU-1006,Avocado Hass 4pk,6.21,2026-03-09
DE-BY-007,SKU-2003,Ground Coffee 340g,11.32,2026-03-22
DE-BY-008,SKU-2010,Coconut Milk 400ml,2.66,2026-04-06
DE-BY-009,SKU-1002,Whole Wheat Bread,2.49,2026-04-21
DE-BY-010,SKU-1009,Tomato Sauce 400g,2.34,2026-05-01
DE-BY-011,SKU-2006,Dark Chocolate 100g,3.56,2026-05-17
DE-BY-012,SKU-2013,Chicken Breast 500g,9.78,2026-05-25
DE-BY-013,SKU-1005,Bananas 1kg,1.51,2026-06-09
DE-BY-014,SKU-2002,Orange Juice 1L,4.69,2026-06-22
DE-BY-015,SKU-2009,Black Beans 400g,1.59,2026-01-05
DE-BY-016,SKU-1001,Organic Milk 1L,4.32,2026-01-20
DE-BY-017,SKU-1008,Pasta Penne 500g,1.30,2026-02-02
DE-BY-018,SKU-2005,Almond Butter 365g,7.77,2026-02-15
DE-BY-019,SKU-2012,Ice Cream Vanilla 1L,4.58,2026-02-28
DE-BY-020,SKU-1004,Greek Yogurt 500g,2.07,2026-03-08
US-NY-001,SKU-2001,Sparkling Water 6pk,3.26,2026-03-22
US-NY-002,SKU-2008,Basmati Rice 5kg,12.99,2026-04-06
US-NY-003,SKU-2015,Spinach Baby 200g,2.82,2026-04-22
US-NY-004,SKU-1007,Olive Oil 500ml,9.17,2026-05-05
US-NY-005,SKU-2004,Granola 400g,4.62,2026-05-14
US-NY-006,SKU-2011,Frozen Pizza Margherita,6.23,2026-05-26
US-NY-007,SKU-1003,Free Range Eggs 12ct,5.24,2026-06-09
US-NY-008,SKU-1010,Cheddar Cheese 200g,3.79,2026-06-25
US-NY-009,SKU-2007,Honey 500g,6.23,2026-01-03
US-NY-010,SKU-2014,Salmon Fillet 300g,11.63,2026-01-22
US-NY-011,SKU-1006,Avocado Hass 4pk,5.38,2026-01-31
US-NY-012,SKU-2003,Ground Coffee 340g,9.89,2026-02-12
US-NY-013,SKU-2010,Coconut Milk 400ml,2.49,2026-03-02
US-NY-014,SKU-1002,Whole Wheat Bread,2.31,2026-03-09
US-NY-015,SKU-1009,Tomato Sauce 400g,2.13,2026-03-28
US-NY-016,SKU-2006,Dark Chocolate 100g,3.08,2026-04-09
US-NY-017,SKU-2013,Chicken Breast 500g,8.83,2026-04-17
US-NY-018,SKU-1005,Bananas 1kg,1.35,2026-05-02
US-NY-019,SKU-2002,Orange Juice 1L,3.70,2026-05-13
US-NY-020,SKU-2009,Black Beans 400g,1.33,2026-05-27
US-NY-021,SKU-1001,Organic Milk 1L,3.39,2026-06-09
US-NY-022,SKU-1008,Pasta Penne 500g,1.17,2026-06-26
US-NY-023,SKU-2005,Almond Butter 365g,7.22,2026-01-10
US-NY-024,SKU-2012,Ice Cream Vanilla 1L,4.29,2026-01-20
US-NY-025,SKU-1004,Greek Yogurt 500g,1.81,2026-02-04
US-NY-026,SKU-2001,Sparkling Water 6pk,3.36,2026-02-17
US-NY-027,SKU-2008,Basmati Rice 5kg,13.38,2026-02-25
US-NY-028,SKU-2015,Spinach Baby 200g,2.90,2026-03-16
US-NY-029,SKU-1007,Olive Oil 500ml,9.44,2026-03-26
US-NY-030,SKU-2004,Granola 400g,4.27,2026-04-05
US-NY-031,SKU-2011,Frozen Pizza Margherita,5.75,2026-04-19
US-NY-032,SKU-1003,Free Range Eggs 12ct,4.84,2026-05-06
US-NY-033,SKU-1010,Cheddar Cheese 200g,3.91,2026-05-19
US-NY-034,SKU-2007,Honey 500g,6.43,2026-05-28
US-NY-035,SKU-2014,Salmon Fillet 300g,11.99,2026-06-11
US-NY-036,SKU-1006,Avocado Hass 4pk,5.54,2026-06-28
US-NY-037,SKU-2003,Ground Coffee 340g,10.19,2026-01-07
US-NY-038,SKU-2010,Coconut Milk 400ml,2.56,2026-01-22
US-NY-039,SKU-1002,Whole Wheat Bread,2.38,2026-02-06
US-NY-040,SKU-1009,Tomato Sauce 400g,2.19,2026-02-16
US-NY-041,SKU-2006,Dark Chocolate 100g,2.84,2026-03-04
US-NY-042,SKU-2013,Chicken Breast 500g,8.15,2026-03-11
US-NY-043,SKU-1005,Bananas 1kg,1.25,2026-03-25
US-NY-044,SKU-2002,Orange Juice 1L,3.81,2026-04-10
US-NY-045,SKU-2009,Black Beans 400g,1.38,2026-04-25
US-NY-046,SKU-1001,Organic Milk 1L,3.49,2026-05-08
US-NY-047,SKU-1008,Pasta Penne 500g,1.20,2026-05-15
US-NY-048,SKU-2005,Almond Butter 365g,7.44,2026-06-02
US-NY-049,SKU-2012,Ice Cream Vanilla 1L,4.42,2026-06-14
US-NY-050,SKU-1004,Greek Yogurt 500g,1.86,2026-06-24
US-CA-001,SKU-2001,Sparkling Water 6pk,3.83,2026-01-11
US-CA-002,SKU-2008,Basmati Rice 5kg,13.94,2026-01-23
US-CA-003,SKU-2015,Spinach Baby 200g,2.89,2026-02-05
US-CA-004,SKU-1007,Olive Oil 500ml,9.94,2026-02-14
US-CA-005,SKU-2004,Granola 400g,4.97,2026-02-28
US-CA-006,SKU-2011,Frozen Pizza Margherita,6.58,2026-03-13
US-CA-007,SKU-1003,Free Range Eggs 12ct,5.64,2026-03-29
US-CA-008,SKU-1010,Cheddar Cheese 200g,4.27,2026-04-07
US-CA-009,SKU-2007,Honey 500g,7.28,2026-04-22
US-CA-010,SKU-2014,Salmon Fillet 300g,13.83,2026-05-05
US-CA-011,SKU-1006,Avocado Hass 4pk,6.00,2026-05-20
US-CA-012,SKU-2003,Ground Coffee 340g,11.64,2026-05-31
US-CA-013,SKU-2010,Coconut Milk 400ml,2.60,2026-06-14
US-CA-014,SKU-1002,Whole Wheat Bread,2.33,2026-06-28
US-CA-015,SKU-1009,Tomato Sauce 400g,2.23,2026-01-13
US-CA-016,SKU-2006,Dark Chocolate 100g,3.11,2026-01-21
US-CA-017,SKU-2013,Chicken Breast 500g,9.41,2026-02-05
US-CA-018,SKU-1005,Bananas 1kg,1.42,2026-02-19
US-CA-019,SKU-2002,Orange Juice 1L,4.20,2026-03-04
US-CA-020,SKU-2009,Black Beans 400g,1.59,2026-03-19
US-CA-021,SKU-1001,Organic Milk 1L,4.03,2026-04-01
US-CA-022,SKU-1008,Pasta Penne 500g,1.32,2026-04-12
US-CA-023,SKU-2005,Almond Butter 365g,8.65,2026-04-27
US-CA-024,SKU-2012,Ice Cream Vanilla 1L,4.65,2026-05-07
US-CA-025,SKU-1004,Greek Yogurt 500g,1.84,2026-05-18
US-CA-026,SKU-2001,Sparkling Water 6pk,3.54,2026-06-02
US-CA-027,SKU-2008,Basmati Rice 5kg,14.39,2026-06-14
US-CA-028,SKU-2015,Spinach Baby 200g,2.98,2026-06-26
US-CA-029,SKU-1007,Olive Oil 500ml,10.25,2026-01-12
US-CA-030,SKU-2004,Granola 400g,5.12,2026-01-24
US-CA-031,SKU-2011,Frozen Pizza Margherita,6.78,2026-02-06
US-CA-032,SKU-1003,Free Range Eggs 12ct,5.81,2026-02-17
US-CA-033,SKU-1010,Cheddar Cheese 200g,4.40,2026-03-06
US-CA-034,SKU-2007,Honey 500g,7.50,2026-03-15
US-CA-035,SKU-2014,Salmon Fillet 300g,12.76,2026-03-27
US-CA-036,SKU-1006,Avocado Hass 4pk,5.53,2026-04-15
US-CA-037,SKU-2003,Ground Coffee 340g,10.76,2026-04-28
US-CA-038,SKU-2010,Coconut Milk 400ml,2.68,2026-05-07
US-CA-039,SKU-1002,Whole Wheat Bread,2.40,2026-05-22
US-CA-040,SKU-1009,Tomato Sauce 400g,2.30,2026-06-01
US-CA-041,SKU-2006,Dark Chocolate 100g,3.20,2026-06-13
US-CA-042,SKU-2013,Chicken Breast 500g,9.70,2026-06-27
US-CA-043,SKU-1005,Bananas 1kg,1.46,2026-01-15
US-CA-044,SKU-2002,Orange Juice 1L,4.33,2026-01-28
US-CA-045,SKU-2009,Black Beans 400g,1.63,2026-02-09
US-CA-046,SKU-1001,Organic Milk 1L,3.71,2026-02-19
US-CA-047,SKU-1008,Pasta Penne 500g,1.22,2026-03-03
US-CA-048,SKU-2005,Almond Butter 365g,7.99,2026-03-18
US-CA-049,SKU-2012,Ice Cream Vanilla 1L,4.79,2026-04-01
US-CA-050,SKU-1004,Greek Yogurt 500g,1.90,2026-04-10
US-TX-001,SKU-2001,Sparkling Water 6pk,3.29,2026-04-27
US-TX-002,SKU-2008,Basmati Rice 5kg,13.12,2026-05-12
US-TX-003,SKU-2015,Spinach Baby 200g,2.85,2026-05-19
US-TX-004,SKU-1007,Olive Oil 500ml,9.26,2026-06-06
US-TX-005,SKU-2004,Granola 400g,4.67,2026-06-20
US-TX-006,SKU-2011,Frozen Pizza Margherita,6.29,2026-01-01
US-TX-007,SKU-1003,Free Range Eggs 12ct,4.74,2026-01-11
US-TX-008,SKU-1010,Cheddar Cheese 200g,3.83,2026-01-23
US-TX-009,SKU-2007,Honey 500g,6.30,2026-02-09
US-TX-010,SKU-2014,Salmon Fillet 300g,11.75,2026-02-22
US-TX-011,SKU-1006,Avocado Hass 4pk,5.44,2026-03-04
US-TX-012,SKU-2003,Ground Coffee 340g,9.99,2026-03-17
US-TX-013,SKU-2010,Coconut Milk 400ml,2.51,2026-04-01
US-TX-014,SKU-1002,Whole Wheat Bread,2.34,2026-04-17
US-TX-015,SKU-1009,Tomato Sauce 400g,2.15,2026-04-30
US-TX-016,SKU-2006,Dark Chocolate 100g,3.11,2026-05-07
US-TX-017,SKU-2013,Chicken Breast 500g,8.91,2026-05-20
US-TX-018,SKU-1005,Bananas 1kg,1.23,2026-06-02
US-TX-019,SKU-2002,Orange Juice 1L,3.73,2026-06-21
US-TX-020,SKU-2009,Black Beans 400g,1.35,2026-01-02
US-TX-021,SKU-1001,Organic Milk 1L,3.42,2026-01-13
US-TX-022,SKU-1008,Pasta Penne 500g,1.18,2026-01-25
US-TX-023,SKU-2005,Almond Butter 365g,7.29,2026-02-11
US-TX-024,SKU-2012,Ice Cream Vanilla 1L,4.33,2026-02-24
US-TX-025,SKU-1004,Greek Yogurt 500g,1.83,2026-03-10
US-TX-026,SKU-2001,Sparkling Water 6pk,3.39,2026-03-17
US-TX-027,SKU-2008,Basmati Rice 5kg,13.51,2026-04-05
US-TX-028,SKU-2015,Spinach Baby 200g,2.93,2026-04-13
US-TX-029,SKU-1007,Olive Oil 500ml,8.54,2026-04-26
US-TX-030,SKU-2004,Granola 400g,4.31,2026-05-13
US-TX-031,SKU-2011,Frozen Pizza Margherita,5.81,2026-05-23
US-TX-032,SKU-1003,Free Range Eggs 12ct,4.89,2026-06-03
US-TX-033,SKU-1010,Cheddar Cheese 200g,3.95,2026-06-16
US-TX-034,SKU-2007,Honey 500g,6.49,2026-06-30
US-TX-035,SKU-2014,Salmon Fillet 300g,12.11,2026-01-12
US-TX-036,SKU-1006,Avocado Hass 4pk,5.60,2026-01-28
US-TX-037,SKU-2003,Ground Coffee 340g,10.29,2026-02-11
US-TX-038,SKU-2010,Coconut Milk 400ml,2.59,2026-02-22
US-TX-039,SKU-1002,Whole Wheat Bread,2.40,2026-03-05
US-TX-040,SKU-1009,Tomato Sauce 400g,1.99,2026-03-22
US-FL-001,SKU-2006,Dark Chocolate 100g,2.87,2026-04-02
US-FL-002,SKU-2013,Chicken Breast 500g,8.24,2026-04-16
US-FL-003,SKU-1005,Bananas 1kg,1.26,2026-05-01
US-FL-004,SKU-2002,Orange Juice 1L,3.85,2026-05-11
US-FL-005,SKU-2009,Black Beans 400g,1.39,2026-05-25
US-FL-006,SKU-1001,Organic Milk 1L,3.52,2026-06-04
US-FL-007,SKU-1008,Pasta Penne 500g,1.21,2026-06-20
US-FL-008,SKU-2005,Almond Butter 365g,7.51,2026-01-04
US-FL-009,SKU-2012,Ice Cream Vanilla 1L,4.46,2026-01-13
US-FL-010,SKU-1004,Greek Yogurt 500g,1.88,2026-01-30
US-FL-011,SKU-2001,Sparkling Water 6pk,3.13,2026-02-08
US-FL-012,SKU-2008,Basmati Rice 5kg,12.47,2026-02-22
US-FL-013,SKU-2015,Spinach Baby 200g,2.71,2026-03-06
US-FL-014,SKU-1007,Olive Oil 500ml,8.81,2026-03-20
US-FL-015,SKU-2004,Granola 400g,4.45,2026-04-06
US-FL-016,SKU-2011,Frozen Pizza Margherita,5.99,2026-04-16
US-FL-017,SKU-1003,Free Range Eggs 12ct,5.04,2026-05-02
US-FL-018,SKU-1010,Cheddar Cheese 200g,4.07,2026-05-14
US-FL-019,SKU-2007,Honey 500g,6.68,2026-05-29
US-FL-020,SKU-2014,Salmon Fillet 300g,12.47,2026-06-09
US-FL-021,SKU-1006,Avocado Hass 4pk,5.76,2026-06-21
US-FL-022,SKU-2003,Ground Coffee 340g,9.49,2026-01-04
US-FL-023,SKU-2010,Coconut Milk 400ml,2.39,2026-01-20
US-FL-024,SKU-1002,Whole Wheat Bread,2.22,2026-02-02
US-FL-025,SKU-1009,Tomato Sauce 400g,2.05,2026-02-09
US-FL-026,SKU-2006,Dark Chocolate 100g,2.96,2026-02-23
US-FL-027,SKU-2013,Chicken Breast 500g,8.49,2026-03-09
US-FL-028,SKU-1005,Bananas 1kg,1.30,2026-03-26
US-FL-029,SKU-2002,Orange Juice 1L,3.97,2026-04-02
US-FL-030,SKU-2009,Black Beans 400g,1.43,2026-04-21
IN-MH-001,SKU-1001,Organic Milk 1L,3.52,2026-05-04
IN-MH-002,SKU-1008,Pasta Penne 500g,1.17,2026-05-13
IN-MH-003,SKU-2005,Almond Butter 365g,6.86,2026-05-26
IN-MH-004,SKU-2012,Ice Cream Vanilla 1L,3.95,2026-06-06
IN-MH-005,SKU-1004,Greek Yogurt 500g,1.63,2026-06-24
IN-MH-006,SKU-2001,Sparkling Water 6pk,3.35,2026-01-02
IN-MH-007,SKU-2008,Basmati Rice 5kg,12.22,2026-01-20
IN-MH-008,SKU-2015,Spinach Baby 200g,2.59,2026-01-30
IN-MH-009,SKU-1007,Olive Oil 500ml,9.26,2026-02-12
IN-MH-010,SKU-2004,Granola 400g,4.53,2026-02-24
IN-MH-011,SKU-2011,Frozen Pizza Margherita,5.98,2026-03-08
IN-MH-012,SKU-1003,Free Range Eggs 12ct,5.29,2026-03-22
IN-MH-013,SKU-1010,Cheddar Cheese 200g,4.02,2026-04-07
IN-MH-014,SKU-2007,Honey 500g,6.29,2026-04-18
IN-MH-015,SKU-2014,Salmon Fillet 300g,11.40,2026-05-03
IN-MH-016,SKU-1006,Avocado Hass 4pk,5.11,2026-05-13
IN-MH-017,SKU-2003,Ground Coffee 340g,9.99,2026-05-29
IN-MH-018,SKU-2010,Coconut Milk 400ml,2.29,2026-06-11
IN-MH-019,SKU-1002,Whole Wheat Bread,2.34,2026-06-21
IN-MH-020,SKU-1009,Tomato Sauce 400g,2.05,2026-01-09
IN-MH-021,SKU-2006,Dark Chocolate 100g,2.93,2026-01-21
IN-MH-022,SKU-2013,Chicken Breast 500g,8.66,2026-01-29
IN-MH-023,SKU-1005,Bananas 1kg,1.30,2026-02-15
IN-MH-024,SKU-2002,Orange Juice 1L,4.04,2026-03-02
IN-MH-025,SKU-2009,Black Beans 400g,1.35,2026-03-14
IN-MH-026,SKU-1001,Organic Milk 1L,3.15,2026-03-27
IN-MH-027,SKU-1008,Pasta Penne 500g,1.09,2026-04-04
IN-MH-028,SKU-2005,Almond Butter 365g,7.07,2026-04-19
IN-MH-029,SKU-2012,Ice Cream Vanilla 1L,4.08,2026-05-03
IN-MH-030,SKU-1004,Greek Yogurt 500g,1.68,2026-05-18
IN-MH-031,SKU-2001,Sparkling Water 6pk,3.42,2026-05-28
IN-MH-032,SKU-2008,Basmati Rice 5kg,13.65,2026-06-14
IN-MH-033,SKU-2015,Spinach Baby 200g,2.70,2026-06-21
IN-MH-034,SKU-1007,Olive Oil 500ml,9.82,2026-01-05
IN-MH-035,SKU-2004,Granola 400g,4.86,2026-01-18
IN-MH-036,SKU-2011,Frozen Pizza Margherita,5.69,2026-02-03
IN-MH-037,SKU-1003,Free Range Eggs 12ct,4.74,2026-02-14
IN-MH-038,SKU-1010,Cheddar Cheese 200g,4.06,2026-02-25
IN-MH-039,SKU-2007,Honey 500g,6.17,2026-03-10
IN-MH-040,SKU-2014,Salmon Fillet 300g,11.40,2026-03-28
IN-KA-001,SKU-1006,Avocado Hass 4pk,5.33,2026-04-08
IN-KA-002,SKU-2003,Ground Coffee 340g,10.59,2026-04-23
IN-KA-003,SKU-2010,Coconut Milk 400ml,2.39,2026-05-05
IN-KA-004,SKU-1002,Whole Wheat Bread,2.48,2026-05-17
IN-KA-005,SKU-1009,Tomato Sauce 400g,2.04,2026-05-31
IN-KA-006,SKU-2006,Dark Chocolate 100g,2.95,2026-06-13
IN-KA-007,SKU-2013,Chicken Breast 500g,8.07,2026-06-22
IN-KA-008,SKU-1005,Bananas 1kg,1.24,2026-01-05
IN-KA-009,SKU-2002,Orange Juice 1L,3.51,2026-01-22
IN-KA-010,SKU-2009,Black Beans 400g,1.33,2026-02-03
IN-KA-011,SKU-1001,Organic Milk 1L,3.56,2026-02-17
IN-KA-012,SKU-1008,Pasta Penne 500g,1.15,2026-02-27
IN-KA-013,SKU-2005,Almond Butter 365g,7.66,2026-03-11
IN-KA-014,SKU-2012,Ice Cream Vanilla 1L,4.33,2026-03-30
IN-KA-015,SKU-1004,Greek Yogurt 500g,1.90,2026-04-10
IN-KA-016,SKU-2001,Sparkling Water 6pk,3.25,2026-04-21
IN-KA-017,SKU-2008,Basmati Rice 5kg,13.37,2026-05-06
IN-KA-018,SKU-2015,Spinach Baby 200g,2.52,2026-05-21
IN-KA-019,SKU-1007,Olive Oil 500ml,8.46,2026-05-28
IN-KA-020,SKU-2004,Granola 400g,4.53,2026-06-12
IN-KA-021,SKU-2011,Frozen Pizza Margherita,5.81,2026-06-25
IN-KA-022,SKU-1003,Free Range Eggs 12ct,4.94,2026-01-12
IN-KA-023,SKU-1010,Cheddar Cheese 200g,3.95,2026-01-23
IN-KA-024,SKU-2007,Honey 500g,6.16,2026-02-04
IN-KA-025,SKU-2014,Salmon Fillet 300g,12.35,2026-02-14
IN-KA-026,SKU-1006,Avocado Hass 4pk,5.77,2026-02-27
IN-KA-027,SKU-2003,Ground Coffee 340g,9.77,2026-03-15
IN-KA-028,SKU-2010,Coconut Milk 400ml,2.67,2026-03-31
IN-KA-029,SKU-1002,Whole Wheat Bread,2.07,2026-04-07
IN-KA-030,SKU-1009,Tomato Sauce 400g,2.09,2026-04-22
IN-DL-001,SKU-2006,Dark Chocolate 100g,2.87,2026-05-07
IN-DL-002,SKU-2013,Chicken Breast 500g,8.40,2026-05-19
IN-DL-003,SKU-1005,Bananas 1kg,1.29,2026-05-29
IN-DL-004,SKU-2002,Orange Juice 1L,4.08,2026-06-13
IN-DL-005,SKU-2009,Black Beans 400g,1.42,2026-06-28
IN-DL-006,SKU-1001,Organic Milk 1L,3.28,2026-01-07
IN-DL-007,SKU-1008,Pasta Penne 500g,1.25,2026-01-26
IN-DL-008,SKU-2005,Almond Butter 365g,7.66,2026-02-05
IN-DL-009,SKU-2012,Ice Cream Vanilla 1L,4.55,2026-02-16
IN-DL-010,SKU-1004,Greek Yogurt 500g,1.80,2026-03-05
IN-DL-011,SKU-2001,Sparkling Water 6pk,3.10,2026-03-17
IN-DL-012,SKU-2008,Basmati Rice 5kg,11.59,2026-04-01
IN-DL-013,SKU-2015,Spinach Baby 200g,2.87,2026-04-08
IN-DL-014,SKU-1007,Olive Oil 500ml,8.28,2026-04-27
IN-DL-015,SKU-2004,Granola 400g,4.67,2026-05-09
IN-DL-016,SKU-2011,Frozen Pizza Margherita,5.87,2026-05-19
IN-DL-017,SKU-1003,Free Range Eggs 12ct,5.04,2026-06-03
IN-DL-018,SKU-1010,Cheddar Cheese 200g,3.78,2026-06-18
IN-DL-019,SKU-2007,Honey 500g,6.61,2026-01-01
IN-DL-020,SKU-2014,Salmon Fillet 300g,11.71,2026-01-11
GB-LN-001,SKU-1006,Avocado Hass 4pk,5.89,2026-01-22
GB-LN-002,SKU-2003,Ground Coffee 340g,11.12,2026-02-04
GB-LN-003,SKU-2010,Coconut Milk 400ml,2.63,2026-02-20
GB-LN-004,SKU-1002,Whole Wheat Bread,2.51,2026-03-01
GB-LN-005,SKU-1009,Tomato Sauce 400g,2.38,2026-03-17
GB-LN-006,SKU-2006,Dark Chocolate 100g,3.44,2026-03-30
GB-LN-007,SKU-2013,Chicken Breast 500g,9.69,2026-04-14
GB-LN-008,SKU-1005,Bananas 1kg,1.46,2026-04-23
GB-LN-009,SKU-2002,Orange Juice 1L,4.49,2026-05-07
GB-LN-010,SKU-2009,Black Beans 400g,1.68,2026-05-18
GB-LN-011,SKU-1001,Organic Milk 1L,3.96,2026-06-06
GB-LN-012,SKU-1008,Pasta Penne 500g,1.30,2026-06-19
GB-LN-013,SKU-2005,Almond Butter 365g,8.05,2026-06-30
GB-LN-014,SKU-2012,Ice Cream Vanilla 1L,4.87,2026-01-12
GB-LN-015,SKU-1004,Greek Yogurt 500g,1.91,2026-01-26
GB-LN-016,SKU-2001,Sparkling Water 6pk,3.78,2026-02-09
GB-LN-017,SKU-2008,Basmati Rice 5kg,14.55,2026-02-21
GB-LN-018,SKU-2015,Spinach Baby 200g,3.35,2026-03-02
GB-LN-019,SKU-1007,Olive Oil 500ml,10.82,2026-03-16
GB-LN-020,SKU-2004,Granola 400g,5.23,2026-03-30
GB-LN-021,SKU-2011,Frozen Pizza Margherita,7.29,2026-04-13
GB-LN-022,SKU-1003,Free Range Eggs 12ct,6.13,2026-04-28
GB-LN-023,SKU-1010,Cheddar Cheese 200g,4.25,2026-05-06
GB-LN-024,SKU-2007,Honey 500g,6.85,2026-05-21
GB-LN-025,SKU-2014,Salmon Fillet 300g,12.91,2026-06-01
DE-BY-001,SKU-1006,Avocado Hass 4pk,6.35,2026-06-16
DE-BY-002,SKU-2003,Ground Coffee 340g,11.18,2026-01-03
DE-BY-003,SKU-2010,Coconut Milk 400ml,2.81,2026-01-14
DE-BY-004,SKU-1002,Whole Wheat Bread,2.64,2026-01-25
DE-BY-005,SKU-1009,Tomato Sauce 400g,2.54,2026-02-11
DE-BY-006,SKU-2006,Dark Chocolate 100g,3.66,2026-02-20
DE-BY-007,SKU-2013,Chicken Breast 500g,10.42,2026-03-05
DE-BY-008,SKU-1005,Bananas 1kg,1.49,2026-03-20
DE-BY-009,SKU-2002,Orange Juice 1L,4.10,2026-04-04
DE-BY-010,SKU-2009,Black Beans 400g,1.51,2026-04-14
DE-BY-011,SKU-1001,Organic Milk 1L,4.03,2026-04-30
DE-BY-012,SKU-1008,Pasta Penne 500g,1.33,2026-05-08
DE-BY-013,SKU-2005,Almond Butter 365g,8.30,2026-05-23
DE-BY-014,SKU-2012,Ice Cream Vanilla 1L,5.02,2026-06-05
DE-BY-015,SKU-1004,Greek Yogurt 500g,1.99,2026-06-18
DE-BY-016,SKU-2001,Sparkling Water 6pk,3.96,2026-01-03
DE-BY-017,SKU-2008,Basmati Rice 5kg,15.39,2026-01-16
DE-BY-018,SKU-2015,Spinach Baby 200g,3.22,2026-01-29
DE-BY-019,SKU-1007,Olive Oil 500ml,10.38,2026-02-11
DE-BY-020,SKU-2004,Granola 400g,5.03,2026-02-19
US-NY-001,SKU-2011,Frozen Pizza Margherita,5.75,2026-03-05
US-NY-002,SKU-1003,Free Range Eggs 12ct,4.84,2026-03-20
US-NY-003,SKU-1010,Cheddar Cheese 200g,3.91,2026-04-05
US-NY-004,SKU-2007,Honey 500g,6.43,2026-04-18
US-NY-005,SKU-2014,Salmon Fillet 300g,11.99,2026-04-27
US-NY-006,SKU-1006,Avocado Hass 4pk,5.54,2026-05-09
US-NY-007,SKU-2003,Ground Coffee 340g,10.19,2026-05-23
US-NY-008,SKU-2010,Coconut Milk 400ml,2.56,2026-06-08
US-NY-009,SKU-1002,Whole Wheat Bread,2.38,2026-06-16
US-NY-010,SKU-1009,Tomato Sauce 400g,2.19,2026-01-05
US-NY-011,SKU-2006,Dark Chocolate 100g,2.84,2026-01-14
US-NY-012,SKU-2013,Chicken Breast 500g,8.15,2026-01-26
US-NY-013,SKU-1005,Bananas 1kg,1.25,2026-02-13
US-NY-014,SKU-2002,Orange Juice 1L,3.81,2026-02-20
US-NY-015,SKU-2009,Black Beans 400g,1.38,2026-03-11
US-NY-016,SKU-1001,Organic Milk 1L,3.49,2026-03-23
US-NY-017,SKU-1008,Pasta Penne 500g,1.20,2026-03-31
US-NY-018,SKU-2005,Almond Butter 365g,7.44,2026-04-15
US-NY-019,SKU-2012,Ice Cream Vanilla 1L,4.42,2026-04-26
US-NY-020,SKU-1004,Greek Yogurt 500g,1.86,2026-05-10
US-NY-021,SKU-2001,Sparkling Water 6pk,3.45,2026-05-23
US-NY-022,SKU-2008,Basmati Rice 5kg,12.34,2026-06-09
US-NY-023,SKU-2015,Spinach Baby 200g,2.68,2026-06-23
US-NY-024,SKU-1007,Olive Oil 500ml,8.72,2026-01-03
US-NY-025,SKU-2004,Granola 400g,4.40,2026-01-18
US-NY-026,SKU-2011,Frozen Pizza Margherita,5.93,2026-01-31
US-NY-027,SKU-1003,Free Range Eggs 12ct,4.99,2026-02-08
US-NY-028,SKU-1010,Cheddar Cheese 200g,4.03,2026-02-27
US-NY-029,SKU-2007,Honey 500g,6.62,2026-03-09
US-NY-030,SKU-2014,Salmon Fillet 300g,12.35,2026-03-19
US-NY-031,SKU-1006,Avocado Hass 4pk,5.71,2026-04-02
US-NY-032,SKU-2003,Ground Coffee 340g,10.49,2026-04-19
US-NY-033,SKU-2010,Coconut Milk 400ml,2.37,2026-05-02
US-NY-034,SKU-1002,Whole Wheat Bread,2.20,2026-05-11
US-NY-035,SKU-1009,Tomato Sauce 400g,2.03,2026-05-25
US-NY-036,SKU-2006,Dark Chocolate 100g,2.93,2026-06-11
US-NY-037,SKU-2013,Chicken Breast 500g,8.41,2026-06-20
US-NY-038,SKU-1005,Bananas 1kg,1.29,2026-01-05
US-NY-039,SKU-2002,Orange Juice 1L,3.93,2026-01-20
US-NY-040,SKU-2009,Black Beans 400g,1.42,2026-01-30
US-NY-041,SKU-1001,Organic Milk 1L,3.59,2026-02-15
US-NY-042,SKU-1008,Pasta Penne 500g,1.24,2026-02-22
US-NY-043,SKU-2005,Almond Butter 365g,7.65,2026-03-08
US-NY-044,SKU-2012,Ice Cream Vanilla 1L,4.08,2026-03-24
US-NY-045,SKU-1004,Greek Yogurt 500g,1.72,2026-04-08
US-NY-046,SKU-2001,Sparkling Water 6pk,3.19,2026-04-21
US-NY-047,SKU-2008,Basmati Rice 5kg,12.73,2026-04-28
US-NY-048,SKU-2015,Spinach Baby 200g,2.76,2026-05-16
US-NY-049,SKU-1007,Olive Oil 500ml,8.99,2026-05-28
US-NY-050,SKU-2004,Granola 400g,4.53,2026-06-07
US-CA-001,SKU-2011,Frozen Pizza Margherita,6.78,2026-06-24
US-CA-002,SKU-1003,Free Range Eggs 12ct,5.81,2026-01-06
US-CA-003,SKU-1010,Cheddar Cheese 200g,4.40,2026-01-19
US-CA-004,SKU-2007,Honey 500g,7.50,2026-01-28
US-CA-005,SKU-2014,Salmon Fillet 300g,12.76,2026-02-11
US-CA-006,SKU-1006,Avocado Hass 4pk,5.53,2026-02-24
US-CA-007,SKU-2003,Ground Coffee 340g,10.76,2026-03-12
US-CA-008,SKU-2010,Coconut Milk 400ml,2.68,2026-03-21
US-CA-009,SKU-1002,Whole Wheat Bread,2.40,2026-04-05
US-CA-010,SKU-1009,Tomato Sauce 400g,2.30,2026-04-18
US-CA-011,SKU-2006,Dark Chocolate 100g,3.20,2026-05-03
US-CA-012,SKU-2013,Chicken Breast 500g,9.70,2026-05-14
US-CA-013,SKU-1005,Bananas 1kg,1.46,2026-05-28
US-CA-014,SKU-2002,Orange Juice 1L,4.33,2026-06-11
US-CA-015,SKU-2009,Black Beans 400g,1.63,2026-06-26
US-CA-016,SKU-1001,Organic Milk 1L,3.71,2026-01-04
US-CA-017,SKU-1008,Pasta Penne 500g,1.22,2026-01-19
US-CA-018,SKU-2005,Almond Butter 365g,7.99,2026-02-02
US-CA-019,SKU-2012,Ice Cream Vanilla 1L,4.79,2026-02-15
US-CA-020,SKU-1004,Greek Yogurt 500g,1.90,2026-03-02
US-CA-021,SKU-2001,Sparkling Water 6pk,3.65,2026-03-15
US-CA-022,SKU-2008,Basmati Rice 5kg,14.83,2026-03-26
US-CA-023,SKU-2015,Spinach Baby 200g,3.07,2026-04-10
US-CA-024,SKU-1007,Olive Oil 500ml,10.56,2026-04-20
US-CA-025,SKU-2004,Granola 400g,5.28,2026-05-01
US-CA-026,SKU-2011,Frozen Pizza Margherita,6.98,2026-05-16
US-CA-027,SKU-1003,Free Range Eggs 12ct,5.36,2026-05-28
US-CA-028,SKU-1010,Cheddar Cheese 200g,4.06,2026-06-09
US-CA-029,SKU-2007,Honey 500g,6.92,2026-06-25
US-CA-030,SKU-2014,Salmon Fillet 300g,13.16,2026-01-07
US-CA-031,SKU-1006,Avocado Hass 4pk,5.71,2026-01-20
US-CA-032,SKU-2003,Ground Coffee 340g,11.09,2026-01-31
US-CA-033,SKU-2010,Coconut Milk 400ml,2.77,2026-02-17
US-CA-034,SKU-1002,Whole Wheat Bread,2.48,2026-02-26
US-CA-035,SKU-1009,Tomato Sauce 400g,2.37,2026-03-10
US-CA-036,SKU-2006,Dark Chocolate 100g,3.30,2026-03-29
US-CA-037,SKU-2013,Chicken Breast 500g,9.98,2026-04-11
US-CA-038,SKU-1005,Bananas 1kg,1.35,2026-04-20
US-CA-039,SKU-2002,Orange Juice 1L,4.00,2026-05-05
US-CA-040,SKU-2009,Black Beans 400g,1.51,2026-05-15
US-CA-041,SKU-1001,Organic Milk 1L,3.83,2026-05-27
US-CA-042,SKU-1008,Pasta Penne 500g,1.26,2026-06-10
US-CA-043,SKU-2005,Almond Butter 365g,8.24,2026-06-28
US-CA-044,SKU-2012,Ice Cream Vanilla 1L,4.94,2026-01-11
US-CA-045,SKU-1004,Greek Yogurt 500g,1.95,2026-01-23
US-CA-046,SKU-2001,Sparkling Water 6pk,3.76,2026-02-02
US-CA-047,SKU-2008,Basmati Rice 5kg,15.27,2026-02-14
US-CA-048,SKU-2015,Spinach Baby 200g,3.16,2026-03-01
US-CA-049,SKU-1007,Olive Oil 500ml,9.74,2026-03-15
US-CA-050,SKU-2004,Granola 400g,4.87,2026-03-24
US-TX-001,SKU-2011,Frozen Pizza Margherita,5.81,2026-04-10
US-TX-002,SKU-1003,Free Range Eggs 12ct,4.89,2026-04-25
US-TX-003,SKU-1010,Cheddar Cheese 200g,3.95,2026-05-02
US-TX-004,SKU-2007,Honey 500g,6.49,2026-05-20
US-TX-005,SKU-2014,Salmon Fillet 300g,12.11,2026-06-03
US-TX-006,SKU-1006,Avocado Hass 4pk,5.60,2026-06-14
US-TX-007,SKU-2003,Ground Coffee 340g,10.29,2026-06-24
US-TX-008,SKU-2010,Coconut Milk 400ml,2.59,2026-01-06
US-TX-009,SKU-1002,Whole Wheat Bread,2.40,2026-01-23
US-TX-010,SKU-1009,Tomato Sauce 400g,1.99,2026-02-05
US-TX-011,SKU-2006,Dark Chocolate 100g,2.87,2026-02-15
US-TX-012,SKU-2013,Chicken Breast 500g,8.24,2026-02-28
US-TX-013,SKU-1005,Bananas 1kg,1.26,2026-03-15
US-TX-014,SKU-2002,Orange Juice 1L,3.85,2026-03-31
US-TX-015,SKU-2009,Black Beans 400g,1.39,2026-04-13
US-TX-016,SKU-1001,Organic Milk 1L,3.52,2026-04-20
US-TX-017,SKU-1008,Pasta Penne 500g,1.21,2026-05-03
US-TX-018,SKU-2005,Almond Butter 365g,7.51,2026-05-16
US-TX-019,SKU-2012,Ice Cream Vanilla 1L,4.46,2026-06-04
US-TX-020,SKU-1004,Greek Yogurt 500g,1.88,2026-06-15
US-TX-021,SKU-2001,Sparkling Water 6pk,3.13,2026-06-26
US-TX-022,SKU-2008,Basmati Rice 5kg,12.47,2026-01-08
US-TX-023,SKU-2015,Spinach Baby 200g,2.71,2026-01-25
US-TX-024,SKU-1007,Olive Oil 500ml,8.81,2026-02-07
US-TX-025,SKU-2004,Granola 400g,4.45,2026-02-21
US-TX-026,SKU-2011,Frozen Pizza Margherita,5.99,2026-02-28
US-TX-027,SKU-1003,Free Range Eggs 12ct,5.04,2026-03-19
US-TX-028,SKU-1010,Cheddar Cheese 200g,4.07,2026-03-27
US-TX-029,SKU-2007,Honey 500g,6.68,2026-04-09
US-TX-030,SKU-2014,Salmon Fillet 300g,12.47,2026-04-26
US-TX-031,SKU-1006,Avocado Hass 4pk,5.76,2026-05-06
US-TX-032,SKU-2003,Ground Coffee 340g,9.49,2026-05-17
US-TX-033,SKU-2010,Coconut Milk 400ml,2.39,2026-05-30
US-TX-034,SKU-1002,Whole Wheat Bread,2.22,2026-06-13
US-TX-035,SKU-1009,Tomato Sauce 400g,2.05,2026-06-25
US-TX-036,SKU-2006,Dark Chocolate 100g,2.96,2026-01-11
US-TX-037,SKU-2013,Chicken Breast 500g,8.49,2026-01-25
US-TX-038,SKU-1005,Bananas 1kg,1.30,2026-02-05
US-TX-039,SKU-2002,Orange Juice 1L,3.97,2026-02-16
US-TX-040,SKU-2009,Black Beans 400g,1.43,2026-03-05
US-FL-001,SKU-1001,Organic Milk 1L,3.63,2026-03-16
US-FL-002,SKU-1008,Pasta Penne 500g,1.25,2026-03-30
US-FL-003,SKU-2005,Almond Butter 365g,6.93,2026-04-14
US-FL-004,SKU-2012,Ice Cream Vanilla 1L,4.12,2026-04-24
US-FL-005,SKU-1004,Greek Yogurt 500g,1.74,2026-05-08
US-FL-006,SKU-2001,Sparkling Water 6pk,3.22,2026-05-18
US-FL-007,SKU-2008,Basmati Rice 5kg,12.86,2026-06-03
US-FL-008,SKU-2015,Spinach Baby 200g,2.79,2026-06-17
US-FL-009,SKU-1007,Olive Oil 500ml,9.08,2026-06-26
US-FL-010,SKU-2004,Granola 400g,4.58,2026-01-13
US-FL-011,SKU-2011,Frozen Pizza Margherita,6.17,2026-01-22
US-FL-012,SKU-1003,Free Range Eggs 12ct,5.19,2026-02-05
US-FL-013,SKU-1010,Cheddar Cheese 200g,4.19,2026-02-17
US-FL-014,SKU-2007,Honey 500g,6.17,2026-03-03
US-FL-015,SKU-2014,Salmon Fillet 300g,11.51,2026-03-20
US-FL-016,SKU-1006,Avocado Hass 4pk,5.33,2026-03-30
US-FL-017,SKU-2003,Ground Coffee 340g,9.79,2026-04-15
US-FL-018,SKU-2010,Coconut Milk 400ml,2.47,2026-04-27
US-FL-019,SKU-1002,Whole Wheat Bread,2.29,2026-05-12
US-FL-020,SKU-1009,Tomato Sauce 400g,2.11,2026-05-23
US-FL-021,SKU-2006,Dark Chocolate 100g,3.05,2026-06-04
US-FL-022,SKU-2013,Chicken Breast 500g,8.74,2026-06-17
US-FL-023,SKU-1005,Bananas 1kg,1.34,2026-01-03
US-FL-024,SKU-2002,Orange Juice 1L,4.08,2026-01-16
US-FL-025,SKU-2009,Black Beans 400g,1.32,2026-01-23
US-FL-026,SKU-1001,Organic Milk 1L,3.35,2026-02-06
US-FL-027,SKU-1008,Pasta Penne 500g,1.15,2026-02-20
US-FL-028,SKU-2005,Almond Butter 365g,7.14,2026-03-09
US-FL-029,SKU-2012,Ice Cream Vanilla 1L,4.25,2026-03-16
US-FL-030,SKU-1004,Greek Yogurt 500g,1.79,2026-04-04
IN-MH-001,SKU-2001,Sparkling Water 6pk,3.46,2026-04-17
IN-MH-002,SKU-2008,Basmati Rice 5kg,13.38,2026-04-26
IN-MH-003,SKU-2015,Spinach Baby 200g,2.70,2026-05-09
IN-MH-004,SKU-1007,Olive Oil 500ml,9.44,2026-05-20
IN-MH-005,SKU-2004,Granola 400g,4.34,2026-06-07
IN-MH-006,SKU-2011,Frozen Pizza Margherita,5.24,2026-06-15
IN-MH-007,SKU-1003,Free Range Eggs 12ct,4.46,2026-01-03
IN-MH-008,SKU-1010,Cheddar Cheese 200g,3.64,2026-01-13
IN-MH-009,SKU-2007,Honey 500g,6.74,2026-01-26
IN-MH-010,SKU-2014,Salmon Fillet 300g,11.40,2026-02-07
IN-MH-011,SKU-1006,Avocado Hass 4pk,5.38,2026-02-19
IN-MH-012,SKU-2003,Ground Coffee 340g,10.19,2026-03-05
IN-MH-013,SKU-2010,Coconut Milk 400ml,2.49,2026-03-21
IN-MH-014,SKU-1002,Whole Wheat Bread,2.19,2026-04-01
IN-MH-015,SKU-1009,Tomato Sauce 400g,2.26,2026-04-16
IN-MH-016,SKU-2006,Dark Chocolate 100g,3.17,2026-04-26
IN-MH-017,SKU-2013,Chicken Breast 500g,8.39,2026-05-12
IN-MH-018,SKU-1005,Bananas 1kg,1.16,2026-05-25
IN-MH-019,SKU-2002,Orange Juice 1L,3.81,2026-06-04
IN-MH-020,SKU-2009,Black Beans 400g,1.27,2026-06-22
IN-MH-021,SKU-1001,Organic Milk 1L,3.32,2026-01-04
IN-MH-022,SKU-1008,Pasta Penne 500g,1.09,2026-01-12
IN-MH-023,SKU-2005,Almond Butter 365g,7.58,2026-01-29
IN-MH-024,SKU-2012,Ice Cream Vanilla 1L,4.29,2026-02-13
IN-MH-025,SKU-1004,Greek Yogurt 500g,1.73,2026-02-25
IN-MH-026,SKU-2001,Sparkling Water 6pk,3.42,2026-03-10
IN-MH-027,SKU-2008,Basmati Rice 5kg,14.05,2026-03-18
IN-MH-028,SKU-2015,Spinach Baby 200g,2.68,2026-04-02
IN-MH-029,SKU-1007,Olive Oil 500ml,8.89,2026-04-16
IN-MH-030,SKU-2004,Granola 400g,4.05,2026-05-01
IN-MH-031,SKU-2011,Frozen Pizza Margherita,5.99,2026-05-11
IN-MH-032,SKU-1003,Free Range Eggs 12ct,5.14,2026-05-28
IN-MH-033,SKU-1010,Cheddar Cheese 200g,3.71,2026-06-04
IN-MH-034,SKU-2007,Honey 500g,6.29,2026-06-18
IN-MH-035,SKU-2014,Salmon Fillet 300g,12.47,2026-01-01
IN-MH-036,SKU-1006,Avocado Hass 4pk,5.82,2026-01-17
IN-MH-037,SKU-2003,Ground Coffee 340g,10.29,2026-01-28
IN-MH-038,SKU-2010,Coconut Milk 400ml,2.43,2026-02-08
IN-MH-039,SKU-1002,Whole Wheat Bread,2.26,2026-02-21
IN-MH-040,SKU-1009,Tomato Sauce 400g,1.95,2026-03-11
IN-KA-001,SKU-2006,Dark Chocolate 100g,2.81,2026-03-22
IN-KA-002,SKU-2013,Chicken Breast 500g,8.57,2026-04-06
IN-KA-003,SKU-1005,Bananas 1kg,1.32,2026-04-18
IN-KA-004,SKU-2002,Orange Juice 1L,4.05,2026-04-30
IN-KA-005,SKU-2009,Black Beans 400g,1.47,2026-05-14
IN-KA-006,SKU-1001,Organic Milk 1L,3.28,2026-05-27
IN-KA-007,SKU-1008,Pasta Penne 500g,1.18,2026-06-05
IN-KA-008,SKU-2005,Almond Butter 365g,7.28,2026-06-18
IN-KA-009,SKU-2012,Ice Cream Vanilla 1L,4.19,2026-01-05
IN-KA-010,SKU-1004,Greek Yogurt 500g,1.73,2026-01-17
IN-KA-011,SKU-2001,Sparkling Water 6pk,3.28,2026-01-31
IN-KA-012,SKU-2008,Basmati Rice 5kg,13.36,2026-02-10
IN-KA-013,SKU-2015,Spinach Baby 200g,2.73,2026-02-22
IN-KA-014,SKU-1007,Olive Oil 500ml,8.37,2026-03-13
IN-KA-015,SKU-2004,Granola 400g,4.22,2026-03-24
IN-KA-016,SKU-2011,Frozen Pizza Margherita,6.23,2026-04-04
IN-KA-017,SKU-1003,Free Range Eggs 12ct,5.24,2026-04-19
IN-KA-018,SKU-1010,Cheddar Cheese 200g,4.32,2026-05-04
IN-KA-019,SKU-2007,Honey 500g,6.21,2026-05-11
IN-KA-020,SKU-2014,Salmon Fillet 300g,12.09,2026-05-26
IN-KA-021,SKU-1006,Avocado Hass 4pk,5.22,2026-06-08
IN-KA-022,SKU-2003,Ground Coffee 340g,9.69,2026-06-25
IN-KA-023,SKU-2010,Coconut Milk 400ml,2.32,2026-01-06
IN-KA-024,SKU-1002,Whole Wheat Bread,2.13,2026-01-18
IN-KA-025,SKU-1009,Tomato Sauce 400g,2.13,2026-01-28
IN-KA-026,SKU-2006,Dark Chocolate 100g,2.87,2026-02-10
IN-KA-027,SKU-2013,Chicken Breast 500g,8.57,2026-02-26
IN-KA-028,SKU-1005,Bananas 1kg,1.33,2026-03-14
IN-KA-029,SKU-2002,Orange Juice 1L,3.85,2026-03-21
IN-KA-030,SKU-2009,Black Beans 400g,1.49,2026-04-05
IN-DL-001,SKU-1001,Organic Milk 1L,3.88,2026-04-20
IN-DL-002,SKU-1008,Pasta Penne 500g,1.16,2026-05-02
IN-DL-003,SKU-2005,Almond Butter 365g,7.14,2026-05-12
IN-DL-004,SKU-2012,Ice Cream Vanilla 1L,4.29,2026-05-27
IN-DL-005,SKU-1004,Greek Yogurt 500g,1.86,2026-06-11
IN-DL-006,SKU-2001,Sparkling Water 6pk,3.22,2026-06-20
IN-DL-007,SKU-2008,Basmati Rice 5kg,12.21,2026-01-09
IN-DL-008,SKU-2015,Spinach Baby 200g,2.76,2026-01-19
IN-DL-009,SKU-1007,Olive Oil 500ml,8.62,2026-01-30
IN-DL-010,SKU-2004,Granola 400g,4.44,2026-02-16
IN-DL-011,SKU-2011,Frozen Pizza Margherita,6.60,2026-02-28
IN-DL-012,SKU-1003,Free Range Eggs 12ct,4.82,2026-03-15
IN-DL-013,SKU-1010,Cheddar Cheese 200g,3.53,2026-03-22
IN-DL-014,SKU-2007,Honey 500g,6.48,2026-04-10
IN-DL-015,SKU-2014,Salmon Fillet 300g,11.28,2026-04-22
IN-DL-016,SKU-1006,Avocado Hass 4pk,4.95,2026-05-02
IN-DL-017,SKU-2003,Ground Coffee 340g,9.10,2026-05-17
IN-DL-018,SKU-2010,Coconut Milk 400ml,2.51,2026-06-01
IN-DL-019,SKU-1002,Whole Wheat Bread,2.13,2026-06-14
IN-DL-020,SKU-1009,Tomato Sauce 400g,2.26,2026-06-24
GB-LN-001,SKU-2006,Dark Chocolate 100g,3.48,2026-01-05
GB-LN-002,SKU-2013,Chicken Breast 500g,10.24,2026-01-18
GB-LN-003,SKU-1005,Bananas 1kg,1.48,2026-02-03
GB-LN-004,SKU-2002,Orange Juice 1L,4.14,2026-02-12
GB-LN-005,SKU-2009,Black Beans 400g,1.53,2026-02-28
GB-LN-006,SKU-1001,Organic Milk 1L,3.89,2026-03-13
GB-LN-007,SKU-1008,Pasta Penne 500g,1.32,2026-03-28
GB-LN-008,SKU-2005,Almond Butter 365g,8.01,2026-04-06
GB-LN-009,SKU-2012,Ice Cream Vanilla 1L,4.80,2026-04-20
GB-LN-010,SKU-1004,Greek Yogurt 500g,2.10,2026-05-01
GB-LN-011,SKU-2001,Sparkling Water 6pk,3.62,2026-05-20
GB-LN-012,SKU-2008,Basmati Rice 5kg,15.39,2026-06-02
GB-LN-013,SKU-2015,Spinach Baby 200g,3.34,2026-06-13
GB-LN-014,SKU-1007,Olive Oil 500ml,11.04,2026-06-25
GB-LN-015,SKU-2004,Granola 400g,4.65,2026-01-09
GB-LN-016,SKU-2011,Frozen Pizza Margherita,6.67,2026-01-23
GB-LN-017,SKU-1003,Free Range Eggs 12ct,5.42,2026-02-04
GB-LN-018,SKU-1010,Cheddar Cheese 200g,4.65,2026-02-13
GB-LN-019,SKU-2007,Honey 500g,7.58,2026-02-27
GB-LN-020,SKU-2014,Salmon Fillet 300g,13.55,2026-03-13
GB-LN-021,SKU-1006,Avocado Hass 4pk,6.49,2026-03-27
GB-LN-022,SKU-2003,Ground Coffee 340g,11.92,2026-04-11
GB-LN-023,SKU-2010,Coconut Milk 400ml,2.87,2026-04-19
GB-LN-024,SKU-1002,Whole Wheat Bread,2.62,2026-05-04
GB-LN-025,SKU-1009,Tomato Sauce 400g,2.44,2026-05-15
DE-BY-001,SKU-2006,Dark Chocolate 100g,3.35,2026-05-30
DE-BY-002,SKU-2013,Chicken Breast 500g,9.21,2026-06-16
DE-BY-003,SKU-1005,Bananas 1kg,1.41,2026-06-27
DE-BY-004,SKU-2002,Orange Juice 1L,4.35,2026-01-08
DE-BY-005,SKU-2009,Black Beans 400g,1.64,2026-01-25
DE-BY-006,SKU-1001,Organic Milk 1L,4.15,2026-02-03
DE-BY-007,SKU-1008,Pasta Penne 500g,1.42,2026-02-16
DE-BY-008,SKU-2005,Almond Butter 365g,8.18,2026-03-03
DE-BY-009,SKU-2012,Ice Cream Vanilla 1L,4.90,2026-03-18
DE-BY-010,SKU-1004,Greek Yogurt 500g,2.10,2026-03-28
DE-BY-011,SKU-2001,Sparkling Water 6pk,4.11,2026-04-13
DE-BY-012,SKU-2008,Basmati Rice 5kg,14.07,2026-04-21
DE-BY-013,SKU-2015,Spinach Baby 200g,3.08,2026-05-06
DE-BY-014,SKU-1007,Olive Oil 500ml,10.20,2026-05-19
DE-BY-015,SKU-2004,Granola 400g,4.84,2026-06-01
DE-BY-016,SKU-2011,Frozen Pizza Margherita,7.00,2026-06-16
DE-BY-017,SKU-1003,Free Range Eggs 12ct,5.74,2026-06-29
DE-BY-018,SKU-1010,Cheddar Cheese 200g,4.47,2026-01-12
DE-BY-019,SKU-2007,Honey 500g,7.28,2026-01-25
DE-BY-020,SKU-2014,Salmon Fillet 300g,14.57,2026-02-02
US-NY-001,SKU-1006,Avocado Hass 4pk,5.71,2026-02-16
US-NY-002,SKU-2003,Ground Coffee 340g,10.49,2026-03-03
US-NY-003,SKU-2010,Coconut Milk 400ml,2.37,2026-03-19
US-NY-004,SKU-1002,Whole Wheat Bread,2.20,2026-04-01
US-NY-005,SKU-1009,Tomato Sauce 400g,2.03,2026-04-10
US-NY-006,SKU-2006,Dark Chocolate 100g,2.93,2026-04-22
US-NY-007,SKU-2013,Chicken Breast 500g,8.41,2026-05-06
US-NY-008,SKU-1005,Bananas 1kg,1.29,2026-05-22
US-NY-009,SKU-2002,Orange Juice 1L,3.93,2026-05-30
US-NY-010,SKU-2009,Black Beans 400g,1.42,2026-06-18
US-NY-011,SKU-1001,Organic Milk 1L,3.59,2026-06-27
US-NY-012,SKU-1008,Pasta Penne 500g,1.24,2026-01-09
US-NY-013,SKU-2005,Almond Butter 365g,7.65,2026-01-27
US-NY-014,SKU-2012,Ice Cream Vanilla 1L,4.08,2026-02-03
US-NY-015,SKU-1004,Greek Yogurt 500g,1.72,2026-02-22
US-NY-016,SKU-2001,Sparkling Water 6pk,3.19,2026-03-06
US-NY-017,SKU-2008,Basmati Rice 5kg,12.73,2026-03-14
US-NY-018,SKU-2015,Spinach Baby 200g,2.76,2026-03-29
US-NY-019,SKU-1007,Olive Oil 500ml,8.99,2026-04-09
US-NY-020,SKU-2004,Granola 400g,4.53,2026-04-23
US-NY-021,SKU-2011,Frozen Pizza Margherita,6.11,2026-05-06
US-NY-022,SKU-1003,Free Range Eggs 12ct,5.14,2026-05-23
US-NY-023,SKU-1010,Cheddar Cheese 200g,4.15,2026-06-06
US-NY-024,SKU-2007,Honey 500g,6.81,2026-06-16
US-NY-025,SKU-2014,Salmon Fillet 300g,11.39,2026-01-01
US-NY-026,SKU-1006,Avocado Hass 4pk,5.27,2026-01-14
US-NY-027,SKU-2003,Ground Coffee 340g,9.69,2026-01-22
US-NY-028,SKU-2010,Coconut Milk 400ml,2.44,2026-02-10
US-NY-029,SKU-1002,Whole Wheat Bread,2.27,2026-02-20
US-NY-030,SKU-1009,Tomato Sauce 400g,2.09,2026-03-02
US-NY-031,SKU-2006,Dark Chocolate 100g,3.02,2026-03-16
US-NY-032,SKU-2013,Chicken Breast 500g,8.66,2026-04-02
US-NY-033,SKU-1005,Bananas 1kg,1.33,2026-04-15
US-NY-034,SKU-2002,Orange Juice 1L,4.05,2026-04-24
US-NY-035,SKU-2009,Black Beans 400g,1.46,2026-05-08
US-NY-036,SKU-1001,Organic Milk 1L,3.32,2026-05-25
US-NY-037,SKU-1008,Pasta Penne 500g,1.14,2026-06-03
US-NY-038,SKU-2005,Almond Butter 365g,7.07,2026-06-18
US-NY-039,SKU-2012,Ice Cream Vanilla 1L,4.20,2026-01-03
US-NY-040,SKU-1004,Greek Yogurt 500g,1.77,2026-01-13
US-NY-041,SKU-2001,Sparkling Water 6pk,3.29,2026-01-29
US-NY-042,SKU-2008,Basmati Rice 5kg,13.12,2026-02-05
US-NY-043,SKU-2015,Spinach Baby 200g,2.85,2026-02-19
US-NY-044,SKU-1007,Olive Oil 500ml,9.26,2026-03-07
US-NY-045,SKU-2004,Granola 400g,4.67,2026-03-22
US-NY-046,SKU-2011,Frozen Pizza Margherita,6.29,2026-04-04
US-NY-047,SKU-1003,Free Range Eggs 12ct,4.74,2026-04-11
US-NY-048,SKU-1010,Cheddar Cheese 200g,3.83,2026-04-29
US-NY-049,SKU-2007,Honey 500g,6.30,2026-05-11
US-NY-050,SKU-2014,Salmon Fillet 300g,11.75,2026-05-21
US-CA-001,SKU-1006,Avocado Hass 4pk,5.71,2026-06-07
US-CA-002,SKU-2003,Ground Coffee 340g,11.09,2026-06-19
US-CA-003,SKU-2010,Coconut Milk 400ml,2.77,2026-01-02
US-CA-004,SKU-1002,Whole Wheat Bread,2.48,2026-01-11
US-CA-005,SKU-1009,Tomato Sauce 400g,2.37,2026-01-25
US-CA-006,SKU-2006,Dark Chocolate 100g,3.30,2026-02-07
US-CA-007,SKU-2013,Chicken Breast 500g,9.98,2026-02-23
US-CA-008,SKU-1005,Bananas 1kg,1.35,2026-03-04
US-CA-009,SKU-2002,Orange Juice 1L,4.00,2026-03-19
US-CA-010,SKU-2009,Black Beans 400g,1.51,2026-04-01
US-CA-011,SKU-1001,Organic Milk 1L,3.83,2026-04-16
US-CA-012,SKU-1008,Pasta Penne 500g,1.26,2026-04-27
US-CA-013,SKU-2005,Almond Butter 365g,8.24,2026-05-11
US-CA-014,SKU-2012,Ice Cream Vanilla 1L,4.94,2026-05-25
US-CA-015,SKU-1004,Greek Yogurt 500g,1.95,2026-06-09
US-CA-016,SKU-2001,Sparkling Water 6pk,3.76,2026-06-17
US-CA-017,SKU-2008,Basmati Rice 5kg,15.27,2026-01-02
US-CA-018,SKU-2015,Spinach Baby 200g,3.16,2026-01-16
US-CA-019,SKU-1007,Olive Oil 500ml,9.74,2026-01-29
US-CA-020,SKU-2004,Granola 400g,4.87,2026-02-13
US-CA-021,SKU-2011,Frozen Pizza Margherita,6.45,2026-02-26
US-CA-022,SKU-1003,Free Range Eggs 12ct,5.53,2026-03-09
US-CA-023,SKU-1010,Cheddar Cheese 200g,4.19,2026-03-24
US-CA-024,SKU-2007,Honey 500g,7.14,2026-04-03
US-CA-025,SKU-2014,Salmon Fillet 300g,13.56,2026-04-14
US-CA-026,SKU-1006,Avocado Hass 4pk,5.88,2026-04-29
US-CA-027,SKU-2003,Ground Coffee 340g,11.42,2026-05-11
US-CA-028,SKU-2010,Coconut Milk 400ml,2.85,2026-05-23
US-CA-029,SKU-1002,Whole Wheat Bread,2.55,2026-06-08
US-CA-030,SKU-1009,Tomato Sauce 400g,2.18,2026-06-20
US-CA-031,SKU-2006,Dark Chocolate 100g,3.04,2026-01-03
US-CA-032,SKU-2013,Chicken Breast 500g,9.22,2026-01-14
US-CA-033,SKU-1005,Bananas 1kg,1.39,2026-01-31
US-CA-034,SKU-2002,Orange Juice 1L,4.12,2026-02-09
US-CA-035,SKU-2009,Black Beans 400g,1.56,2026-02-21
US-CA-036,SKU-1001,Organic Milk 1L,3.95,2026-03-12
US-CA-037,SKU-1008,Pasta Penne 500g,1.30,2026-03-25
US-CA-038,SKU-2005,Almond Butter 365g,8.48,2026-04-03
US-CA-039,SKU-2012,Ice Cream Vanilla 1L,5.09,2026-04-18
US-CA-040,SKU-1004,Greek Yogurt 500g,2.01,2026-04-28
US-CA-041,SKU-2001,Sparkling Water 6pk,3.47,2026-05-10
US-CA-042,SKU-2008,Basmati Rice 5kg,14.09,2026-05-24
US-CA-043,SKU-2015,Spinach Baby 200g,2.92,2026-06-11
US-CA-044,SKU-1007,Olive Oil 500ml,10.04,2026-06-24
US-CA-045,SKU-2004,Granola 400g,5.02,2026-01-06
US-CA-046,SKU-2011,Frozen Pizza Margherita,6.65,2026-01-16
US-CA-047,SKU-1003,Free Range Eggs 12ct,5.70,2026-01-28
US-CA-048,SKU-1010,Cheddar Cheese 200g,4.31,2026-02-12
US-CA-049,SKU-2007,Honey 500g,7.35,2026-02-26
US-CA-050,SKU-2014,Salmon Fillet 300g,13.97,2026-03-07
US-TX-001,SKU-1006,Avocado Hass 4pk,5.76,2026-03-24
US-TX-002,SKU-2003,Ground Coffee 340g,9.49,2026-04-08
US-TX-003,SKU-2010,Coconut Milk 400ml,2.39,2026-04-15
US-TX-004,SKU-1002,Whole Wheat Bread,2.22,2026-05-03
US-TX-005,SKU-1009,Tomato Sauce 400g,2.05,2026-05-17
US-TX-006,SKU-2006,Dark Chocolate 100g,2.96,2026-05-28
US-TX-007,SKU-2013,Chicken Breast 500g,8.49,2026-06-07
US-TX-008,SKU-1005,Bananas 1kg,1.30,2026-06-19
US-TX-009,SKU-2002,Orange Juice 1L,3.97,2026-01-06
US-TX-010,SKU-2009,Black Beans 400g,1.43,2026-01-19
US-TX-011,SKU-1001,Organic Milk 1L,3.63,2026-01-29
US-TX-012,SKU-1008,Pasta Penne 500g,1.25,2026-02-11
US-TX-013,SKU-2005,Almond Butter 365g,6.93,2026-02-26
US-TX-014,SKU-2012,Ice Cream Vanilla 1L,4.12,2026-03-14
US-TX-015,SKU-1004,Greek Yogurt 500g,1.74,2026-03-27
US-TX-016,SKU-2001,Sparkling Water 6pk,3.22,2026-04-03
US-TX-017,SKU-2008,Basmati Rice 5kg,12.86,2026-04-16
US-TX-018,SKU-2015,Spinach Baby 200g,2.79,2026-04-29
US-TX-019,SKU-1007,Olive Oil 500ml,9.08,2026-05-18
US-TX-020,SKU-2004,Granola 400g,4.58,2026-05-29
US-TX-021,SKU-2011,Frozen Pizza Margherita,6.17,2026-06-09
US-TX-022,SKU-1003,Free Range Eggs 12ct,5.19,2026-06-21
US-TX-023,SKU-1010,Cheddar Cheese 200g,4.19,2026-01-08
US-TX-024,SKU-2007,Honey 500g,6.17,2026-01-21
US-TX-025,SKU-2014,Salmon Fillet 300g,11.51,2026-02-04
US-TX-026,SKU-1006,Avocado Hass 4pk,5.33,2026-02-11
US-TX-027,SKU-2003,Ground Coffee 340g,9.79,2026-03-02
US-TX-028,SKU-2010,Coconut Milk 400ml,2.47,2026-03-10
US-TX-029,SKU-1002,Whole Wheat Bread,2.29,2026-03-23
US-TX-030,SKU-1009,Tomato Sauce 400g,2.11,2026-04-09
US-TX-031,SKU-2006,Dark Chocolate 100g,3.05,2026-04-19
US-TX-032,SKU-2013,Chicken Breast 500g,8.74,2026-04-30
US-TX-033,SKU-1005,Bananas 1kg,1.34,2026-05-13
US-TX-034,SKU-2002,Orange Juice 1L,4.08,2026-05-27
US-TX-035,SKU-2009,Black Beans 400g,1.32,2026-06-08
US-TX-036,SKU-1001,Organic Milk 1L,3.35,2026-06-24
US-TX-037,SKU-1008,Pasta Penne 500g,1.15,2026-01-08
US-TX-038,SKU-2005,Almond Butter 365g,7.14,2026-01-19
US-TX-039,SKU-2012,Ice Cream Vanilla 1L,4.25,2026-01-30
US-TX-040,SKU-1004,Greek Yogurt 500g,1.79,2026-02-16
US-FL-001,SKU-2001,Sparkling Water 6pk,3.32,2026-02-27
US-FL-002,SKU-2008,Basmati Rice 5kg,13.25,2026-03-13
US-FL-003,SKU-2015,Spinach Baby 200g,2.87,2026-03-28
US-FL-004,SKU-1007,Olive Oil 500ml,9.35,2026-04-07
US-FL-005,SKU-2004,Granola 400g,4.71,2026-04-21
US-FL-006,SKU-2011,Frozen Pizza Margherita,5.69,2026-05-01
US-FL-007,SKU-1003,Free Range Eggs 12ct,4.79,2026-05-17
US-FL-008,SKU-1010,Cheddar Cheese 200g,3.87,2026-05-31
US-FL-009,SKU-2007,Honey 500g,6.36,2026-06-09
US-FL-010,SKU-2014,Salmon Fillet 300g,11.87,2026-06-26
US-FL-011,SKU-1006,Avocado Hass 4pk,5.49,2026-01-05
US-FL-012,SKU-2003,Ground Coffee 340g,10.09,2026-01-19
US-FL-013,SKU-2010,Coconut Milk 400ml,2.54,2026-01-31
US-FL-014,SKU-1002,Whole Wheat Bread,2.36,2026-02-14
US-FL-015,SKU-1009,Tomato Sauce 400g,2.17,2026-03-03
US-FL-016,SKU-2006,Dark Chocolate 100g,3.14,2026-03-13
US-FL-017,SKU-2013,Chicken Breast 500g,8.07,2026-03-29
US-FL-018,SKU-1005,Bananas 1kg,1.24,2026-04-10
US-FL-019,SKU-2002,Orange Juice 1L,3.77,2026-04-25
US-FL-020,SKU-2009,Black Beans 400g,1.36,2026-05-06
US-FL-021,SKU-1001,Organic Milk 1L,3.46,2026-05-18
US-FL-022,SKU-1008,Pasta Penne 500g,1.19,2026-05-31
US-FL-023,SKU-2005,Almond Butter 365g,7.36,2026-06-16
US-FL-024,SKU-2012,Ice Cream Vanilla 1L,4.38,2026-06-29
US-FL-025,SKU-1004,Greek Yogurt 500g,1.84,2026-01-06
US-FL-026,SKU-2001,Sparkling Water 6pk,3.42,2026-01-20
US-FL-027,SKU-2008,Basmati Rice 5kg,13.64,2026-02-03
US-FL-028,SKU-2015,Spinach Baby 200g,2.65,2026-02-20
US-FL-029,SKU-1007,Olive Oil 500ml,8.63,2026-02-27
US-FL-030,SKU-2004,Granola 400g,4.36,2026-03-18
IN-MH-001,SKU-2011,Frozen Pizza Margherita,6.22,2026-03-31
IN-MH-002,SKU-1003,Free Range Eggs 12ct,5.24,2026-04-09
IN-MH-003,SKU-1010,Cheddar Cheese 200g,4.11,2026-04-22
IN-MH-004,SKU-2007,Honey 500g,6.42,2026-05-03
IN-MH-005,SKU-2014,Salmon Fillet 300g,12.96,2026-05-21
IN-MH-006,SKU-1006,Avocado Hass 4pk,5.88,2026-05-29
IN-MH-007,SKU-2003,Ground Coffee 340g,10.70,2026-06-16
IN-MH-008,SKU-2010,Coconut Milk 400ml,2.72,2026-06-26
IN-MH-009,SKU-1002,Whole Wheat Bread,2.18,2026-01-09
IN-MH-010,SKU-1009,Tomato Sauce 400g,1.85,2026-01-21
IN-MH-011,SKU-2006,Dark Chocolate 100g,2.90,2026-02-02
IN-MH-012,SKU-2013,Chicken Breast 500g,8.15,2026-02-16
IN-MH-013,SKU-1005,Bananas 1kg,1.29,2026-03-04
IN-MH-014,SKU-2002,Orange Juice 1L,3.73,2026-03-15
IN-MH-015,SKU-2009,Black Beans 400g,1.49,2026-03-30
IN-MH-016,SKU-1001,Organic Milk 1L,3.35,2026-04-09
IN-MH-017,SKU-1008,Pasta Penne 500g,1.19,2026-04-25
IN-MH-018,SKU-2005,Almond Butter 365g,7.20,2026-05-08
IN-MH-019,SKU-2012,Ice Cream Vanilla 1L,4.46,2026-05-18
IN-MH-020,SKU-1004,Greek Yogurt 500g,1.75,2026-06-05
IN-MH-021,SKU-2001,Sparkling Water 6pk,3.16,2026-06-17
IN-MH-022,SKU-2008,Basmati Rice 5kg,12.85,2026-06-25
IN-MH-023,SKU-2015,Spinach Baby 200g,2.73,2026-01-12
IN-MH-024,SKU-1007,Olive Oil 500ml,8.54,2026-01-27
IN-MH-025,SKU-2004,Granola 400g,4.71,2026-02-08
IN-MH-026,SKU-2011,Frozen Pizza Margherita,5.69,2026-02-21
IN-MH-027,SKU-1003,Free Range Eggs 12ct,4.94,2026-03-01
IN-MH-028,SKU-1010,Cheddar Cheese 200g,3.86,2026-03-16
IN-MH-029,SKU-2007,Honey 500g,6.48,2026-03-30
IN-MH-030,SKU-2014,Salmon Fillet 300g,11.71,2026-04-14
IN-MH-031,SKU-1006,Avocado Hass 4pk,4.80,2026-04-24
IN-MH-032,SKU-2003,Ground Coffee 340g,9.49,2026-05-11
IN-MH-033,SKU-2010,Coconut Milk 400ml,2.51,2026-05-18
IN-MH-034,SKU-1002,Whole Wheat Bread,2.38,2026-06-01
IN-MH-035,SKU-1009,Tomato Sauce 400g,1.90,2026-06-14
IN-MH-036,SKU-2006,Dark Chocolate 100g,2.81,2026-06-30
IN-MH-037,SKU-2013,Chicken Breast 500g,8.66,2026-01-11
IN-MH-038,SKU-1005,Bananas 1kg,1.32,2026-01-22
IN-MH-039,SKU-2002,Orange Juice 1L,3.89,2026-02-04
IN-MH-040,SKU-2009,Black Beans 400g,1.33,2026-02-22
IN-KA-001,SKU-1001,Organic Milk 1L,3.44,2026-03-05
IN-KA-002,SKU-1008,Pasta Penne 500g,1.14,2026-03-20
IN-KA-003,SKU-2005,Almond Butter 365g,6.86,2026-04-01
IN-KA-004,SKU-2012,Ice Cream Vanilla 1L,4.04,2026-04-13
IN-KA-005,SKU-1004,Greek Yogurt 500g,1.61,2026-04-27
IN-KA-006,SKU-2001,Sparkling Water 6pk,3.13,2026-05-10
IN-KA-007,SKU-2008,Basmati Rice 5kg,12.21,2026-05-19
IN-KA-008,SKU-2015,Spinach Baby 200g,2.79,2026-06-01
IN-KA-009,SKU-1007,Olive Oil 500ml,8.80,2026-06-18
IN-KA-010,SKU-2004,Granola 400g,4.30,2026-06-30
IN-KA-011,SKU-2011,Frozen Pizza Margherita,5.86,2026-01-14
IN-KA-012,SKU-1003,Free Range Eggs 12ct,4.93,2026-01-24
IN-KA-013,SKU-1010,Cheddar Cheese 200g,3.68,2026-02-05
IN-KA-014,SKU-2007,Honey 500g,6.04,2026-02-24
IN-KA-015,SKU-2014,Salmon Fillet 300g,11.63,2026-03-07
IN-KA-016,SKU-1006,Avocado Hass 4pk,5.33,2026-03-18
IN-KA-017,SKU-2003,Ground Coffee 340g,9.20,2026-04-02
IN-KA-018,SKU-2010,Coconut Milk 400ml,2.49,2026-04-17
IN-KA-019,SKU-1002,Whole Wheat Bread,2.38,2026-04-24
IN-KA-020,SKU-1009,Tomato Sauce 400g,2.26,2026-05-09
IN-KA-021,SKU-2006,Dark Chocolate 100g,3.17,2026-05-22
IN-KA-022,SKU-2013,Chicken Breast 500g,9.09,2026-06-08
IN-KA-023,SKU-1005,Bananas 1kg,1.27,2026-06-19
IN-KA-024,SKU-2002,Orange Juice 1L,3.70,2026-01-01
IN-KA-025,SKU-2009,Black Beans 400g,1.41,2026-01-11
IN-KA-026,SKU-1001,Organic Milk 1L,3.11,2026-01-24
IN-KA-027,SKU-1008,Pasta Penne 500g,1.13,2026-02-09
IN-KA-028,SKU-2005,Almond Butter 365g,7.51,2026-02-25
IN-KA-029,SKU-2012,Ice Cream Vanilla 1L,4.12,2026-03-04
IN-KA-030,SKU-1004,Greek Yogurt 500g,1.81,2026-03-19
IN-DL-001,SKU-2001,Sparkling Water 6pk,3.19,2026-04-03
IN-DL-002,SKU-2008,Basmati Rice 5kg,12.44,2026-04-15
IN-DL-003,SKU-2015,Spinach Baby 200g,2.79,2026-04-25
IN-DL-004,SKU-1007,Olive Oil 500ml,9.35,2026-05-10
IN-DL-005,SKU-2004,Granola 400g,4.22,2026-05-25
IN-DL-006,SKU-2011,Frozen Pizza Margherita,5.41,2026-06-03
IN-DL-007,SKU-1003,Free Range Eggs 12ct,4.89,2026-06-22
IN-DL-008,SKU-1010,Cheddar Cheese 200g,3.75,2026-01-02
IN-DL-009,SKU-2007,Honey 500g,5.91,2026-01-13
IN-DL-010,SKU-2014,Salmon Fillet 300g,11.39,2026-01-30
IN-DL-011,SKU-1006,Avocado Hass 4pk,5.82,2026-02-11
IN-DL-012,SKU-2003,Ground Coffee 340g,10.19,2026-02-26
IN-DL-013,SKU-2010,Coconut Milk 400ml,2.44,2026-03-05
IN-DL-014,SKU-1002,Whole Wheat Bread,2.43,2026-03-24
IN-DL-015,SKU-1009,Tomato Sauce 400g,2.11,2026-04-05
IN-DL-016,SKU-2006,Dark Chocolate 100g,2.90,2026-04-15
IN-DL-017,SKU-2013,Chicken Breast 500g,7.74,2026-04-30
IN-DL-018,SKU-1005,Bananas 1kg,1.20,2026-05-15
IN-DL-019,SKU-2002,Orange Juice 1L,3.96,2026-05-28
IN-DL-020,SKU-2009,Black Beans 400g,1.44,2026-06-07
GB-LN-001,SKU-1001,Organic Milk 1L,3.94,2026-06-18
GB-LN-002,SKU-1008,Pasta Penne 500g,1.39,2026-01-01
GB-LN-003,SKU-2005,Almond Butter 365g,8.11,2026-01-17
GB-LN-004,SKU-2012,Ice Cream Vanilla 1L,4.95,2026-01-26
GB-LN-005,SKU-1004,Greek Yogurt 500g,2.14,2026-02-11
GB-LN-006,SKU-2001,Sparkling Water 6pk,3.97,2026-02-24
GB-LN-007,SKU-2008,Basmati Rice 5kg,13.94,2026-03-11
GB-LN-008,SKU-2015,Spinach Baby 200g,2.97,2026-03-20
GB-LN-009,SKU-1007,Olive Oil 500ml,9.77,2026-04-03
GB-LN-010,SKU-2004,Granola 400g,5.10,2026-04-14
GB-LN-011,SKU-2011,Frozen Pizza Margherita,6.40,2026-05-03
GB-LN-012,SKU-1003,Free Range Eggs 12ct,5.74,2026-05-16
GB-LN-013,SKU-1010,Cheddar Cheese 200g,4.63,2026-05-27
GB-LN-014,SKU-2007,Honey 500g,7.75,2026-06-08
GB-LN-015,SKU-2014,Salmon Fillet 300g,13.46,2026-06-22
GB-LN-016,SKU-1006,Avocado Hass 4pk,6.62,2026-01-06
GB-LN-017,SKU-2003,Ground Coffee 340g,11.75,2026-01-18
GB-LN-018,SKU-2010,Coconut Milk 400ml,2.81,2026-01-27
GB-LN-019,SKU-1002,Whole Wheat Bread,2.59,2026-02-10
GB-LN-020,SKU-1009,Tomato Sauce 400g,2.29,2026-02-24
GB-LN-021,SKU-2006,Dark Chocolate 100g,3.43,2026-03-10
GB-LN-022,SKU-2013,Chicken Breast 500g,9.83,2026-03-25
GB-LN-023,SKU-1005,Bananas 1kg,1.44,2026-04-02
GB-LN-024,SKU-2002,Orange Juice 1L,4.32,2026-04-17
GB-LN-025,SKU-2009,Black Beans 400g,1.57,2026-04-28
DE-BY-001,SKU-1001,Organic Milk 1L,4.24,2026-05-13
DE-BY-002,SKU-1008,Pasta Penne 500g,1.40,2026-05-30
DE-BY-003,SKU-2005,Almond Butter 365g,8.65,2026-06-10
DE-BY-004,SKU-2012,Ice Cream Vanilla 1L,4.65,2026-06-21
DE-BY-005,SKU-1004,Greek Yogurt 500g,2.04,2026-01-08
DE-BY-006,SKU-2001,Sparkling Water 6pk,3.80,2026-01-17
DE-BY-007,SKU-2008,Basmati Rice 5kg,15.02,2026-01-30
DE-BY-008,SKU-2015,Spinach Baby 200g,3.04,2026-02-14
DE-BY-009,SKU-1007,Olive Oil 500ml,9.98,2026-03-01
DE-BY-010,SKU-2004,Granola 400g,5.12,2026-03-11
DE-BY-011,SKU-2011,Frozen Pizza Margherita,7.27,2026-03-27
DE-BY-012,SKU-1003,Free Range Eggs 12ct,5.86,2026-04-04
DE-BY-013,SKU-1010,Cheddar Cheese 200g,4.77,2026-04-19
DE-BY-014,SKU-2007,Honey 500g,7.97,2026-05-02
DE-BY-015,SKU-2014,Salmon Fillet 300g,12.53,2026-05-15
DE-BY-016,SKU-1006,Avocado Hass 4pk,6.22,2026-05-30
DE-BY-017,SKU-2003,Ground Coffee 340g,11.14,2026-06-12
DE-BY-018,SKU-2010,Coconut Milk 400ml,2.71,2026-06-25
DE-BY-019,SKU-1002,Whole Wheat Bread,2.49,2026-01-08
DE-BY-020,SKU-1009,Tomato Sauce 400g,2.47,2026-01-16
US-NY-001,SKU-2006,Dark Chocolate 100g,3.02,2026-01-30
US-NY-002,SKU-2013,Chicken Breast 500g,8.66,2026-02-14
US-NY-003,SKU-1005,Bananas 1kg,1.33,2026-03-02
US-NY-004,SKU-2002,Orange Juice 1L,4.05,2026-03-15
US-NY-005,SKU-2009,Black Beans 400g,1.46,2026-03-24
US-NY-006,SKU-1001,Organic Milk 1L,3.32,2026-04-05
US-NY-007,SKU-1008,Pasta Penne 500g,1.14,2026-04-19
US-NY-008,SKU-2005,Almond Butter 365g,7.07,2026-05-05
US-NY-009,SKU-2012,Ice Cream Vanilla 1L,4.20,2026-05-13
US-NY-010,SKU-1004,Greek Yogurt 500g,1.77,2026-06-01
US-NY-011,SKU-2001,Sparkling Water 6pk,3.29,2026-06-10
US-NY-012,SKU-2008,Basmati Rice 5kg,13.12,2026-06-22
US-NY-013,SKU-2015,Spinach Baby 200g,2.85,2026-01-10
US-NY-014,SKU-1007,Olive Oil 500ml,9.26,2026-01-17
US-NY-015,SKU-2004,Granola 400g,4.67,2026-02-05
US-NY-016,SKU-2011,Frozen Pizza Margherita,6.29,2026-02-17
US-NY-017,SKU-1003,Free Range Eggs 12ct,4.74,2026-02-25
US-NY-018,SKU-1010,Cheddar Cheese 200g,3.83,2026-03-12
US-NY-019,SKU-2007,Honey 500g,6.30,2026-03-23
US-NY-020,SKU-2014,Salmon Fillet 300g,11.75,2026-04-06
US-NY-021,SKU-1006,Avocado Hass 4pk,5.44,2026-04-19
US-NY-022,SKU-2003,Ground Coffee 340g,9.99,2026-05-06
US-NY-023,SKU-2010,Coconut Milk 400ml,2.51,2026-05-20
US-NY-024,SKU-1002,Whole Wheat Bread,2.34,2026-05-30
US-NY-025,SKU-1009,Tomato Sauce 400g,2.15,2026-06-14
US-NY-026,SKU-2006,Dark Chocolate 100g,3.11,2026-06-27
US-NY-027,SKU-2013,Chicken Breast 500g,8.91,2026-01-05
US-NY-028,SKU-1005,Bananas 1kg,1.23,2026-01-24
US-NY-029,SKU-2002,Orange Juice 1L,3.73,2026-02-03
US-NY-030,SKU-2009,Black Beans 400g,1.35,2026-02-13
US-NY-031,SKU-1001,Organic Milk 1L,3.42,2026-02-27
US-NY-032,SKU-1008,Pasta Penne 500g,1.18,2026-03-16
US-NY-033,SKU-2005,Almond Butter 365g,7.29,2026-03-29
US-NY-034,SKU-2012,Ice Cream Vanilla 1L,4.33,2026-04-07
US-NY-035,SKU-1004,Greek Yogurt 500g,1.83,2026-04-21
US-NY-036,SKU-2001,Sparkling Water 6pk,3.39,2026-05-08
US-NY-037,SKU-2008,Basmati Rice 5kg,13.51,2026-05-17
US-NY-038,SKU-2015,Spinach Baby 200g,2.93,2026-06-01
US-NY-039,SKU-1007,Olive Oil 500ml,8.54,2026-06-16
US-NY-040,SKU-2004,Granola 400g,4.31,2026-06-26
US-NY-041,SKU-2011,Frozen Pizza Margherita,5.81,2026-01-12
US-NY-042,SKU-1003,Free Range Eggs 12ct,4.89,2026-01-19
US-NY-043,SKU-1010,Cheddar Cheese 200g,3.95,2026-02-02
US-NY-044,SKU-2007,Honey 500g,6.49,2026-02-18
US-NY-045,SKU-2014,Salmon Fillet 300g,12.11,2026-03-05
US-NY-046,SKU-1006,Avocado Hass 4pk,5.60,2026-03-18
US-NY-047,SKU-2003,Ground Coffee 340g,10.29,2026-03-25
US-NY-048,SKU-2010,Coconut Milk 400ml,2.59,2026-04-12
US-NY-049,SKU-1002,Whole Wheat Bread,2.40,2026-04-24
US-NY-050,SKU-1009,Tomato Sauce 400g,1.99,2026-05-04
US-CA-001,SKU-2006,Dark Chocolate 100g,3.04,2026-05-21
US-CA-002,SKU-2013,Chicken Breast 500g,9.22,2026-06-02
US-CA-003,SKU-1005,Bananas 1kg,1.39,2026-06-15
US-CA-004,SKU-2002,Orange Juice 1L,4.12,2026-06-24
US-CA-005,SKU-2009,Black Beans 400g,1.56,2026-01-08
US-CA-006,SKU-1001,Organic Milk 1L,3.95,2026-01-21
US-CA-007,SKU-1008,Pasta Penne 500g,1.30,2026-02-06
US-CA-008,SKU-2005,Almond Butter 365g,8.48,2026-02-15
US-CA-009,SKU-2012,Ice Cream Vanilla 1L,5.09,2026-03-02
US-CA-010,SKU-1004,Greek Yogurt 500g,2.01,2026-03-15
US-CA-011,SKU-2001,Sparkling Water 6pk,3.47,2026-03-30
US-CA-012,SKU-2008,Basmati Rice 5kg,14.09,2026-04-10
US-CA-013,SKU-2015,Spinach Baby 200g,2.92,2026-04-24
US-CA-014,SKU-1007,Olive Oil 500ml,10.04,2026-05-08
US-CA-015,SKU-2004,Granola 400g,5.02,2026-05-23
US-CA-016,SKU-2011,Frozen Pizza Margherita,6.65,2026-05-31
US-CA-017,SKU-1003,Free Range Eggs 12ct,5.70,2026-06-15
US-CA-018,SKU-1010,Cheddar Cheese 200g,4.31,2026-06-29
US-CA-019,SKU-2007,Honey 500g,7.35,2026-01-12
US-CA-020,SKU-2014,Salmon Fillet 300g,13.97,2026-01-27
US-CA-021,SKU-1006,Avocado Hass 4pk,6.05,2026-02-09
US-CA-022,SKU-2003,Ground Coffee 340g,10.53,2026-02-20
US-CA-023,SKU-2010,Coconut Milk 400ml,2.63,2026-03-07
US-CA-024,SKU-1002,Whole Wheat Bread,2.35,2026-03-17
US-CA-025,SKU-1009,Tomato Sauce 400g,2.25,2026-03-28
US-CA-026,SKU-2006,Dark Chocolate 100g,3.14,2026-04-12
US-CA-027,SKU-2013,Chicken Breast 500g,9.51,2026-04-24
US-CA-028,SKU-1005,Bananas 1kg,1.43,2026-05-06
US-CA-029,SKU-2002,Orange Juice 1L,4.25,2026-05-22
US-CA-030,SKU-2009,Black Beans 400g,1.60,2026-06-03
US-CA-031,SKU-1001,Organic Milk 1L,4.07,2026-06-16
US-CA-032,SKU-1008,Pasta Penne 500g,1.34,2026-06-27
US-CA-033,SKU-2005,Almond Butter 365g,7.83,2026-01-14
US-CA-034,SKU-2012,Ice Cream Vanilla 1L,4.69,2026-01-23
US-CA-035,SKU-1004,Greek Yogurt 500g,1.86,2026-02-04
US-CA-036,SKU-2001,Sparkling Water 6pk,3.58,2026-02-23
US-CA-037,SKU-2008,Basmati Rice 5kg,14.53,2026-03-08
US-CA-038,SKU-2015,Spinach Baby 200g,3.01,2026-03-17
US-CA-039,SKU-1007,Olive Oil 500ml,10.35,2026-04-01
US-CA-040,SKU-2004,Granola 400g,5.18,2026-04-11
US-CA-041,SKU-2011,Frozen Pizza Margherita,6.85,2026-04-23
US-CA-042,SKU-1003,Free Range Eggs 12ct,5.86,2026-05-07
US-CA-043,SKU-1010,Cheddar Cheese 200g,4.44,2026-05-25
US-CA-044,SKU-2007,Honey 500g,6.78,2026-06-07
US-CA-045,SKU-2014,Salmon Fillet 300g,12.89,2026-06-19
US-CA-046,SKU-1006,Avocado Hass 4pk,5.59,2026-06-29
US-CA-047,SKU-2003,Ground Coffee 340g,10.87,2026-01-11
US-CA-048,SKU-2010,Coconut Milk 400ml,2.71,2026-01-26
US-CA-049,SKU-1002,Whole Wheat Bread,2.43,2026-02-09
US-CA-050,SKU-1009,Tomato Sauce 400g,2.32,2026-02-18
US-TX-001,SKU-2006,Dark Chocolate 100g,3.05,2026-03-07
US-TX-002,SKU-2013,Chicken Breast 500g,8.74,2026-03-22
US-TX-003,SKU-1005,Bananas 1kg,1.34,2026-03-29
US-TX-004,SKU-2002,Orange Juice 1L,4.08,2026-04-16
US-TX-005,SKU-2009,Black Beans 400g,1.32,2026-04-30
US-TX-006,SKU-1001,Organic Milk 1L,3.35,2026-05-11
US-TX-007,SKU-1008,Pasta Penne 500g,1.15,2026-05-21
US-TX-008,SKU-2005,Almond Butter 365g,7.14,2026-06-02
US-TX-009,SKU-2012,Ice Cream Vanilla 1L,4.25,2026-06-19
US-TX-010,SKU-1004,Greek Yogurt 500g,1.79,2026-01-02
US-TX-011,SKU-2001,Sparkling Water 6pk,3.32,2026-01-12
US-TX-012,SKU-2008,Basmati Rice 5kg,13.25,2026-01-25
US-TX-013,SKU-2015,Spinach Baby 200g,2.87,2026-02-09
US-TX-014,SKU-1007,Olive Oil 500ml,9.35,2026-02-25
US-TX-015,SKU-2004,Granola 400g,4.71,2026-03-10
US-TX-016,SKU-2011,Frozen Pizza Margherita,5.69,2026-03-17
US-TX-017,SKU-1003,Free Range Eggs 12ct,4.79,2026-03-30
US-TX-018,SKU-1010,Cheddar Cheese 200g,3.87,2026-04-12
US-TX-019,SKU-2007,Honey 500g,6.36,2026-05-01
US-TX-020,SKU-2014,Salmon Fillet 300g,11.87,2026-05-12
US-TX-021,SKU-1006,Avocado Hass 4pk,5.49,2026-05-23
US-TX-022,SKU-2003,Ground Coffee 340g,10.09,2026-06-04
US-TX-023,SKU-2010,Coconut Milk 400ml,2.54,2026-06-21
US-TX-024,SKU-1002,Whole Wheat Bread,2.36,2026-01-04
US-TX-025,SKU-1009,Tomato Sauce 400g,2.17,2026-01-18
US-TX-026,SKU-2006,Dark Chocolate 100g,3.14,2026-01-25
US-TX-027,SKU-2013,Chicken Breast 500g,8.07,2026-02-13
US-TX-028,SKU-1005,Bananas 1kg,1.24,2026-02-21
US-TX-029,SKU-2002,Orange Juice 1L,3.77,2026-03-06
US-TX-030,SKU-2009,Black Beans 400g,1.36,2026-03-23
US-TX-031,SKU-1001,Organic Milk 1L,3.46,2026-04-02
US-TX-032,SKU-1008,Pasta Penne 500g,1.19,2026-04-13
US-TX-033,SKU-2005,Almond Butter 365g,7.36,2026-04-26
US-TX-034,SKU-2012,Ice Cream Vanilla 1L,4.38,2026-05-10
US-TX-035,SKU-1004,Greek Yogurt 500g,1.84,2026-05-22
US-TX-036,SKU-2001,Sparkling Water 6pk,3.42,2026-06-07
US-TX-037,SKU-2008,Basmati Rice 5kg,13.64,2026-06-21
US-TX-038,SKU-2015,Spinach Baby 200g,2.65,2026-01-02
US-TX-039,SKU-1007,Olive Oil 500ml,8.63,2026-01-13
US-TX-040,SKU-2004,Granola 400g,4.36,2026-01-30
US-FL-001,SKU-2011,Frozen Pizza Margherita,5.87,2026-02-10
US-FL-002,SKU-1003,Free Range Eggs 12ct,4.94,2026-02-24
US-FL-003,SKU-1010,Cheddar Cheese 200g,3.99,2026-03-11
US-FL-004,SKU-2007,Honey 500g,6.55,2026-03-21
US-FL-005,SKU-2014,Salmon Fillet 300g,12.23,2026-04-04
US-FL-006,SKU-1006,Avocado Hass 4pk,5.65,2026-04-14
US-FL-007,SKU-2003,Ground Coffee 340g,10.39,2026-04-30
US-FL-008,SKU-2010,Coconut Milk 400ml,2.61,2026-05-14
US-FL-009,SKU-1002,Whole Wheat Bread,2.18,2026-05-23
US-FL-010,SKU-1009,Tomato Sauce 400g,2.01,2026-06-09
US-FL-011,SKU-2006,Dark Chocolate 100g,2.90,2026-06-18
US-FL-012,SKU-2013,Chicken Breast 500g,8.32,2026-01-02
US-FL-013,SKU-1005,Bananas 1kg,1.28,2026-01-14
US-FL-014,SKU-2002,Orange Juice 1L,3.89,2026-01-28
US-FL-015,SKU-2009,Black Beans 400g,1.40,2026-02-14
US-FL-016,SKU-1001,Organic Milk 1L,3.56,2026-02-24
US-FL-017,SKU-1008,Pasta Penne 500g,1.23,2026-03-12
US-FL-018,SKU-2005,Almond Butter 365g,7.58,2026-03-24
US-FL-019,SKU-2012,Ice Cream Vanilla 1L,4.50,2026-04-08
US-FL-020,SKU-1004,Greek Yogurt 500g,1.70,2026-04-19
US-FL-021,SKU-2001,Sparkling Water 6pk,3.16,2026-05-01
US-FL-022,SKU-2008,Basmati Rice 5kg,12.60,2026-05-14
US-FL-023,SKU-2015,Spinach Baby 200g,2.73,2026-05-30
US-FL-024,SKU-1007,Olive Oil 500ml,8.90,2026-06-12
US-FL-025,SKU-2004,Granola 400g,4.49,2026-06-19
US-FL-026,SKU-2011,Frozen Pizza Margherita,6.05,2026-01-03
US-FL-027,SKU-1003,Free Range Eggs 12ct,5.09,2026-01-17
US-FL-028,SKU-1010,Cheddar Cheese 200g,4.11,2026-02-03
US-FL-029,SKU-2007,Honey 500g,6.75,2026-02-10
US-FL-030,SKU-2014,Salmon Fillet 300g,12.59,2026-03-01
IN-MH-001,SKU-1006,Avocado Hass 4pk,5.32,2026-03-14
IN-MH-002,SKU-2003,Ground Coffee 340g,9.78,2026-03-23
IN-MH-003,SKU-2010,Coconut Milk 400ml,2.51,2026-04-05
IN-MH-004,SKU-1002,Whole Wheat Bread,2.09,2026-04-16
IN-MH-005,SKU-1009,Tomato Sauce 400g,1.97,2026-05-04
IN-MH-006,SKU-2006,Dark Chocolate 100g,2.78,2026-05-12
IN-MH-007,SKU-2013,Chicken Breast 500g,8.23,2026-05-30
IN-MH-008,SKU-1005,Bananas 1kg,1.25,2026-06-09
IN-MH-009,SKU-2002,Orange Juice 1L,3.85,2026-06-22
IN-MH-010,SKU-2009,Black Beans 400g,1.42,2026-01-04
IN-MH-011,SKU-1001,Organic Milk 1L,3.48,2026-01-16
IN-MH-012,SKU-1008,Pasta Penne 500g,1.06,2026-01-30
IN-MH-013,SKU-2005,Almond Butter 365g,6.86,2026-02-15
IN-MH-014,SKU-2012,Ice Cream Vanilla 1L,4.08,2026-02-26
IN-MH-015,SKU-1004,Greek Yogurt 500g,1.81,2026-03-13
IN-MH-016,SKU-2001,Sparkling Water 6pk,3.00,2026-03-23
IN-MH-017,SKU-2008,Basmati Rice 5kg,11.95,2026-04-08
IN-MH-018,SKU-2015,Spinach Baby 200g,2.87,2026-04-21
IN-MH-019,SKU-1007,Olive Oil 500ml,8.80,2026-05-01
IN-MH-020,SKU-2004,Granola 400g,4.44,2026-05-19
IN-MH-021,SKU-2011,Frozen Pizza Margherita,6.11,2026-05-31
IN-MH-022,SKU-1003,Free Range Eggs 12ct,4.82,2026-06-08
IN-MH-023,SKU-1010,Cheddar Cheese 200g,3.98,2026-06-25
IN-MH-024,SKU-2007,Honey 500g,6.60,2026-01-10
IN-MH-025,SKU-2014,Salmon Fillet 300g,10.93,2026-01-22
IN-MH-026,SKU-1006,Avocado Hass 4pk,5.43,2026-02-04
IN-MH-027,SKU-2003,Ground Coffee 340g,10.29,2026-02-12
IN-MH-028,SKU-2010,Coconut Milk 400ml,2.51,2026-02-27
IN-MH-029,SKU-1002,Whole Wheat Bread,2.13,2026-03-13
IN-MH-030,SKU-1009,Tomato Sauce 400g,2.17,2026-03-28
IN-MH-031,SKU-2006,Dark Chocolate 100g,2.86,2026-04-07
IN-MH-032,SKU-2013,Chicken Breast 500g,8.21,2026-04-24
IN-MH-033,SKU-1005,Bananas 1kg,1.41,2026-05-01
IN-MH-034,SKU-2002,Orange Juice 1L,3.92,2026-05-15
IN-MH-035,SKU-2009,Black Beans 400g,1.33,2026-05-28
IN-MH-036,SKU-1001,Organic Milk 1L,3.55,2026-06-13
IN-MH-037,SKU-1008,Pasta Penne 500g,1.08,2026-06-24
IN-MH-038,SKU-2005,Almond Butter 365g,6.71,2026-01-05
IN-MH-039,SKU-2012,Ice Cream Vanilla 1L,3.95,2026-01-18
IN-MH-040,SKU-1004,Greek Yogurt 500g,1.68,2026-02-05
IN-KA-001,SKU-2001,Sparkling Water 6pk,3.26,2026-02-16
IN-KA-002,SKU-2008,Basmati Rice 5kg,12.31,2026-03-03
IN-KA-003,SKU-2015,Spinach Baby 200g,2.90,2026-03-15
IN-KA-004,SKU-1007,Olive Oil 500ml,10.01,2026-03-27
IN-KA-005,SKU-2004,Granola 400g,4.22,2026-04-10
IN-KA-006,SKU-2011,Frozen Pizza Margherita,5.81,2026-04-23
IN-KA-007,SKU-1003,Free Range Eggs 12ct,4.99,2026-05-02
IN-KA-008,SKU-1010,Cheddar Cheese 200g,3.87,2026-05-15
IN-KA-009,SKU-2007,Honey 500g,6.43,2026-06-01
IN-KA-010,SKU-2014,Salmon Fillet 300g,12.35,2026-06-13
IN-KA-011,SKU-1006,Avocado Hass 4pk,5.88,2026-06-27
IN-KA-012,SKU-2003,Ground Coffee 340g,9.37,2026-01-07
IN-KA-013,SKU-2010,Coconut Milk 400ml,2.54,2026-01-19
IN-KA-014,SKU-1002,Whole Wheat Bread,2.19,2026-02-07
IN-KA-015,SKU-1009,Tomato Sauce 400g,2.11,2026-02-18
IN-KA-016,SKU-2006,Dark Chocolate 100g,2.78,2026-03-01
IN-KA-017,SKU-2013,Chicken Breast 500g,7.82,2026-03-16
IN-KA-018,SKU-1005,Bananas 1kg,1.33,2026-03-31
IN-KA-019,SKU-2002,Orange Juice 1L,3.74,2026-04-07
IN-KA-020,SKU-2009,Black Beans 400g,1.42,2026-04-22
IN-KA-021,SKU-1001,Organic Milk 1L,3.35,2026-05-05
IN-KA-022,SKU-1008,Pasta Penne 500g,1.12,2026-05-22
IN-KA-023,SKU-2005,Almond Butter 365g,7.73,2026-06-02
IN-KA-024,SKU-2012,Ice Cream Vanilla 1L,4.60,2026-06-14
IN-KA-025,SKU-1004,Greek Yogurt 500g,1.90,2026-06-24
IN-KA-026,SKU-2001,Sparkling Water 6pk,3.63,2026-01-07
IN-KA-027,SKU-2008,Basmati Rice 5kg,12.59,2026-01-23
IN-KA-028,SKU-2015,Spinach Baby 200g,2.52,2026-02-08
IN-KA-029,SKU-1007,Olive Oil 500ml,8.81,2026-02-15
IN-KA-030,SKU-2004,Granola 400g,4.27,2026-03-02
IN-DL-001,SKU-2011,Frozen Pizza Margherita,5.57,2026-03-17
IN-DL-002,SKU-1003,Free Range Eggs 12ct,4.89,2026-03-29
IN-DL-003,SKU-1010,Cheddar Cheese 200g,3.79,2026-04-08
IN-DL-004,SKU-2007,Honey 500g,7.02,2026-04-23
IN-DL-005,SKU-2014,Salmon Fillet 300g,12.72,2026-05-08
IN-DL-006,SKU-1006,Avocado Hass 4pk,5.37,2026-05-17
IN-DL-007,SKU-2003,Ground Coffee 340g,10.49,2026-06-05
IN-DL-008,SKU-2010,Coconut Milk 400ml,2.37,2026-06-15
IN-DL-009,SKU-1002,Whole Wheat Bread,2.13,2026-06-26
IN-DL-010,SKU-1009,Tomato Sauce 400g,1.99,2026-01-13
IN-DL-011,SKU-2006,Dark Chocolate 100g,2.70,2026-01-25
IN-DL-012,SKU-2013,Chicken Breast 500g,8.15,2026-02-09
IN-DL-013,SKU-1005,Bananas 1kg,1.30,2026-02-16
IN-DL-014,SKU-2002,Orange Juice 1L,3.97,2026-03-07
IN-DL-015,SKU-2009,Black Beans 400g,1.30,2026-03-19
IN-DL-016,SKU-1001,Organic Milk 1L,3.31,2026-03-29
IN-DL-017,SKU-1008,Pasta Penne 500g,1.24,2026-04-13
IN-DL-018,SKU-2005,Almond Butter 365g,7.20,2026-04-28
IN-DL-019,SKU-2012,Ice Cream Vanilla 1L,4.32,2026-05-11
IN-DL-020,SKU-1004,Greek Yogurt 500g,1.63,2026-05-21
GB-LN-001,SKU-2001,Sparkling Water 6pk,3.61,2026-06-01
GB-LN-002,SKU-2008,Basmati Rice 5kg,14.77,2026-06-14
GB-LN-003,SKU-2015,Spinach Baby 200g,3.01,2026-06-30
GB-LN-004,SKU-1007,Olive Oil 500ml,10.07,2026-01-09
GB-LN-005,SKU-2004,Granola 400g,5.22,2026-01-25
GB-LN-006,SKU-2011,Frozen Pizza Margherita,7.03,2026-02-07
GB-LN-007,SKU-1003,Free Range Eggs 12ct,5.81,2026-02-22
GB-LN-008,SKU-1010,Cheddar Cheese 200g,4.61,2026-03-03
GB-LN-009,SKU-2007,Honey 500g,7.63,2026-03-17
GB-LN-010,SKU-2014,Salmon Fillet 300g,13.21,2026-03-28
GB-LN-011,SKU-1006,Avocado Hass 4pk,5.69,2026-04-16
GB-LN-012,SKU-2003,Ground Coffee 340g,11.14,2026-04-29
GB-LN-013,SKU-2010,Coconut Milk 400ml,2.81,2026-05-10
GB-LN-014,SKU-1002,Whole Wheat Bread,2.65,2026-05-22
GB-LN-015,SKU-1009,Tomato Sauce 400g,2.28,2026-06-05
GB-LN-016,SKU-2006,Dark Chocolate 100g,3.50,2026-06-19
GB-LN-017,SKU-2013,Chicken Breast 500g,9.70,2026-01-01
GB-LN-018,SKU-1005,Bananas 1kg,1.58,2026-01-10
GB-LN-019,SKU-2002,Orange Juice 1L,4.77,2026-01-24
GB-LN-020,SKU-2009,Black Beans 400g,1.65,2026-02-07
GB-LN-021,SKU-1001,Organic Milk 1L,3.88,2026-02-21
GB-LN-022,SKU-1008,Pasta Penne 500g,1.34,2026-03-08
GB-LN-023,SKU-2005,Almond Butter 365g,7.92,2026-03-16
GB-LN-024,SKU-2012,Ice Cream Vanilla 1L,4.62,2026-03-31
GB-LN-025,SKU-1004,Greek Yogurt 500g,1.97,2026-04-11
DE-BY-001,SKU-2001,Sparkling Water 6pk,3.88,2026-04-26
DE-BY-002,SKU-2008,Basmati Rice 5kg,14.83,2026-05-13
DE-BY-003,SKU-2015,Spinach Baby 200g,3.22,2026-05-24
DE-BY-004,SKU-1007,Olive Oil 500ml,10.56,2026-06-04
DE-BY-005,SKU-2004,Granola 400g,5.56,2026-06-21
DE-BY-006,SKU-2011,Frozen Pizza Margherita,7.48,2026-06-30
DE-BY-007,SKU-1003,Free Range Eggs 12ct,5.59,2026-01-13
DE-BY-008,SKU-1010,Cheddar Cheese 200g,4.21,2026-01-28
DE-BY-009,SKU-2007,Honey 500g,6.99,2026-02-12
DE-BY-010,SKU-2014,Salmon Fillet 300g,13.28,2026-02-22
DE-BY-011,SKU-1006,Avocado Hass 4pk,6.47,2026-03-10
DE-BY-012,SKU-2003,Ground Coffee 340g,11.39,2026-03-18
DE-BY-013,SKU-2010,Coconut Milk 400ml,2.89,2026-04-02
DE-BY-014,SKU-1002,Whole Wheat Bread,2.73,2026-04-15
DE-BY-015,SKU-1009,Tomato Sauce 400g,2.37,2026-04-28
DE-BY-016,SKU-2006,Dark Chocolate 100g,3.67,2026-05-13
DE-BY-017,SKU-2013,Chicken Breast 500g,10.25,2026-05-26
DE-BY-018,SKU-1005,Bananas 1kg,1.36,2026-06-08
DE-BY-019,SKU-2002,Orange Juice 1L,4.11,2026-06-21
DE-BY-020,SKU-2009,Black Beans 400g,1.59,2026-06-29
US-NY-001,SKU-1001,Organic Milk 1L,3.42,2026-01-13
US-NY-002,SKU-1008,Pasta Penne 500g,1.18,2026-01-28
US-NY-003,SKU-2005,Almond Butter 365g,7.29,2026-02-13
US-NY-004,SKU-2012,Ice Cream Vanilla 1L,4.33,2026-02-26
US-NY-005,SKU-1004,Greek Yogurt 500g,1.83,2026-03-07
US-NY-006,SKU-2001,Sparkling Water 6pk,3.39,2026-03-19
US-NY-007,SKU-2008,Basmati Rice 5kg,13.51,2026-04-02
US-NY-008,SKU-2015,Spinach Baby 200g,2.93,2026-04-18
US-NY-009,SKU-1007,Olive Oil 500ml,8.54,2026-04-26
US-NY-010,SKU-2004,Granola 400g,4.31,2026-05-15
US-NY-011,SKU-2011,Frozen Pizza Margherita,5.81,2026-05-24
US-NY-012,SKU-1003,Free Range Eggs 12ct,4.89,2026-06-05
US-NY-013,SKU-1010,Cheddar Cheese 200g,3.95,2026-06-23
US-NY-014,SKU-2007,Honey 500g,6.49,2026-06-30
US-NY-015,SKU-2014,Salmon Fillet 300g,12.11,2026-01-19
US-NY-016,SKU-1006,Avocado Hass 4pk,5.60,2026-01-31
US-NY-017,SKU-2003,Ground Coffee 340g,10.29,2026-02-08
US-NY-018,SKU-2010,Coconut Milk 400ml,2.59,2026-02-23
US-NY-019,SKU-1002,Whole Wheat Bread,2.40,2026-03-06
US-NY-020,SKU-1009,Tomato Sauce 400g,1.99,2026-03-20
US-NY-021,SKU-2006,Dark Chocolate 100g,2.87,2026-04-02
US-NY-022,SKU-2013,Chicken Breast 500g,8.24,2026-04-19
US-NY-023,SKU-1005,Bananas 1kg,1.26,2026-05-03
US-NY-024,SKU-2002,Orange Juice 1L,3.85,2026-05-13
US-NY-025,SKU-2009,Black Beans 400g,1.39,2026-05-28
US-NY-026,SKU-1001,Organic Milk 1L,3.52,2026-06-10
US-NY-027,SKU-1008,Pasta Penne 500g,1.21,2026-06-18
US-NY-028,SKU-2005,Almond Butter 365g,7.51,2026-01-07
US-NY-029,SKU-2012,Ice Cream Vanilla 1L,4.46,2026-01-17
US-NY-030,SKU-1004,Greek Yogurt 500g,1.88,2026-01-27
US-NY-031,SKU-2001,Sparkling Water 6pk,3.13,2026-02-10
US-NY-032,SKU-2008,Basmati Rice 5kg,12.47,2026-02-27
US-NY-033,SKU-2015,Spinach Baby 200g,2.71,2026-03-12
US-NY-034,SKU-1007,Olive Oil 500ml,8.81,2026-03-21
US-NY-035,SKU-2004,Granola 400g,4.45,2026-04-04
US-NY-036,SKU-2011,Frozen Pizza Margherita,5.99,2026-04-21
US-NY-037,SKU-1003,Free Range Eggs 12ct,5.04,2026-04-30
US-NY-038,SKU-1010,Cheddar Cheese 200g,4.07,2026-05-15
US-NY-039,SKU-2007,Honey 500g,6.68,2026-05-30
US-NY-040,SKU-2014,Salmon Fillet 300g,12.47,2026-06-09
US-NY-041,SKU-1006,Avocado Hass 4pk,5.76,2026-06-25
US-NY-042,SKU-2003,Ground Coffee 340g,9.49,2026-01-02
US-NY-043,SKU-2010,Coconut Milk 400ml,2.39,2026-01-16
US-NY-044,SKU-1002,Whole Wheat Bread,2.22,2026-02-01
US-NY-045,SKU-1009,Tomato Sauce 400g,2.05,2026-02-16
US-NY-046,SKU-2006,Dark Chocolate 100g,2.96,2026-03-01
US-NY-047,SKU-2013,Chicken Breast 500g,8.49,2026-03-08
US-NY-048,SKU-1005,Bananas 1kg,1.30,2026-03-26
US-NY-049,SKU-2002,Orange Juice 1L,3.97,2026-04-07
US-NY-050,SKU-2009,Black Beans 400g,1.43,2026-04-17
US-CA-001,SKU-1001,Organic Milk 1L,4.07,2026-05-04
US-CA-002,SKU-1008,Pasta Penne 500g,1.34,2026-05-16
US-CA-003,SKU-2005,Almond Butter 365g,7.83,2026-05-29
US-CA-004,SKU-2012,Ice Cream Vanilla 1L,4.69,2026-06-07
US-CA-005,SKU-1004,Greek Yogurt 500g,1.86,2026-06-21
US-CA-006,SKU-2001,Sparkling Water 6pk,3.58,2026-01-04
US-CA-007,SKU-2008,Basmati Rice 5kg,14.53,2026-01-20
US-CA-008,SKU-2015,Spinach Baby 200g,3.01,2026-01-29
US-CA-009,SKU-1007,Olive Oil 500ml,10.35,2026-02-13
US-CA-010,SKU-2004,Granola 400g,5.18,2026-02-26
US-CA-011,SKU-2011,Frozen Pizza Margherita,6.85,2026-03-13
US-CA-012,SKU-1003,Free Range Eggs 12ct,5.86,2026-03-24
US-CA-013,SKU-1010,Cheddar Cheese 200g,4.44,2026-04-07
US-CA-014,SKU-2007,Honey 500g,6.78,2026-04-21
US-CA-015,SKU-2014,Salmon Fillet 300g,12.89,2026-05-06
US-CA-016,SKU-1006,Avocado Hass 4pk,5.59,2026-05-14
US-CA-017,SKU-2003,Ground Coffee 340g,10.87,2026-05-29
US-CA-018,SKU-2010,Coconut Milk 400ml,2.71,2026-06-12
US-CA-019,SKU-1002,Whole Wheat Bread,2.43,2026-06-25
US-CA-020,SKU-1009,Tomato Sauce 400g,2.32,2026-01-10
US-CA-021,SKU-2006,Dark Chocolate 100g,3.23,2026-01-23
US-CA-022,SKU-2013,Chicken Breast 500g,9.79,2026-02-03
US-CA-023,SKU-1005,Bananas 1kg,1.48,2026-02-18
US-CA-024,SKU-2002,Orange Juice 1L,4.37,2026-02-28
US-CA-025,SKU-2009,Black Beans 400g,1.48,2026-03-11
US-CA-026,SKU-1001,Organic Milk 1L,3.75,2026-03-26
US-CA-027,SKU-1008,Pasta Penne 500g,1.24,2026-04-07
US-CA-028,SKU-2005,Almond Butter 365g,8.07,2026-04-19
US-CA-029,SKU-2012,Ice Cream Vanilla 1L,4.84,2026-05-05
US-CA-030,SKU-1004,Greek Yogurt 500g,1.92,2026-05-17
US-CA-031,SKU-2001,Sparkling Water 6pk,3.69,2026-05-30
US-CA-032,SKU-2008,Basmati Rice 5kg,14.97,2026-06-10
US-CA-033,SKU-2015,Spinach Baby 200g,3.10,2026-06-27
US-CA-034,SKU-1007,Olive Oil 500ml,10.66,2026-01-06
US-CA-035,SKU-2004,Granola 400g,5.33,2026-01-18
US-CA-036,SKU-2011,Frozen Pizza Margherita,6.32,2026-02-06
US-CA-037,SKU-1003,Free Range Eggs 12ct,5.41,2026-02-19
US-CA-038,SKU-1010,Cheddar Cheese 200g,4.10,2026-02-28
US-CA-039,SKU-2007,Honey 500g,7.00,2026-03-15
US-CA-040,SKU-2014,Salmon Fillet 300g,13.29,2026-03-25
US-CA-041,SKU-1006,Avocado Hass 4pk,5.76,2026-04-06
US-CA-042,SKU-2003,Ground Coffee 340g,11.20,2026-04-20
US-CA-043,SKU-2010,Coconut Milk 400ml,2.79,2026-05-08
US-CA-044,SKU-1002,Whole Wheat Bread,2.50,2026-05-21
US-CA-045,SKU-1009,Tomato Sauce 400g,2.39,2026-06-02
US-CA-046,SKU-2006,Dark Chocolate 100g,3.33,2026-06-12
US-CA-047,SKU-2013,Chicken Breast 500g,9.03,2026-06-24
US-CA-048,SKU-1005,Bananas 1kg,1.36,2026-01-09
US-CA-049,SKU-2002,Orange Juice 1L,4.04,2026-01-23
US-CA-050,SKU-2009,Black Beans 400g,1.53,2026-02-01
US-TX-001,SKU-1001,Organic Milk 1L,3.46,2026-02-18
US-TX-002,SKU-1008,Pasta Penne 500g,1.19,2026-03-05
US-TX-003,SKU-2005,Almond Butter 365g,7.36,2026-03-12
US-TX-004,SKU-2012,Ice Cream Vanilla 1L,4.38,2026-03-30
US-TX-005,SKU-1004,Greek Yogurt 500g,1.84,2026-04-13
US-TX-006,SKU-2001,Sparkling Water 6pk,3.42,2026-04-24
US-TX-007,SKU-2008,Basmati Rice 5kg,13.64,2026-05-04
US-TX-008,SKU-2015,Spinach Baby 200g,2.65,2026-05-16
US-TX-009,SKU-1007,Olive Oil 500ml,8.63,2026-06-02
US-TX-010,SKU-2004,Granola 400g,4.36,2026-06-15
US-TX-011,SKU-2011,Frozen Pizza Margherita,5.87,2026-06-25
US-TX-012,SKU-1003,Free Range Eggs 12ct,4.94,2026-01-08
US-TX-013,SKU-1010,Cheddar Cheese 200g,3.99,2026-01-23
US-TX-014,SKU-2007,Honey 500g,6.55,2026-02-08
US-TX-015,SKU-2014,Salmon Fillet 300g,12.23,2026-02-21
US-TX-016,SKU-1006,Avocado Hass 4pk,5.65,2026-02-28
US-TX-017,SKU-2003,Ground Coffee 340g,10.39,2026-03-13
US-TX-018,SKU-2010,Coconut Milk 400ml,2.61,2026-03-26
US-TX-019,SKU-1002,Whole Wheat Bread,2.18,2026-04-14
US-TX-020,SKU-1009,Tomato Sauce 400g,2.01,2026-04-25
US-TX-021,SKU-2006,Dark Chocolate 100g,2.90,2026-05-06
US-TX-022,SKU-2013,Chicken Breast 500g,8.32,2026-05-18
US-TX-023,SKU-1005,Bananas 1kg,1.28,2026-06-04
US-TX-024,SKU-2002,Orange Juice 1L,3.89,2026-06-17
US-TX-025,SKU-2009,Black Beans 400g,1.40,2026-01-01
US-TX-026,SKU-1001,Organic Milk 1L,3.56,2026-01-08
US-TX-027,SKU-1008,Pasta Penne 500g,1.23,2026-01-27
US-TX-028,SKU-2005,Almond Butter 365g,7.58,2026-02-04
US-TX-029,SKU-2012,Ice Cream Vanilla 1L,4.50,2026-02-17
US-TX-030,SKU-1004,Greek Yogurt 500g,1.70,2026-03-06
US-TX-031,SKU-2001,Sparkling Water 6pk,3.16,2026-03-16
US-TX-032,SKU-2008,Basmati Rice 5kg,12.60,2026-03-27
US-TX-033,SKU-2015,Spinach Baby 200g,2.73,2026-04-09
US-TX-034,SKU-1007,Olive Oil 500ml,8.90,2026-04-23
US-TX-035,SKU-2004,Granola 400g,4.49,2026-05-05
US-TX-036,SKU-2011,Frozen Pizza Margherita,6.05,2026-05-21
US-TX-037,SKU-1003,Free Range Eggs 12ct,5.09,2026-06-04
US-TX-038,SKU-1010,Cheddar Cheese 200g,4.11,2026-06-15
US-TX-039,SKU-2007,Honey 500g,6.75,2026-06-26
US-TX-040,SKU-2014,Salmon Fillet 300g,12.59,2026-01-13
US-FL-001,SKU-1006,Avocado Hass 4pk,5.22,2026-01-24
US-FL-002,SKU-2003,Ground Coffee 340g,9.59,2026-02-07
US-FL-003,SKU-2010,Coconut Milk 400ml,2.42,2026-02-22
US-FL-004,SKU-1002,Whole Wheat Bread,2.24,2026-03-04
US-FL-005,SKU-1009,Tomato Sauce 400g,2.07,2026-03-18
US-FL-006,SKU-2006,Dark Chocolate 100g,2.99,2026-03-28
US-FL-007,SKU-2013,Chicken Breast 500g,8.57,2026-04-13
US-FL-008,SKU-1005,Bananas 1kg,1.32,2026-04-27
US-FL-009,SKU-2002,Orange Juice 1L,4.01,2026-05-06
US-FL-010,SKU-2009,Black Beans 400g,1.45,2026-05-23
US-FL-011,SKU-1001,Organic Milk 1L,3.66,2026-06-01
US-FL-012,SKU-1008,Pasta Penne 500g,1.13,2026-06-15
US-FL-013,SKU-2005,Almond Butter 365g,7.00,2026-06-27
US-FL-014,SKU-2012,Ice Cream Vanilla 1L,4.16,2026-01-11
US-FL-015,SKU-1004,Greek Yogurt 500g,1.75,2026-01-28
US-FL-016,SKU-2001,Sparkling Water 6pk,3.26,2026-02-07
US-FL-017,SKU-2008,Basmati Rice 5kg,12.99,2026-02-23
US-FL-018,SKU-2015,Spinach Baby 200g,2.82,2026-03-07
US-FL-019,SKU-1007,Olive Oil 500ml,9.17,2026-03-22
US-FL-020,SKU-2004,Granola 400g,4.62,2026-04-02
US-FL-021,SKU-2011,Frozen Pizza Margherita,6.23,2026-04-14
US-FL-022,SKU-1003,Free Range Eggs 12ct,5.24,2026-04-27
US-FL-023,SKU-1010,Cheddar Cheese 200g,3.79,2026-05-13
US-FL-024,SKU-2007,Honey 500g,6.23,2026-05-26
US-FL-025,SKU-2014,Salmon Fillet 300g,11.63,2026-06-02
US-FL-026,SKU-1006,Avocado Hass 4pk,5.38,2026-06-16
US-FL-027,SKU-2003,Ground Coffee 340g,9.89,2026-06-30
US-FL-028,SKU-2010,Coconut Milk 400ml,2.49,2026-01-17
US-FL-029,SKU-1002,Whole Wheat Bread,2.31,2026-01-24
US-FL-030,SKU-1009,Tomato Sauce 400g,2.13,2026-02-12
IN-MH-001,SKU-2006,Dark Chocolate 100g,2.93,2026-02-25
IN-MH-002,SKU-2013,Chicken Breast 500g,8.21,2026-03-06
IN-MH-003,SKU-1005,Bananas 1kg,1.26,2026-03-19
IN-MH-004,SKU-2002,Orange Juice 1L,3.66,2026-03-30
IN-MH-005,SKU-2009,Black Beans 400g,1.23,2026-04-17
IN-MH-006,SKU-1001,Organic Milk 1L,3.11,2026-04-25
IN-MH-007,SKU-1008,Pasta Penne 500g,1.08,2026-05-13
IN-MH-008,SKU-2005,Almond Butter 365g,6.71,2026-05-23
IN-MH-009,SKU-2012,Ice Cream Vanilla 1L,3.99,2026-06-05
IN-MH-010,SKU-1004,Greek Yogurt 500g,1.81,2026-06-17
IN-MH-011,SKU-2001,Sparkling Water 6pk,3.15,2026-06-29
IN-MH-012,SKU-2008,Basmati Rice 5kg,12.58,2026-01-13
IN-MH-013,SKU-2015,Spinach Baby 200g,2.67,2026-01-29
IN-MH-014,SKU-1007,Olive Oil 500ml,9.35,2026-02-09
IN-MH-015,SKU-2004,Granola 400g,4.09,2026-02-24
IN-MH-016,SKU-2011,Frozen Pizza Margherita,5.29,2026-03-06
IN-MH-017,SKU-1003,Free Range Eggs 12ct,4.45,2026-03-22
IN-MH-018,SKU-1010,Cheddar Cheese 200g,3.83,2026-04-04
IN-MH-019,SKU-2007,Honey 500g,6.62,2026-04-14
IN-MH-020,SKU-2014,Salmon Fillet 300g,11.51,2026-05-02
IN-MH-021,SKU-1006,Avocado Hass 4pk,5.43,2026-05-14
IN-MH-022,SKU-2003,Ground Coffee 340g,9.68,2026-05-22
IN-MH-023,SKU-2010,Coconut Milk 400ml,2.36,2026-06-08
IN-MH-024,SKU-1002,Whole Wheat Bread,2.31,2026-06-23
IN-MH-025,SKU-1009,Tomato Sauce 400g,2.24,2026-01-05
IN-MH-026,SKU-2006,Dark Chocolate 100g,2.70,2026-01-18
IN-MH-027,SKU-2013,Chicken Breast 500g,7.99,2026-01-26
IN-MH-028,SKU-1005,Bananas 1kg,1.21,2026-02-10
IN-MH-029,SKU-2002,Orange Juice 1L,3.96,2026-02-24
IN-MH-030,SKU-2009,Black Beans 400g,1.42,2026-03-11
IN-MH-031,SKU-1001,Organic Milk 1L,3.35,2026-03-21
IN-MH-032,SKU-1008,Pasta Penne 500g,1.19,2026-04-07
IN-MH-033,SKU-2005,Almond Butter 365g,6.92,2026-04-14
IN-MH-034,SKU-2012,Ice Cream Vanilla 1L,4.07,2026-04-28
IN-MH-035,SKU-1004,Greek Yogurt 500g,1.81,2026-05-11
IN-MH-036,SKU-2001,Sparkling Water 6pk,3.59,2026-05-27
IN-MH-037,SKU-2008,Basmati Rice 5kg,12.83,2026-06-07
IN-MH-038,SKU-2015,Spinach Baby 200g,2.73,2026-06-18
IN-MH-039,SKU-1007,Olive Oil 500ml,8.20,2026-01-01
IN-MH-040,SKU-2004,Granola 400g,4.14,2026-01-19
IN-KA-001,SKU-2011,Frozen Pizza Margherita,5.75,2026-01-30
IN-KA-002,SKU-1003,Free Range Eggs 12ct,5.29,2026-02-14
IN-KA-003,SKU-1010,Cheddar Cheese 200g,3.75,2026-02-26
IN-KA-004,SKU-2007,Honey 500g,6.69,2026-03-10
IN-KA-005,SKU-2014,Salmon Fillet 300g,13.09,2026-03-24
IN-KA-006,SKU-1006,Avocado Hass 4pk,5.42,2026-04-06
IN-KA-007,SKU-2003,Ground Coffee 340g,10.91,2026-04-15
IN-KA-008,SKU-2010,Coconut Milk 400ml,2.27,2026-04-28
IN-KA-009,SKU-1002,Whole Wheat Bread,2.07,2026-05-15
IN-KA-010,SKU-1009,Tomato Sauce 400g,1.91,2026-05-27
IN-KA-011,SKU-2006,Dark Chocolate 100g,2.81,2026-06-10
IN-KA-012,SKU-2013,Chicken Breast 500g,8.57,2026-06-20
IN-KA-013,SKU-1005,Bananas 1kg,1.37,2026-01-02
IN-KA-014,SKU-2002,Orange Juice 1L,4.13,2026-01-21
IN-KA-015,SKU-2009,Black Beans 400g,1.32,2026-02-01
IN-KA-016,SKU-1001,Organic Milk 1L,3.56,2026-02-12
IN-KA-017,SKU-1008,Pasta Penne 500g,1.26,2026-02-27
IN-KA-018,SKU-2005,Almond Butter 365g,7.81,2026-03-14
IN-KA-019,SKU-2012,Ice Cream Vanilla 1L,3.95,2026-03-21
IN-KA-020,SKU-1004,Greek Yogurt 500g,1.75,2026-04-05
IN-KA-021,SKU-2001,Sparkling Water 6pk,3.06,2026-04-18
IN-KA-022,SKU-2008,Basmati Rice 5kg,13.11,2026-05-05
IN-KA-023,SKU-2015,Spinach Baby 200g,2.57,2026-05-16
IN-KA-024,SKU-1007,Olive Oil 500ml,8.90,2026-05-28
IN-KA-025,SKU-2004,Granola 400g,4.58,2026-06-07
IN-KA-026,SKU-2011,Frozen Pizza Margherita,5.99,2026-06-20
IN-KA-027,SKU-1003,Free Range Eggs 12ct,5.14,2026-01-06
IN-KA-028,SKU-1010,Cheddar Cheese 200g,3.90,2026-01-22
IN-KA-029,SKU-2007,Honey 500g,6.47,2026-01-29
IN-KA-030,SKU-2014,Salmon Fillet 300g,10.59,2026-02-13
IN-DL-001,SKU-1006,Avocado Hass 4pk,5.38,2026-02-28
IN-DL-002,SKU-2003,Ground Coffee 340g,9.21,2026-03-12
IN-DL-003,SKU-2010,Coconut Milk 400ml,2.37,2026-03-22
IN-DL-004,SKU-1002,Whole Wheat Bread,2.20,2026-04-06
IN-DL-005,SKU-1009,Tomato Sauce 400g,2.09,2026-04-21
IN-DL-006,SKU-2006,Dark Chocolate 100g,2.96,2026-04-30
IN-DL-007,SKU-2013,Chicken Breast 500g,9.09,2026-05-19
IN-DL-008,SKU-1005,Bananas 1kg,1.36,2026-05-29
IN-DL-009,SKU-2002,Orange Juice 1L,3.84,2026-06-09
IN-DL-010,SKU-2009,Black Beans 400g,1.37,2026-06-26
IN-DL-011,SKU-1001,Organic Milk 1L,3.15,2026-01-08
IN-DL-012,SKU-1008,Pasta Penne 500g,1.11,2026-01-23
IN-DL-013,SKU-2005,Almond Butter 365g,7.21,2026-01-30
IN-DL-014,SKU-2012,Ice Cream Vanilla 1L,4.29,2026-02-18
IN-DL-015,SKU-1004,Greek Yogurt 500g,1.88,2026-03-02
IN-DL-016,SKU-2001,Sparkling Water 6pk,3.39,2026-03-12
IN-DL-017,SKU-2008,Basmati Rice 5kg,12.73,2026-03-27
IN-DL-018,SKU-2015,Spinach Baby 200g,2.96,2026-04-11
IN-DL-019,SKU-1007,Olive Oil 500ml,9.44,2026-04-24
IN-DL-020,SKU-2004,Granola 400g,4.72,2026-05-04
GB-LN-001,SKU-2011,Frozen Pizza Margherita,7.11,2026-05-15
GB-LN-002,SKU-1003,Free Range Eggs 12ct,5.50,2026-05-28
GB-LN-003,SKU-1010,Cheddar Cheese 200g,4.18,2026-06-13
GB-LN-004,SKU-2007,Honey 500g,7.05,2026-06-22
GB-LN-005,SKU-2014,Salmon Fillet 300g,13.51,2026-01-08
GB-LN-006,SKU-1006,Avocado Hass 4pk,6.25,2026-01-21
GB-LN-007,SKU-2003,Ground Coffee 340g,11.29,2026-02-05
GB-LN-008,SKU-2010,Coconut Milk 400ml,2.79,2026-02-14
GB-LN-009,SKU-1002,Whole Wheat Bread,2.62,2026-02-28
GB-LN-010,SKU-1009,Tomato Sauce 400g,2.50,2026-03-11
GB-LN-011,SKU-2006,Dark Chocolate 100g,3.36,2026-03-30
GB-LN-012,SKU-2013,Chicken Breast 500g,10.25,2026-04-12
GB-LN-013,SKU-1005,Bananas 1kg,1.41,2026-04-23
GB-LN-014,SKU-2002,Orange Juice 1L,4.37,2026-05-05
GB-LN-015,SKU-2009,Black Beans 400g,1.47,2026-05-19
GB-LN-016,SKU-1001,Organic Milk 1L,3.97,2026-06-02
GB-LN-017,SKU-1008,Pasta Penne 500g,1.32,2026-06-14
GB-LN-018,SKU-2005,Almond Butter 365g,8.68,2026-06-23
GB-LN-019,SKU-2012,Ice Cream Vanilla 1L,5.11,2026-01-07
GB-LN-020,SKU-1004,Greek Yogurt 500g,2.06,2026-01-21
GB-LN-021,SKU-2001,Sparkling Water 6pk,3.96,2026-02-04
GB-LN-022,SKU-2008,Basmati Rice 5kg,15.81,2026-02-19
GB-LN-023,SKU-2015,Spinach Baby 200g,3.28,2026-02-27
GB-LN-024,SKU-1007,Olive Oil 500ml,9.39,2026-03-14
GB-LN-025,SKU-2004,Granola 400g,4.78,2026-03-25
DE-BY-001,SKU-2011,Frozen Pizza Margherita,6.86,2026-04-09
DE-BY-002,SKU-1003,Free Range Eggs 12ct,5.53,2026-04-26
DE-BY-003,SKU-1010,Cheddar Cheese 200g,4.46,2026-05-07
DE-BY-004,SKU-2007,Honey 500g,7.40,2026-05-18
DE-BY-005,SKU-2014,Salmon Fillet 300g,14.41,2026-06-04
DE-BY-006,SKU-1006,Avocado Hass 4pk,6.66,2026-06-13
DE-BY-007,SKU-2003,Ground Coffee 340g,12.14,2026-06-26
DE-BY-008,SKU-2010,Coconut Milk 400ml,2.85,2026-01-11
DE-BY-009,SKU-1002,Whole Wheat Bread,2.67,2026-01-26
DE-BY-010,SKU-1009,Tomato Sauce 400g,2.24,2026-02-05
DE-BY-011,SKU-2006,Dark Chocolate 100g,3.42,2026-02-21
DE-BY-012,SKU-2013,Chicken Breast 500g,9.39,2026-03-01
DE-BY-013,SKU-1005,Bananas 1kg,1.45,2026-03-16
DE-BY-014,SKU-2002,Orange Juice 1L,4.51,2026-03-29
DE-BY-015,SKU-2009,Black Beans 400g,1.53,2026-04-11
DE-BY-016,SKU-1001,Organic Milk 1L,4.16,2026-04-26
DE-BY-017,SKU-1008,Pasta Penne 500g,1.40,2026-05-09
DE-BY-018,SKU-2005,Almond Butter 365g,8.33,2026-05-22
DE-BY-019,SKU-2012,Ice Cream Vanilla 1L,4.91,2026-06-04
DE-BY-020,SKU-1004,Greek Yogurt 500g,2.22,2026-06-12
US-NY-001,SKU-2001,Sparkling Water 6pk,3.13,2026-06-26
US-NY-002,SKU-2008,Basmati Rice 5kg,12.47,2026-01-11
US-NY-003,SKU-2015,Spinach Baby 200g,2.71,2026-01-27
US-NY-004,SKU-1007,Olive Oil 500ml,8.81,2026-02-09
US-NY-005,SKU-2004,Granola 400g,4.45,2026-02-18
US-NY-006,SKU-2011,Frozen Pizza Margherita,5.99,2026-03-02
US-NY-007,SKU-1003,Free Range Eggs 12ct,5.04,2026-03-16
US-NY-008,SKU-1010,Cheddar Cheese 200g,4.07,2026-04-01
US-NY-009,SKU-2007,Honey 500g,6.68,2026-04-09
US-NY-010,SKU-2014,Salmon Fillet 300g,12.47,2026-04-28
US-NY-011,SKU-1006,Avocado Hass 4pk,5.76,2026-05-07
US-NY-012,SKU-2003,Ground Coffee 340g,9.49,2026-05-19
US-NY-013,SKU-2010,Coconut Milk 400ml,2.39,2026-06-06
US-NY-014,SKU-1002,Whole Wheat Bread,2.22,2026-06-13
US-NY-015,SKU-1009,Tomato Sauce 400g,2.05,2026-01-02
US-NY-016,SKU-2006,Dark Chocolate 100g,2.96,2026-01-14
US-NY-017,SKU-2013,Chicken Breast 500g,8.49,2026-01-22
US-NY-018,SKU-1005,Bananas 1kg,1.30,2026-02-06
US-NY-019,SKU-2002,Orange Juice 1L,3.97,2026-02-17
US-NY-020,SKU-2009,Black Beans 400g,1.43,2026-03-03
US-NY-021,SKU-1001,Organic Milk 1L,3.63,2026-03-16
US-NY-022,SKU-1008,Pasta Penne 500g,1.25,2026-04-02
US-NY-023,SKU-2005,Almond Butter 365g,6.93,2026-04-16
US-NY-024,SKU-2012,Ice Cream Vanilla 1L,4.12,2026-04-26
US-NY-025,SKU-1004,Greek Yogurt 500g,1.74,2026-05-11
US-NY-026,SKU-2001,Sparkling Water 6pk,3.22,2026-05-24
US-NY-027,SKU-2008,Basmati Rice 5kg,12.86,2026-06-01
US-NY-028,SKU-2015,Spinach Baby 200g,2.79,2026-06-20
US-NY-029,SKU-1007,Olive Oil 500ml,9.08,2026-06-30
US-NY-030,SKU-2004,Granola 400g,4.58,2026-01-10
US-NY-031,SKU-2011,Frozen Pizza Margherita,6.17,2026-01-24
US-NY-032,SKU-1003,Free Range Eggs 12ct,5.19,2026-02-10
US-NY-033,SKU-1010,Cheddar Cheese 200g,4.19,2026-02-23
US-NY-034,SKU-2007,Honey 500g,6.17,2026-03-04
US-NY-035,SKU-2014,Salmon Fillet 300g,11.51,2026-03-18
US-NY-036,SKU-1006,Avocado Hass 4pk,5.33,2026-04-04
US-NY-037,SKU-2003,Ground Coffee 340g,9.79,2026-04-13
US-NY-038,SKU-2010,Coconut Milk 400ml,2.47,2026-04-28
US-NY-039,SKU-1002,Whole Wheat Bread,2.29,2026-05-13
US-NY-040,SKU-1009,Tomato Sauce 400g,2.11,2026-05-23
US-NY-041,SKU-2006,Dark Chocolate 100g,3.05,2026-06-08
US-NY-042,SKU-2013,Chicken Breast 500g,8.74,2026-06-15
US-NY-043,SKU-1005,Bananas 1kg,1.34,2026-06-29
US-NY-044,SKU-2002,Orange Juice 1L,4.08,2026-01-15
US-NY-045,SKU-2009,Black Beans 400g,1.32,2026-01-30
US-NY-046,SKU-1001,Organic Milk 1L,3.35,2026-02-12
US-NY-047,SKU-1008,Pasta Penne 500g,1.15,2026-02-19
US-NY-048,SKU-2005,Almond Butter 365g,7.14,2026-03-09
US-NY-049,SKU-2012,Ice Cream Vanilla 1L,4.25,2026-03-21
US-NY-050,SKU-1004,Greek Yogurt 500g,1.79,2026-03-31
US-CA-001,SKU-2001,Sparkling Water 6pk,3.69,2026-04-17
US-CA-002,SKU-2008,Basmati Rice 5kg,14.97,2026-04-29
US-CA-003,SKU-2015,Spinach Baby 200g,3.10,2026-05-12
US-CA-004,SKU-1007,Olive Oil 500ml,10.66,2026-05-21
US-CA-005,SKU-2004,Granola 400g,5.33,2026-06-04
US-CA-006,SKU-2011,Frozen Pizza Margherita,6.32,2026-06-17
US-CA-007,SKU-1003,Free Range Eggs 12ct,5.41,2026-01-03
US-CA-008,SKU-1010,Cheddar Cheese 200g,4.10,2026-01-12
US-CA-009,SKU-2007,Honey 500g,7.00,2026-01-27
US-CA-010,SKU-2014,Salmon Fillet 300g,13.29,2026-02-09
US-CA-011,SKU-1006,Avocado Hass 4pk,5.76,2026-02-24
US-CA-012,SKU-2003,Ground Coffee 340g,11.20,2026-03-07
US-CA-013,SKU-2010,Coconut Milk 400ml,2.79,2026-03-21
US-CA-014,SKU-1002,Whole Wheat Bread,2.50,2026-04-04
US-CA-015,SKU-1009,Tomato Sauce 400g,2.39,2026-04-19
US-CA-016,SKU-2006,Dark Chocolate 100g,3.33,2026-04-27
US-CA-017,SKU-2013,Chicken Breast 500g,9.03,2026-05-12
US-CA-018,SKU-1005,Bananas 1kg,1.36,2026-05-26
US-CA-019,SKU-2002,Orange Juice 1L,4.04,2026-06-08
US-CA-020,SKU-2009,Black Beans 400g,1.53,2026-06-23
US-CA-021,SKU-1001,Organic Milk 1L,3.87,2026-01-06
US-CA-022,SKU-1008,Pasta Penne 500g,1.27,2026-01-17
US-CA-023,SKU-2005,Almond Butter 365g,8.32,2026-02-01
US-CA-024,SKU-2012,Ice Cream Vanilla 1L,4.99,2026-02-11
US-CA-025,SKU-1004,Greek Yogurt 500g,1.97,2026-02-22
US-CA-026,SKU-2001,Sparkling Water 6pk,3.80,2026-03-09
US-CA-027,SKU-2008,Basmati Rice 5kg,15.41,2026-03-21
US-CA-028,SKU-2015,Spinach Baby 200g,2.86,2026-04-02
US-CA-029,SKU-1007,Olive Oil 500ml,9.84,2026-04-18
US-CA-030,SKU-2004,Granola 400g,4.92,2026-04-30
US-CA-031,SKU-2011,Frozen Pizza Margherita,6.52,2026-05-13
US-CA-032,SKU-1003,Free Range Eggs 12ct,5.58,2026-05-24
US-CA-033,SKU-1010,Cheddar Cheese 200g,4.23,2026-06-10
US-CA-034,SKU-2007,Honey 500g,7.21,2026-06-19
US-CA-035,SKU-2014,Salmon Fillet 300g,13.70,2026-01-01
US-CA-036,SKU-1006,Avocado Hass 4pk,5.94,2026-01-20
US-CA-037,SKU-2003,Ground Coffee 340g,11.53,2026-02-02
US-CA-038,SKU-2010,Coconut Milk 400ml,2.88,2026-02-11
US-CA-039,SKU-1002,Whole Wheat Bread,2.31,2026-02-26
US-CA-040,SKU-1009,Tomato Sauce 400g,2.21,2026-03-08
US-CA-041,SKU-2006,Dark Chocolate 100g,3.07,2026-03-20
US-CA-042,SKU-2013,Chicken Breast 500g,9.32,2026-04-03
US-CA-043,SKU-1005,Bananas 1kg,1.40,2026-04-21
US-CA-044,SKU-2002,Orange Juice 1L,4.16,2026-05-04
US-CA-045,SKU-2009,Black Beans 400g,1.57,2026-05-16
US-CA-046,SKU-1001,Organic Milk 1L,3.99,2026-05-26
US-CA-047,SKU-1008,Pasta Penne 500g,1.31,2026-06-07
US-CA-048,SKU-2005,Almond Butter 365g,8.57,2026-06-22
US-CA-049,SKU-2012,Ice Cream Vanilla 1L,5.14,2026-01-06
US-CA-050,SKU-1004,Greek Yogurt 500g,1.82,2026-01-15
US-TX-001,SKU-2001,Sparkling Water 6pk,3.16,2026-02-01
US-TX-002,SKU-2008,Basmati Rice 5kg,12.60,2026-02-16
US-TX-003,SKU-2015,Spinach Baby 200g,2.73,2026-02-23
US-TX-004,SKU-1007,Olive Oil 500ml,8.90,2026-03-13
US-TX-005,SKU-2004,Granola 400g,4.49,2026-03-27
US-TX-006,SKU-2011,Frozen Pizza Margherita,6.05,2026-04-07
US-TX-007,SKU-1003,Free Range Eggs 12ct,5.09,2026-04-17
US-TX-008,SKU-1010,Cheddar Cheese 200g,4.11,2026-04-29
US-TX-009,SKU-2007,Honey 500g,6.75,2026-05-16
US-TX-010,SKU-2014,Salmon Fillet 300g,12.59,2026-05-29
US-TX-011,SKU-1006,Avocado Hass 4pk,5.22,2026-06-08
US-TX-012,SKU-2003,Ground Coffee 340g,9.59,2026-06-21
US-TX-013,SKU-2010,Coconut Milk 400ml,2.42,2026-01-06
US-TX-014,SKU-1002,Whole Wheat Bread,2.24,2026-01-22
US-TX-015,SKU-1009,Tomato Sauce 400g,2.07,2026-02-04
US-TX-016,SKU-2006,Dark Chocolate 100g,2.99,2026-02-11
US-TX-017,SKU-2013,Chicken Breast 500g,8.57,2026-02-24
US-TX-018,SKU-1005,Bananas 1kg,1.32,2026-03-09
US-TX-019,SKU-2002,Orange Juice 1L,4.01,2026-03-28
US-TX-020,SKU-2009,Black Beans 400g,1.45,2026-04-08
US-TX-021,SKU-1001,Organic Milk 1L,3.66,2026-04-19
US-TX-022,SKU-1008,Pasta Penne 500g,1.13,2026-05-01
US-TX-023,SKU-2005,Almond Butter 365g,7.00,2026-05-18
US-TX-024,SKU-2012,Ice Cream Vanilla 1L,4.16,2026-05-31
US-TX-025,SKU-1004,Greek Yogurt 500g,1.75,2026-06-14
US-TX-026,SKU-2001,Sparkling Water 6pk,3.26,2026-06-21
US-TX-027,SKU-2008,Basmati Rice 5kg,12.99,2026-01-10
US-TX-028,SKU-2015,Spinach Baby 200g,2.82,2026-01-18
US-TX-029,SKU-1007,Olive Oil 500ml,9.17,2026-01-31
US-TX-030,SKU-2004,Granola 400g,4.62,2026-02-17
US-TX-031,SKU-2011,Frozen Pizza Margherita,6.23,2026-02-27
US-TX-032,SKU-1003,Free Range Eggs 12ct,5.24,2026-03-10
US-TX-033,SKU-1010,Cheddar Cheese 200g,3.79,2026-03-23
US-TX-034,SKU-2007,Honey 500g,6.23,2026-04-06
US-TX-035,SKU-2014,Salmon Fillet 300g,11.63,2026-04-18
US-TX-036,SKU-1006,Avocado Hass 4pk,5.38,2026-05-04
US-TX-037,SKU-2003,Ground Coffee 340g,9.89,2026-05-18
US-TX-038,SKU-2010,Coconut Milk 400ml,2.49,2026-05-29
US-TX-039,SKU-1002,Whole Wheat Bread,2.31,2026-06-09
US-TX-040,SKU-1009,Tomato Sauce 400g,2.13,2026-06-26
US-FL-001,SKU-2006,Dark Chocolate 100g,3.08,2026-01-07
US-FL-002,SKU-2013,Chicken Breast 500g,8.83,2026-01-21
US-FL-003,SKU-1005,Bananas 1kg,1.35,2026-02-05
US-FL-004,SKU-2002,Orange Juice 1L,3.70,2026-02-15
US-FL-005,SKU-2009,Black Beans 400g,1.33,2026-03-01
US-FL-006,SKU-1001,Organic Milk 1L,3.39,2026-03-11
US-FL-007,SKU-1008,Pasta Penne 500g,1.17,2026-03-27
US-FL-008,SKU-2005,Almond Butter 365g,7.22,2026-04-10
US-FL-009,SKU-2012,Ice Cream Vanilla 1L,4.29,2026-04-19
US-FL-010,SKU-1004,Greek Yogurt 500g,1.81,2026-05-06
US-FL-011,SKU-2001,Sparkling Water 6pk,3.36,2026-05-15
US-FL-012,SKU-2008,Basmati Rice 5kg,13.38,2026-05-29
US-FL-013,SKU-2015,Spinach Baby 200g,2.90,2026-06-10
US-FL-014,SKU-1007,Olive Oil 500ml,9.44,2026-06-24
US-FL-015,SKU-2004,Granola 400g,4.27,2026-01-11
US-FL-016,SKU-2011,Frozen Pizza Margherita,5.75,2026-01-21
US-FL-017,SKU-1003,Free Range Eggs 12ct,4.84,2026-02-06
US-FL-018,SKU-1010,Cheddar Cheese 200g,3.91,2026-02-18
US-FL-019,SKU-2007,Honey 500g,6.43,2026-03-05
US-FL-020,SKU-2014,Salmon Fillet 300g,11.99,2026-03-16
US-FL-021,SKU-1006,Avocado Hass 4pk,5.54,2026-03-28
US-FL-022,SKU-2003,Ground Coffee 340g,10.19,2026-04-10
US-FL-023,SKU-2010,Coconut Milk 400ml,2.56,2026-04-26
US-FL-024,SKU-1002,Whole Wheat Bread,2.38,2026-05-09
US-FL-025,SKU-1009,Tomato Sauce 400g,2.19,2026-05-16
US-FL-026,SKU-2006,Dark Chocolate 100g,2.84,2026-05-30
US-FL-027,SKU-2013,Chicken Breast 500g,8.15,2026-06-13
US-FL-028,SKU-1005,Bananas 1kg,1.25,2026-06-30
US-FL-029,SKU-2002,Orange Juice 1L,3.81,2026-01-07
US-FL-030,SKU-2009,Black Beans 400g,1.38,2026-01-26
IN-MH-001,SKU-1001,Organic Milk 1L,3.39,2026-02-08
IN-MH-002,SKU-1008,Pasta Penne 500g,1.13,2026-02-17
IN-MH-003,SKU-2005,Almond Butter 365g,7.36,2026-03-02
IN-MH-004,SKU-2012,Ice Cream Vanilla 1L,4.24,2026-03-13
IN-MH-005,SKU-1004,Greek Yogurt 500g,1.75,2026-03-31
IN-MH-006,SKU-2001,Sparkling Water 6pk,3.59,2026-04-08
IN-MH-007,SKU-2008,Basmati Rice 5kg,11.72,2026-04-26
IN-MH-008,SKU-2015,Spinach Baby 200g,2.49,2026-05-06
IN-MH-009,SKU-1007,Olive Oil 500ml,8.89,2026-05-19
IN-MH-010,SKU-2004,Granola 400g,4.36,2026-05-31
IN-MH-011,SKU-2011,Frozen Pizza Margherita,5.75,2026-06-12
IN-MH-012,SKU-1003,Free Range Eggs 12ct,5.09,2026-06-26
IN-MH-013,SKU-1010,Cheddar Cheese 200g,3.87,2026-01-12
IN-MH-014,SKU-2007,Honey 500g,6.75,2026-01-23
IN-MH-015,SKU-2014,Salmon Fillet 300g,12.23,2026-02-07
IN-MH-016,SKU-1006,Avocado Hass 4pk,5.48,2026-02-17
IN-MH-017,SKU-2003,Ground Coffee 340g,10.70,2026-03-05
IN-MH-018,SKU-2010,Coconut Milk 400ml,2.20,2026-03-18
IN-MH-019,SKU-1002,Whole Wheat Bread,2.24,2026-03-28
IN-MH-020,SKU-1009,Tomato Sauce 400g,1.97,2026-04-15
IN-MH-021,SKU-2006,Dark Chocolate 100g,2.81,2026-04-27
IN-MH-022,SKU-2013,Chicken Breast 500g,8.32,2026-05-05
IN-MH-023,SKU-1005,Bananas 1kg,1.25,2026-05-22
IN-MH-024,SKU-2002,Orange Juice 1L,3.89,2026-06-06
IN-MH-025,SKU-2009,Black Beans 400g,1.45,2026-06-18
IN-MH-026,SKU-1001,Organic Milk 1L,3.38,2026-01-01
IN-MH-027,SKU-1008,Pasta Penne 500g,1.16,2026-01-09
IN-MH-028,SKU-2005,Almond Butter 365g,7.58,2026-01-24
IN-MH-029,SKU-2012,Ice Cream Vanilla 1L,3.91,2026-02-07
IN-MH-030,SKU-1004,Greek Yogurt 500g,1.62,2026-02-22
IN-MH-031,SKU-2001,Sparkling Water 6pk,3.29,2026-03-04
IN-MH-032,SKU-2008,Basmati Rice 5kg,13.11,2026-03-21
IN-MH-033,SKU-2015,Spinach Baby 200g,2.60,2026-03-28
IN-MH-034,SKU-1007,Olive Oil 500ml,9.44,2026-04-11
IN-MH-035,SKU-2004,Granola 400g,4.67,2026-04-24
IN-MH-036,SKU-2011,Frozen Pizza Margherita,6.11,2026-05-10
IN-MH-037,SKU-1003,Free Range Eggs 12ct,5.09,2026-05-21
IN-MH-038,SKU-1010,Cheddar Cheese 200g,4.36,2026-06-01
IN-MH-039,SKU-2007,Honey 500g,6.61,2026-06-14
IN-MH-040,SKU-2014,Salmon Fillet 300g,10.93,2026-01-02
IN-KA-001,SKU-1006,Avocado Hass 4pk,5.11,2026-01-13
IN-KA-002,SKU-2003,Ground Coffee 340g,10.17,2026-01-28
IN-KA-003,SKU-2010,Coconut Milk 400ml,2.29,2026-02-09
IN-KA-004,SKU-1002,Whole Wheat Bread,2.38,2026-02-21
IN-KA-005,SKU-1009,Tomato Sauce 400g,1.96,2026-03-07
IN-KA-006,SKU-2006,Dark Chocolate 100g,2.84,2026-03-20
IN-KA-007,SKU-2013,Chicken Breast 500g,8.66,2026-03-29
IN-KA-008,SKU-1005,Bananas 1kg,1.33,2026-04-11
IN-KA-009,SKU-2002,Orange Juice 1L,3.76,2026-04-28
IN-KA-010,SKU-2009,Black Beans 400g,1.43,2026-05-10
IN-KA-011,SKU-1001,Organic Milk 1L,3.41,2026-05-24
IN-KA-012,SKU-1008,Pasta Penne 500g,1.11,2026-06-03
IN-KA-013,SKU-2005,Almond Butter 365g,7.35,2026-06-15
IN-KA-014,SKU-2012,Ice Cream Vanilla 1L,4.16,2026-01-04
IN-KA-015,SKU-1004,Greek Yogurt 500g,1.83,2026-01-15
IN-KA-016,SKU-2001,Sparkling Water 6pk,3.13,2026-01-26
IN-KA-017,SKU-2008,Basmati Rice 5kg,12.86,2026-02-10
IN-KA-018,SKU-2015,Spinach Baby 200g,2.70,2026-02-25
IN-KA-019,SKU-1007,Olive Oil 500ml,9.07,2026-03-04
IN-KA-020,SKU-2004,Granola 400g,4.86,2026-03-19
IN-KA-021,SKU-2011,Frozen Pizza Margherita,6.23,2026-04-01
IN-KA-022,SKU-1003,Free Range Eggs 12ct,4.74,2026-04-18
IN-KA-023,SKU-1010,Cheddar Cheese 200g,3.79,2026-04-29
IN-KA-024,SKU-2007,Honey 500g,5.92,2026-05-11
IN-KA-025,SKU-2014,Salmon Fillet 300g,11.87,2026-05-21
IN-KA-026,SKU-1006,Avocado Hass 4pk,5.54,2026-06-03
IN-KA-027,SKU-2003,Ground Coffee 340g,9.39,2026-06-19
IN-KA-028,SKU-2010,Coconut Milk 400ml,2.57,2026-01-05
IN-KA-029,SKU-1002,Whole Wheat Bread,2.22,2026-01-12
IN-KA-030,SKU-1009,Tomato Sauce 400g,2.24,2026-01-27
IN-DL-001,SKU-2006,Dark Chocolate 100g,3.08,2026-02-11
IN-DL-002,SKU-2013,Chicken Breast 500g,9.00,2026-02-23
IN-DL-003,SKU-1005,Bananas 1kg,1.24,2026-03-05
IN-DL-004,SKU-2002,Orange Juice 1L,3.92,2026-03-20
IN-DL-005,SKU-2009,Black Beans 400g,1.36,2026-04-04
IN-DL-006,SKU-1001,Organic Milk 1L,3.15,2026-04-13
IN-DL-007,SKU-1008,Pasta Penne 500g,1.20,2026-05-02
IN-DL-008,SKU-2005,Almond Butter 365g,7.36,2026-05-12
IN-DL-009,SKU-2012,Ice Cream Vanilla 1L,4.38,2026-05-23
IN-DL-010,SKU-1004,Greek Yogurt 500g,1.94,2026-06-09
IN-DL-011,SKU-2001,Sparkling Water 6pk,3.32,2026-06-21
IN-DL-012,SKU-2008,Basmati Rice 5kg,12.43,2026-01-06
IN-DL-013,SKU-2015,Spinach Baby 200g,3.08,2026-01-13
IN-DL-014,SKU-1007,Olive Oil 500ml,7.94,2026-02-01
IN-DL-015,SKU-2004,Granola 400g,4.48,2026-02-13
IN-DL-016,SKU-2011,Frozen Pizza Margherita,5.64,2026-02-23
IN-DL-017,SKU-1003,Free Range Eggs 12ct,4.84,2026-03-10
IN-DL-018,SKU-1010,Cheddar Cheese 200g,3.63,2026-03-25
IN-DL-019,SKU-2007,Honey 500g,6.36,2026-04-07
IN-DL-020,SKU-2014,Salmon Fillet 300g,11.26,2026-04-17
GB-LN-001,SKU-1006,Avocado Hass 4pk,6.33,2026-04-28
GB-LN-002,SKU-2003,Ground Coffee 340g,11.94,2026-05-11
GB-LN-003,SKU-2010,Coconut Milk 400ml,2.82,2026-05-27
GB-LN-004,SKU-1002,Whole Wheat Bread,2.69,2026-06-05
GB-LN-005,SKU-1009,Tomato Sauce 400g,2.28,2026-06-21
GB-LN-006,SKU-2006,Dark Chocolate 100g,3.30,2026-01-04
GB-LN-007,SKU-2013,Chicken Breast 500g,9.31,2026-01-19
GB-LN-008,SKU-1005,Bananas 1kg,1.40,2026-01-28
GB-LN-009,SKU-2002,Orange Juice 1L,4.31,2026-02-11
GB-LN-010,SKU-2009,Black Beans 400g,1.61,2026-02-22
GB-LN-011,SKU-1001,Organic Milk 1L,3.81,2026-03-13
GB-LN-012,SKU-1008,Pasta Penne 500g,1.40,2026-03-26
GB-LN-013,SKU-2005,Almond Butter 365g,8.64,2026-04-06
GB-LN-014,SKU-2012,Ice Cream Vanilla 1L,5.22,2026-04-18
GB-LN-015,SKU-1004,Greek Yogurt 500g,2.05,2026-05-02
GB-LN-016,SKU-2001,Sparkling Water 6pk,3.63,2026-05-16
GB-LN-017,SKU-2008,Basmati Rice 5kg,13.97,2026-05-28
GB-LN-018,SKU-2015,Spinach Baby 200g,3.22,2026-06-06
GB-LN-019,SKU-1007,Olive Oil 500ml,10.40,2026-06-20
GB-LN-020,SKU-2004,Granola 400g,5.02,2026-01-04
GB-LN-021,SKU-2011,Frozen Pizza Margherita,7.01,2026-01-18
GB-LN-022,SKU-1003,Free Range Eggs 12ct,5.90,2026-02-02
GB-LN-023,SKU-1010,Cheddar Cheese 200g,4.56,2026-02-10
GB-LN-024,SKU-2007,Honey 500g,7.35,2026-02-25
GB-LN-025,SKU-2014,Salmon Fillet 300g,13.84,2026-03-08
DE-BY-001,SKU-1006,Avocado Hass 4pk,6.80,2026-03-23
DE-BY-002,SKU-2003,Ground Coffee 340g,10.72,2026-04-09
DE-BY-003,SKU-2010,Coconut Milk 400ml,2.70,2026-04-20
DE-BY-004,SKU-1002,Whole Wheat Bread,2.53,2026-05-01
DE-BY-005,SKU-1009,Tomato Sauce 400g,2.44,2026-05-18
DE-BY-006,SKU-2006,Dark Chocolate 100g,3.52,2026-05-27
DE-BY-007,SKU-2013,Chicken Breast 500g,10.02,2026-06-09
DE-BY-008,SKU-1005,Bananas 1kg,1.43,2026-06-24
DE-BY-009,SKU-2002,Orange Juice 1L,4.40,2026-01-09
DE-BY-010,SKU-2009,Black Beans 400g,1.62,2026-01-19
DE-BY-011,SKU-1001,Organic Milk 1L,4.32,2026-02-04
DE-BY-012,SKU-1008,Pasta Penne 500g,1.42,2026-02-12
DE-BY-013,SKU-2005,Almond Butter 365g,7.96,2026-02-27
DE-BY-014,SKU-2012,Ice Cream Vanilla 1L,4.82,2026-03-12
DE-BY-015,SKU-1004,Greek Yogurt 500g,1.91,2026-03-25
DE-BY-016,SKU-2001,Sparkling Water 6pk,3.80,2026-04-09
DE-BY-017,SKU-2008,Basmati Rice 5kg,14.79,2026-04-22
DE-BY-018,SKU-2015,Spinach Baby 200g,3.10,2026-05-05
DE-BY-019,SKU-1007,Olive Oil 500ml,9.99,2026-05-18
DE-BY-020,SKU-2004,Granola 400g,5.40,2026-05-26
US-NY-001,SKU-2011,Frozen Pizza Margherita,6.17,2026-06-09
US-NY-002,SKU-1003,Free Range Eggs 12ct,5.19,2026-06-24
US-NY-003,SKU-1010,Cheddar Cheese 200g,4.19,2026-01-10
US-NY-004,SKU-2007,Honey 500g,6.17,2026-01-23
US-NY-005,SKU-2014,Salmon Fillet 300g,11.51,2026-02-01
US-NY-006,SKU-1006,Avocado Hass 4pk,5.33,2026-02-13
US-NY-007,SKU-2003,Ground Coffee 340g,9.79,2026-02-27
US-NY-008,SKU-2010,Coconut Milk 400ml,2.47,2026-03-15
US-NY-009,SKU-1002,Whole Wheat Bread,2.29,2026-03-23
US-NY-010,SKU-1009,Tomato Sauce 400g,2.11,2026-04-11
US-NY-011,SKU-2006,Dark Chocolate 100g,3.05,2026-04-20
US-NY-012,SKU-2013,Chicken Breast 500g,8.74,2026-05-02
US-NY-013,SKU-1005,Bananas 1kg,1.34,2026-05-20
US-NY-014,SKU-2002,Orange Juice 1L,4.08,2026-05-27
US-NY-015,SKU-2009,Black Beans 400g,1.32,2026-06-15
US-NY-016,SKU-1001,Organic Milk 1L,3.35,2026-06-27
US-NY-017,SKU-1008,Pasta Penne 500g,1.15,2026-01-05
US-NY-018,SKU-2005,Almond Butter 365g,7.14,2026-01-20
US-NY-019,SKU-2012,Ice Cream Vanilla 1L,4.25,2026-01-31
US-NY-020,SKU-1004,Greek Yogurt 500g,1.79,2026-02-14
US-NY-021,SKU-2001,Sparkling Water 6pk,3.32,2026-02-27
US-NY-022,SKU-2008,Basmati Rice 5kg,13.25,2026-03-16
US-NY-023,SKU-2015,Spinach Baby 200g,2.87,2026-03-30
US-NY-024,SKU-1007,Olive Oil 500ml,9.35,2026-04-09
US-NY-025,SKU-2004,Granola 400g,4.71,2026-04-24
US-NY-026,SKU-2011,Frozen Pizza Margherita,5.69,2026-05-07
US-NY-027,SKU-1003,Free Range Eggs 12ct,4.79,2026-05-15
US-NY-028,SKU-1010,Cheddar Cheese 200g,3.87,2026-06-03
US-NY-029,SKU-2007,Honey 500g,6.36,2026-06-13
US-NY-030,SKU-2014,Salmon Fillet 300g,11.87,2026-06-23
US-NY-031,SKU-1006,Avocado Hass 4pk,5.49,2026-01-07
US-NY-032,SKU-2003,Ground Coffee 340g,10.09,2026-01-24
US-NY-033,SKU-2010,Coconut Milk 400ml,2.54,2026-02-06
US-NY-034,SKU-1002,Whole Wheat Bread,2.36,2026-02-15
US-NY-035,SKU-1009,Tomato Sauce 400g,2.17,2026-03-01
US-NY-036,SKU-2006,Dark Chocolate 100g,3.14,2026-03-18
US-NY-037,SKU-2013,Chicken Breast 500g,8.07,2026-03-27
US-NY-038,SKU-1005,Bananas 1kg,1.24,2026-04-11
US-NY-039,SKU-2002,Orange Juice 1L,3.77,2026-04-26
US-NY-040,SKU-2009,Black Beans 400g,1.36,2026-05-06
US-NY-041,SKU-1001,Organic Milk 1L,3.46,2026-05-22
US-NY-042,SKU-1008,Pasta Penne 500g,1.19,2026-05-29
US-NY-043,SKU-2005,Almond Butter 365g,7.36,2026-06-12
US-NY-044,SKU-2012,Ice Cream Vanilla 1L,4.38,2026-06-28
US-NY-045,SKU-1004,Greek Yogurt 500g,1.84,2026-01-13
US-NY-046,SKU-2001,Sparkling Water 6pk,3.42,2026-01-26
US-NY-047,SKU-2008,Basmati Rice 5kg,13.64,2026-02-02
US-NY-048,SKU-2015,Spinach Baby 200g,2.65,2026-02-20
US-NY-049,SKU-1007,Olive Oil 500ml,8.63,2026-03-04
US-NY-050,SKU-2004,Granola 400g,4.36,2026-03-14
US-CA-001,SKU-2011,Frozen Pizza Margherita,6.52,2026-03-31
US-CA-002,SKU-1003,Free Range Eggs 12ct,5.58,2026-04-12
US-CA-003,SKU-1010,Cheddar Cheese 200g,4.23,2026-04-25
US-CA-004,SKU-2007,Honey 500g,7.21,2026-05-04
US-CA-005,SKU-2014,Salmon Fillet 300g,13.70,2026-05-18
US-CA-006,SKU-1006,Avocado Hass 4pk,5.94,2026-05-31
US-CA-007,SKU-2003,Ground Coffee 340g,11.53,2026-06-16
US-CA-008,SKU-2010,Coconut Milk 400ml,2.88,2026-06-25
US-CA-009,SKU-1002,Whole Wheat Bread,2.31,2026-01-10
US-CA-010,SKU-1009,Tomato Sauce 400g,2.21,2026-01-23
US-CA-011,SKU-2006,Dark Chocolate 100g,3.07,2026-02-07
US-CA-012,SKU-2013,Chicken Breast 500g,9.32,2026-02-18
US-CA-013,SKU-1005,Bananas 1kg,1.40,2026-03-04
US-CA-014,SKU-2002,Orange Juice 1L,4.16,2026-03-18
US-CA-015,SKU-2009,Black Beans 400g,1.57,2026-04-02
US-CA-016,SKU-1001,Organic Milk 1L,3.99,2026-04-10
US-CA-017,SKU-1008,Pasta Penne 500g,1.31,2026-04-25
US-CA-018,SKU-2005,Almond Butter 365g,8.57,2026-05-09
US-CA-019,SKU-2012,Ice Cream Vanilla 1L,5.14,2026-05-22
US-CA-020,SKU-1004,Greek Yogurt 500g,1.82,2026-06-06
US-CA-021,SKU-2001,Sparkling Water 6pk,3.51,2026-06-19
US-CA-022,SKU-2008,Basmati Rice 5kg,14.24,2026-06-30
US-CA-023,SKU-2015,Spinach Baby 200g,2.95,2026-01-15
US-CA-024,SKU-1007,Olive Oil 500ml,10.15,2026-01-25
US-CA-025,SKU-2004,Granola 400g,5.07,2026-02-05
US-CA-026,SKU-2011,Frozen Pizza Margherita,6.72,2026-02-20
US-CA-027,SKU-1003,Free Range Eggs 12ct,5.75,2026-03-04
US-CA-028,SKU-1010,Cheddar Cheese 200g,4.36,2026-03-16
US-CA-029,SKU-2007,Honey 500g,7.42,2026-04-01
US-CA-030,SKU-2014,Salmon Fillet 300g,14.10,2026-04-13
US-CA-031,SKU-1006,Avocado Hass 4pk,5.48,2026-04-26
US-CA-032,SKU-2003,Ground Coffee 340g,10.65,2026-05-07
US-CA-033,SKU-2010,Coconut Milk 400ml,2.66,2026-05-24
US-CA-034,SKU-1002,Whole Wheat Bread,2.38,2026-06-02
US-CA-035,SKU-1009,Tomato Sauce 400g,2.28,2026-06-14
US-CA-036,SKU-2006,Dark Chocolate 100g,3.17,2026-01-03
US-CA-037,SKU-2013,Chicken Breast 500g,9.60,2026-01-16
US-CA-038,SKU-1005,Bananas 1kg,1.45,2026-01-25
US-CA-039,SKU-2002,Orange Juice 1L,4.29,2026-02-09
US-CA-040,SKU-2009,Black Beans 400g,1.62,2026-02-19
US-CA-041,SKU-1001,Organic Milk 1L,4.10,2026-03-03
US-CA-042,SKU-1008,Pasta Penne 500g,1.21,2026-03-17
US-CA-043,SKU-2005,Almond Butter 365g,7.91,2026-04-04
US-CA-044,SKU-2012,Ice Cream Vanilla 1L,4.74,2026-04-17
US-CA-045,SKU-1004,Greek Yogurt 500g,1.88,2026-04-29
US-CA-046,SKU-2001,Sparkling Water 6pk,3.62,2026-05-09
US-CA-047,SKU-2008,Basmati Rice 5kg,14.68,2026-05-21
US-CA-048,SKU-2015,Spinach Baby 200g,3.04,2026-06-05
US-CA-049,SKU-1007,Olive Oil 500ml,10.45,2026-06-19
US-CA-050,SKU-2004,Granola 400g,5.23,2026-06-28
US-TX-001,SKU-2011,Frozen Pizza Margherita,6.23,2026-01-15
US-TX-002,SKU-1003,Free Range Eggs 12ct,5.24,2026-01-30
US-TX-003,SKU-1010,Cheddar Cheese 200g,3.79,2026-02-06
US-TX-004,SKU-2007,Honey 500g,6.23,2026-02-24
US-TX-005,SKU-2014,Salmon Fillet 300g,11.63,2026-03-10
US-TX-006,SKU-1006,Avocado Hass 4pk,5.38,2026-03-21
US-TX-007,SKU-2003,Ground Coffee 340g,9.89,2026-03-31
US-TX-008,SKU-2010,Coconut Milk 400ml,2.49,2026-04-12
US-TX-009,SKU-1002,Whole Wheat Bread,2.31,2026-04-29
US-TX-010,SKU-1009,Tomato Sauce 400g,2.13,2026-05-12
US-TX-011,SKU-2006,Dark Chocolate 100g,3.08,2026-05-22
US-TX-012,SKU-2013,Chicken Breast 500g,8.83,2026-06-04
US-TX-013,SKU-1005,Bananas 1kg,1.35,2026-06-19
US-TX-014,SKU-2002,Orange Juice 1L,3.70,2026-01-05
US-TX-015,SKU-2009,Black Beans 400g,1.33,2026-01-18
US-TX-016,SKU-1001,Organic Milk 1L,3.39,2026-01-25
US-TX-017,SKU-1008,Pasta Penne 500g,1.17,2026-02-07
US-TX-018,SKU-2005,Almond Butter 365g,7.22,2026-02-20
US-TX-019,SKU-2012,Ice Cream Vanilla 1L,4.29,2026-03-11
US-TX-020,SKU-1004,Greek Yogurt 500g,1.81,2026-03-22
US-TX-021,SKU-2001,Sparkling Water 6pk,3.36,2026-04-02
US-TX-022,SKU-2008,Basmati Rice 5kg,13.38,2026-04-14
US-TX-023,SKU-2015,Spinach Baby 200g,2.90,2026-05-01
US-TX-024,SKU-1007,Olive Oil 500ml,9.44,2026-05-14
US-TX-025,SKU-2004,Granola 400g,4.27,2026-05-28
US-TX-026,SKU-2011,Frozen Pizza Margherita,5.75,2026-06-04
US-TX-027,SKU-1003,Free Range Eggs 12ct,4.84,2026-06-23
US-TX-028,SKU-1010,Cheddar Cheese 200g,3.91,2026-01-01
US-TX-029,SKU-2007,Honey 500g,6.43,2026-01-14
US-TX-030,SKU-2014,Salmon Fillet 300g,11.99,2026-01-31
US-TX-031,SKU-1006,Avocado Hass 4pk,5.54,2026-02-10
US-TX-032,SKU-2003,Ground Coffee 340g,10.19,2026-02-21
US-TX-033,SKU-2010,Coconut Milk 400ml,2.56,2026-03-06
US-TX-034,SKU-1002,Whole Wheat Bread,2.38,2026-03-20
US-TX-035,SKU-1009,Tomato Sauce 400g,2.19,2026-04-01
US-TX-036,SKU-2006,Dark Chocolate 100g,2.84,2026-04-17
US-TX-037,SKU-2013,Chicken Breast 500g,8.15,2026-05-01
US-TX-038,SKU-1005,Bananas 1kg,1.25,2026-05-12
US-TX-039,SKU-2002,Orange Juice 1L,3.81,2026-05-23
US-TX-040,SKU-2009,Black Beans 400g,1.38,2026-06-09
US-FL-001,SKU-1001,Organic Milk 1L,3.49,2026-06-20
US-FL-002,SKU-1008,Pasta Penne 500g,1.20,2026-01-04
US-FL-003,SKU-2005,Almond Butter 365g,7.44,2026-01-19
US-FL-004,SKU-2012,Ice Cream Vanilla 1L,4.42,2026-01-29
US-FL-005,SKU-1004,Greek Yogurt 500g,1.86,2026-02-12
US-FL-006,SKU-2001,Sparkling Water 6pk,3.45,2026-02-22
US-FL-007,SKU-2008,Basmati Rice 5kg,12.34,2026-03-10
US-FL-008,SKU-2015,Spinach Baby 200g,2.68,2026-03-24
US-FL-009,SKU-1007,Olive Oil 500ml,8.72,2026-04-02
US-FL-010,SKU-2004,Granola 400g,4.40,2026-04-19
US-FL-011,SKU-2011,Frozen Pizza Margherita,5.93,2026-04-28
US-FL-012,SKU-1003,Free Range Eggs 12ct,4.99,2026-05-12
US-FL-013,SKU-1010,Cheddar Cheese 200g,4.03,2026-05-24
US-FL-014,SKU-2007,Honey 500g,6.62,2026-06-07
US-FL-015,SKU-2014,Salmon Fillet 300g,12.35,2026-06-24
US-FL-016,SKU-1006,Avocado Hass 4pk,5.71,2026-01-04
US-FL-017,SKU-2003,Ground Coffee 340g,10.49,2026-01-20
US-FL-018,SKU-2010,Coconut Milk 400ml,2.37,2026-02-01
US-FL-019,SKU-1002,Whole Wheat Bread,2.20,2026-02-16
US-FL-020,SKU-1009,Tomato Sauce 400g,2.03,2026-02-27
US-FL-021,SKU-2006,Dark Chocolate 100g,2.93,2026-03-11
US-FL-022,SKU-2013,Chicken Breast 500g,8.41,2026-03-24
US-FL-023,SKU-1005,Bananas 1kg,1.29,2026-04-09
US-FL-024,SKU-2002,Orange Juice 1L,3.93,2026-04-22
US-FL-025,SKU-2009,Black Beans 400g,1.42,2026-04-29
US-FL-026,SKU-1001,Organic Milk 1L,3.59,2026-05-13
US-FL-027,SKU-1008,Pasta Penne 500g,1.24,2026-05-27
US-FL-028,SKU-2005,Almond Butter 365g,7.65,2026-06-13
US-FL-029,SKU-2012,Ice Cream Vanilla 1L,4.08,2026-06-20
US-FL-030,SKU-1004,Greek Yogurt 500g,1.72,2026-01-09
IN-MH-001,SKU-2001,Sparkling Water 6pk,3.32,2026-01-22
IN-MH-002,SKU-2008,Basmati Rice 5kg,12.86,2026-01-31
IN-MH-003,SKU-2015,Spinach Baby 200g,2.60,2026-02-13
IN-MH-004,SKU-1007,Olive Oil 500ml,9.08,2026-02-24
IN-MH-005,SKU-2004,Granola 400g,4.17,2026-03-14
IN-MH-006,SKU-2011,Frozen Pizza Margherita,5.62,2026-03-22
IN-MH-007,SKU-1003,Free Range Eggs 12ct,4.78,2026-04-09
IN-MH-008,SKU-1010,Cheddar Cheese 200g,3.90,2026-04-19
IN-MH-009,SKU-2007,Honey 500g,7.22,2026-05-02
IN-MH-010,SKU-2014,Salmon Fillet 300g,10.93,2026-05-14
IN-MH-011,SKU-1006,Avocado Hass 4pk,5.16,2026-05-26
IN-MH-012,SKU-2003,Ground Coffee 340g,9.79,2026-06-09
IN-MH-013,SKU-2010,Coconut Milk 400ml,2.39,2026-06-25
IN-MH-014,SKU-1002,Whole Wheat Bread,2.11,2026-01-06
IN-MH-015,SKU-1009,Tomato Sauce 400g,2.17,2026-01-21
IN-MH-016,SKU-2006,Dark Chocolate 100g,3.05,2026-01-31
IN-MH-017,SKU-2013,Chicken Breast 500g,9.01,2026-02-16
IN-MH-018,SKU-1005,Bananas 1kg,1.25,2026-03-01
IN-MH-019,SKU-2002,Orange Juice 1L,4.09,2026-03-11
IN-MH-020,SKU-2009,Black Beans 400g,1.36,2026-03-29
IN-MH-021,SKU-1001,Organic Milk 1L,3.18,2026-04-10
IN-MH-022,SKU-1008,Pasta Penne 500g,1.05,2026-04-18
IN-MH-023,SKU-2005,Almond Butter 365g,7.28,2026-05-05
IN-MH-024,SKU-2012,Ice Cream Vanilla 1L,4.12,2026-05-20
IN-MH-025,SKU-1004,Greek Yogurt 500g,1.67,2026-06-01
IN-MH-026,SKU-2001,Sparkling Water 6pk,3.29,2026-06-14
IN-MH-027,SKU-2008,Basmati Rice 5kg,13.51,2026-06-22
IN-MH-028,SKU-2015,Spinach Baby 200g,2.87,2026-01-07
IN-MH-029,SKU-1007,Olive Oil 500ml,9.54,2026-01-21
IN-MH-030,SKU-2004,Granola 400g,4.34,2026-02-05
IN-MH-031,SKU-2011,Frozen Pizza Margherita,6.42,2026-02-15
IN-MH-032,SKU-1003,Free Range Eggs 12ct,4.93,2026-03-04
IN-MH-033,SKU-1010,Cheddar Cheese 200g,3.56,2026-03-11
IN-MH-034,SKU-2007,Honey 500g,6.04,2026-03-25
IN-MH-035,SKU-2014,Salmon Fillet 300g,11.99,2026-04-07
IN-MH-036,SKU-1006,Avocado Hass 4pk,5.60,2026-04-23
IN-MH-037,SKU-2003,Ground Coffee 340g,9.89,2026-05-04
IN-MH-038,SKU-2010,Coconut Milk 400ml,2.34,2026-05-15
IN-MH-039,SKU-1002,Whole Wheat Bread,2.43,2026-05-28
IN-MH-040,SKU-1009,Tomato Sauce 400g,2.09,2026-06-15
IN-KA-001,SKU-2006,Dark Chocolate 100g,3.02,2026-06-26
IN-KA-002,SKU-2013,Chicken Breast 500g,9.18,2026-01-11
IN-KA-003,SKU-1005,Bananas 1kg,1.26,2026-01-23
IN-KA-004,SKU-2002,Orange Juice 1L,3.88,2026-02-04
IN-KA-005,SKU-2009,Black Beans 400g,1.42,2026-02-18
IN-KA-006,SKU-1001,Organic Milk 1L,3.15,2026-03-03
IN-KA-007,SKU-1008,Pasta Penne 500g,1.13,2026-03-12
IN-KA-008,SKU-2005,Almond Butter 365g,7.00,2026-03-25
IN-KA-009,SKU-2012,Ice Cream Vanilla 1L,4.03,2026-04-11
IN-KA-010,SKU-1004,Greek Yogurt 500g,1.86,2026-04-23
IN-KA-011,SKU-2001,Sparkling Water 6pk,3.52,2026-05-07
IN-KA-012,SKU-2008,Basmati Rice 5kg,14.32,2026-05-17
IN-KA-013,SKU-2015,Spinach Baby 200g,2.93,2026-05-29
IN-KA-014,SKU-1007,Olive Oil 500ml,8.03,2026-06-17
IN-KA-015,SKU-2004,Granola 400g,4.05,2026-06-28
IN-KA-016,SKU-2011,Frozen Pizza Margherita,5.98,2026-01-09
IN-KA-017,SKU-1003,Free Range Eggs 12ct,5.04,2026-01-24
IN-KA-018,SKU-1010,Cheddar Cheese 200g,4.15,2026-02-08
IN-KA-019,SKU-2007,Honey 500g,5.97,2026-02-15
IN-KA-020,SKU-2014,Salmon Fillet 300g,11.63,2026-03-02
IN-KA-021,SKU-1006,Avocado Hass 4pk,5.60,2026-03-15
IN-KA-022,SKU-2003,Ground Coffee 340g,10.39,2026-04-01
IN-KA-023,SKU-2010,Coconut Milk 400ml,2.49,2026-04-12
IN-KA-024,SKU-1002,Whole Wheat Bread,2.28,2026-04-24
IN-KA-025,SKU-1009,Tomato Sauce 400g,2.05,2026-05-04
IN-KA-026,SKU-2006,Dark Chocolate 100g,2.76,2026-05-17
IN-KA-027,SKU-2013,Chicken Breast 500g,8.24,2026-06-02
IN-KA-028,SKU-1005,Bananas 1kg,1.28,2026-06-18
IN-KA-029,SKU-2002,Orange Juice 1L,3.70,2026-06-25
IN-KA-030,SKU-2009,Black Beans 400g,1.43,2026-01-10
IN-DL-001,SKU-1001,Organic Milk 1L,3.74,2026-01-25
IN-DL-002,SKU-1008,Pasta Penne 500g,1.25,2026-02-06
IN-DL-003,SKU-2005,Almond Butter 365g,7.66,2026-02-16
IN-DL-004,SKU-2012,Ice Cream Vanilla 1L,4.60,2026-03-03
IN-DL-005,SKU-1004,Greek Yogurt 500g,1.99,2026-03-18
IN-DL-006,SKU-2001,Sparkling Water 6pk,3.09,2026-03-27
IN-DL-007,SKU-2008,Basmati Rice 5kg,11.72,2026-04-15
IN-DL-008,SKU-2015,Spinach Baby 200g,2.65,2026-04-25
IN-DL-009,SKU-1007,Olive Oil 500ml,8.28,2026-05-06
IN-DL-010,SKU-2004,Granola 400g,4.27,2026-05-23
IN-DL-011,SKU-2011,Frozen Pizza Margherita,6.35,2026-06-04
IN-DL-012,SKU-1003,Free Range Eggs 12ct,4.64,2026-06-19
IN-DL-013,SKU-1010,Cheddar Cheese 200g,3.78,2026-06-26
IN-DL-014,SKU-2007,Honey 500g,6.95,2026-01-15
IN-DL-015,SKU-2014,Salmon Fillet 300g,12.10,2026-01-27
IN-DL-016,SKU-1006,Avocado Hass 4pk,5.30,2026-02-06
IN-DL-017,SKU-2003,Ground Coffee 340g,8.73,2026-02-21
IN-DL-018,SKU-2010,Coconut Milk 400ml,2.41,2026-03-08
IN-DL-019,SKU-1002,Whole Wheat Bread,2.04,2026-03-21
IN-DL-020,SKU-1009,Tomato Sauce 400g,2.17,2026-03-31
GB-LN-001,SKU-2006,Dark Chocolate 100g,3.34,2026-04-11
GB-LN-002,SKU-2013,Chicken Breast 500g,9.85,2026-04-24
GB-LN-003,SKU-1005,Bananas 1kg,1.42,2026-05-10
GB-LN-004,SKU-2002,Orange Juice 1L,4.44,2026-05-19
GB-LN-005,SKU-2009,Black Beans 400g,1.65,2026-06-04
GB-LN-006,SKU-1001,Organic Milk 1L,4.17,2026-06-17
GB-LN-007,SKU-1008,Pasta Penne 500g,1.41,2026-01-02
GB-LN-008,SKU-2005,Almond Butter 365g,7.69,2026-01-11
GB-LN-009,SKU-2012,Ice Cream Vanilla 1L,4.61,2026-01-25
GB-LN-010,SKU-1004,Greek Yogurt 500g,2.01,2026-02-05
GB-LN-011,SKU-2001,Sparkling Water 6pk,3.48,2026-02-24
GB-LN-012,SKU-2008,Basmati Rice 5kg,14.79,2026-03-09
GB-LN-013,SKU-2015,Spinach Baby 200g,3.21,2026-03-20
GB-LN-014,SKU-1007,Olive Oil 500ml,10.62,2026-04-01
GB-LN-015,SKU-2004,Granola 400g,4.99,2026-04-15
GB-LN-016,SKU-2011,Frozen Pizza Margherita,7.16,2026-04-29
GB-LN-017,SKU-1003,Free Range Eggs 12ct,5.81,2026-05-11
GB-LN-018,SKU-1010,Cheddar Cheese 200g,4.99,2026-05-20
GB-LN-019,SKU-2007,Honey 500g,7.28,2026-06-03
GB-LN-020,SKU-2014,Salmon Fillet 300g,13.01,2026-06-17
GB-LN-021,SKU-1006,Avocado Hass 4pk,6.23,2026-01-01
GB-LN-022,SKU-2003,Ground Coffee 340g,11.45,2026-01-16
GB-LN-023,SKU-2010,Coconut Milk 400ml,2.76,2026-01-24
GB-LN-024,SKU-1002,Whole Wheat Bread,2.52,2026-02-08
GB-LN-025,SKU-1009,Tomato Sauce 400g,2.34,2026-02-19
DE-BY-001,SKU-2006,Dark Chocolate 100g,3.60,2026-03-06
DE-BY-002,SKU-2013,Chicken Breast 500g,9.88,2026-03-23
DE-BY-003,SKU-1005,Bananas 1kg,1.52,2026-04-03
DE-BY-004,SKU-2002,Orange Juice 1L,4.66,2026-04-14
DE-BY-005,SKU-2009,Black Beans 400g,1.57,2026-05-01
DE-BY-006,SKU-1001,Organic Milk 1L,3.99,2026-05-10
DE-BY-007,SKU-1008,Pasta Penne 500g,1.36,2026-05-23
DE-BY-008,SKU-2005,Almond Butter 365g,7.86,2026-06-07
DE-BY-009,SKU-2012,Ice Cream Vanilla 1L,4.71,2026-06-22
DE-BY-010,SKU-1004,Greek Yogurt 500g,2.02,2026-01-02
DE-BY-011,SKU-2001,Sparkling Water 6pk,3.95,2026-01-18
DE-BY-012,SKU-2008,Basmati Rice 5kg,15.10,2026-01-26
DE-BY-013,SKU-2015,Spinach Baby 200g,3.30,2026-02-10
DE-BY-014,SKU-1007,Olive Oil 500ml,10.94,2026-02-23
DE-BY-015,SKU-2004,Granola 400g,5.19,2026-03-08
DE-BY-016,SKU-2011,Frozen Pizza Margherita,6.71,2026-03-23
DE-BY-017,SKU-1003,Free Range Eggs 12ct,5.51,2026-04-05
DE-BY-018,SKU-1010,Cheddar Cheese 200g,4.30,2026-04-18
DE-BY-019,SKU-2007,Honey 500g,7.00,2026-05-01
DE-BY-020,SKU-2014,Salmon Fillet 300g,14.01,2026-05-09
US-NY-001,SKU-1006,Avocado Hass 4pk,5.49,2026-05-23
US-NY-002,SKU-2003,Ground Coffee 340g,10.09,2026-06-07
US-NY-003,SKU-2010,Coconut Milk 400ml,2.54,2026-06-23
US-NY-004,SKU-1002,Whole Wheat Bread,2.36,2026-01-06
US-NY-005,SKU-1009,Tomato Sauce 400g,2.17,2026-01-15
US-NY-006,SKU-2006,Dark Chocolate 100g,3.14,2026-01-27
US-NY-007,SKU-2013,Chicken Breast 500g,8.07,2026-02-10
US-NY-008,SKU-1005,Bananas 1kg,1.24,2026-02-26
US-NY-009,SKU-2002,Orange Juice 1L,3.77,2026-03-06
US-NY-010,SKU-2009,Black Beans 400g,1.36,2026-03-25
US-NY-011,SKU-1001,Organic Milk 1L,3.46,2026-04-03
US-NY-012,SKU-1008,Pasta Penne 500g,1.19,2026-04-15
US-NY-013,SKU-2005,Almond Butter 365g,7.36,2026-05-03
US-NY-014,SKU-2012,Ice Cream Vanilla 1L,4.38,2026-05-10
US-NY-015,SKU-1004,Greek Yogurt 500g,1.84,2026-05-29
US-NY-016,SKU-2001,Sparkling Water 6pk,3.42,2026-06-10
US-NY-017,SKU-2008,Basmati Rice 5kg,13.64,2026-06-18
US-NY-018,SKU-2015,Spinach Baby 200g,2.65,2026-01-03
US-NY-019,SKU-1007,Olive Oil 500ml,8.63,2026-01-14
US-NY-020,SKU-2004,Granola 400g,4.36,2026-01-28
US-NY-021,SKU-2011,Frozen Pizza Margherita,5.87,2026-02-10
US-NY-022,SKU-1003,Free Range Eggs 12ct,4.94,2026-02-27
US-NY-023,SKU-1010,Cheddar Cheese 200g,3.99,2026-03-13
US-NY-024,SKU-2007,Honey 500g,6.55,2026-03-23
US-NY-025,SKU-2014,Salmon Fillet 300g,12.23,2026-04-07
US-NY-026,SKU-1006,Avocado Hass 4pk,5.65,2026-04-20
US-NY-027,SKU-2003,Ground Coffee 340g,10.39,2026-04-28
US-NY-028,SKU-2010,Coconut Milk 400ml,2.61,2026-05-17
US-NY-029,SKU-1002,Whole Wheat Bread,2.18,2026-05-27
US-NY-030,SKU-1009,Tomato Sauce 400g,2.01,2026-06-06
US-NY-031,SKU-2006,Dark Chocolate 100g,2.90,2026-06-20
US-NY-032,SKU-2013,Chicken Breast 500g,8.32,2026-01-07
US-NY-033,SKU-1005,Bananas 1kg,1.28,2026-01-20
US-NY-034,SKU-2002,Orange Juice 1L,3.89,2026-01-29
US-NY-035,SKU-2009,Black Beans 400g,1.40,2026-02-12
US-NY-036,SKU-1001,Organic Milk 1L,3.56,2026-03-01
US-NY-037,SKU-1008,Pasta Penne 500g,1.23,2026-03-10
US-NY-038,SKU-2005,Almond Butter 365g,7.58,2026-03-25
US-NY-039,SKU-2012,Ice Cream Vanilla 1L,4.50,2026-04-09
US-NY-040,SKU-1004,Greek Yogurt 500g,1.70,2026-04-19
US-NY-041,SKU-2001,Sparkling Water 6pk,3.16,2026-05-05
US-NY-042,SKU-2008,Basmati Rice 5kg,12.60,2026-05-12
US-NY-043,SKU-2015,Spinach Baby 200g,2.73,2026-05-26
US-NY-044,SKU-1007,Olive Oil 500ml,8.90,2026-06-11
US-NY-045,SKU-2004,Granola 400g,4.49,2026-06-26
US-NY-046,SKU-2011,Frozen Pizza Margherita,6.05,2026-01-09
US-NY-047,SKU-1003,Free Range Eggs 12ct,5.09,2026-01-16
US-NY-048,SKU-1010,Cheddar Cheese 200g,4.11,2026-02-03
US-NY-049,SKU-2007,Honey 500g,6.75,2026-02-15
US-NY-050,SKU-2014,Salmon Fillet 300g,12.59,2026-02-25
US-CA-001,SKU-1006,Avocado Hass 4pk,5.48,2026-03-14
US-CA-002,SKU-2003,Ground Coffee 340g,10.65,2026-03-26
US-CA-003,SKU-2010,Coconut Milk 400ml,2.66,2026-04-08
US-CA-004,SKU-1002,Whole Wheat Bread,2.38,2026-04-17
US-CA-005,SKU-1009,Tomato Sauce 400g,2.28,2026-05-01
US-CA-006,SKU-2006,Dark Chocolate 100g,3.17,2026-05-14
US-CA-007,SKU-2013,Chicken Breast 500g,9.60,2026-05-30
US-CA-008,SKU-1005,Bananas 1kg,1.45,2026-06-08
US-CA-009,SKU-2002,Orange Juice 1L,4.29,2026-06-23
US-CA-010,SKU-2009,Black Beans 400g,1.62,2026-01-06
US-CA-011,SKU-1001,Organic Milk 1L,4.10,2026-01-21
US-CA-012,SKU-1008,Pasta Penne 500g,1.21,2026-02-01
US-CA-013,SKU-2005,Almond Butter 365g,7.91,2026-02-15
US-CA-014,SKU-2012,Ice Cream Vanilla 1L,4.74,2026-03-01
US-CA-015,SKU-1004,Greek Yogurt 500g,1.88,2026-03-16
US-CA-016,SKU-2001,Sparkling Water 6pk,3.62,2026-03-24
US-CA-017,SKU-2008,Basmati Rice 5kg,14.68,2026-04-08
US-CA-018,SKU-2015,Spinach Baby 200g,3.04,2026-04-22
US-CA-019,SKU-1007,Olive Oil 500ml,10.45,2026-05-05
US-CA-020,SKU-2004,Granola 400g,5.23,2026-05-20
US-CA-021,SKU-2011,Frozen Pizza Margherita,6.91,2026-06-02
US-CA-022,SKU-1003,Free Range Eggs 12ct,5.92,2026-06-13
US-CA-023,SKU-1010,Cheddar Cheese 200g,4.02,2026-06-28
US-CA-024,SKU-2007,Honey 500g,6.85,2026-01-08
US-CA-025,SKU-2014,Salmon Fillet 300g,13.03,2026-01-19
US-CA-026,SKU-1006,Avocado Hass 4pk,5.65,2026-02-03
US-CA-027,SKU-2003,Ground Coffee 340g,10.98,2026-02-15
US-CA-028,SKU-2010,Coconut Milk 400ml,2.74,2026-02-27
US-CA-029,SKU-1002,Whole Wheat Bread,2.45,2026-03-15
US-CA-030,SKU-1009,Tomato Sauce 400g,2.34,2026-03-27
US-CA-031,SKU-2006,Dark Chocolate 100g,3.26,2026-04-09
US-CA-032,SKU-2013,Chicken Breast 500g,9.89,2026-04-20
US-CA-033,SKU-1005,Bananas 1kg,1.49,2026-05-07
US-CA-034,SKU-2002,Orange Juice 1L,3.95,2026-05-16
US-CA-035,SKU-2009,Black Beans 400g,1.49,2026-05-28
US-CA-036,SKU-1001,Organic Milk 1L,3.79,2026-06-16
US-CA-037,SKU-1008,Pasta Penne 500g,1.25,2026-06-29
US-CA-038,SKU-2005,Almond Butter 365g,8.16,2026-01-08
US-CA-039,SKU-2012,Ice Cream Vanilla 1L,4.89,2026-01-23
US-CA-040,SKU-1004,Greek Yogurt 500g,1.93,2026-02-02
US-CA-041,SKU-2001,Sparkling Water 6pk,3.72,2026-02-14
US-CA-042,SKU-2008,Basmati Rice 5kg,15.12,2026-02-28
US-CA-043,SKU-2015,Spinach Baby 200g,3.13,2026-03-18
US-CA-044,SKU-1007,Olive Oil 500ml,10.76,2026-03-31
US-CA-045,SKU-2004,Granola 400g,4.82,2026-04-12
US-CA-046,SKU-2011,Frozen Pizza Margherita,6.38,2026-04-22
US-CA-047,SKU-1003,Free Range Eggs 12ct,5.47,2026-05-04
US-CA-048,SKU-1010,Cheddar Cheese 200g,4.14,2026-05-19
US-CA-049,SKU-2007,Honey 500g,7.07,2026-06-02
US-CA-050,SKU-2014,Salmon Fillet 300g,13.43,2026-06-11
US-TX-001,SKU-1006,Avocado Hass 4pk,5.54,2026-06-28
US-TX-002,SKU-2003,Ground Coffee 340g,10.19,2026-01-13
US-TX-003,SKU-2010,Coconut Milk 400ml,2.56,2026-01-20
US-TX-004,SKU-1002,Whole Wheat Bread,2.38,2026-02-07
US-TX-005,SKU-1009,Tomato Sauce 400g,2.19,2026-02-21
US-TX-006,SKU-2006,Dark Chocolate 100g,2.84,2026-03-04
US-TX-007,SKU-2013,Chicken Breast 500g,8.15,2026-03-14
US-TX-008,SKU-1005,Bananas 1kg,1.25,2026-03-26
US-TX-009,SKU-2002,Orange Juice 1L,3.81,2026-04-12
US-TX-010,SKU-2009,Black Beans 400g,1.38,2026-04-25
US-TX-011,SKU-1001,Organic Milk 1L,3.49,2026-05-05
US-TX-012,SKU-1008,Pasta Penne 500g,1.20,2026-05-18
US-TX-013,SKU-2005,Almond Butter 365g,7.44,2026-06-02
US-TX-014,SKU-2012,Ice Cream Vanilla 1L,4.42,2026-06-18
US-TX-015,SKU-1004,Greek Yogurt 500g,1.86,2026-01-01
US-TX-016,SKU-2001,Sparkling Water 6pk,3.45,2026-01-08
US-TX-017,SKU-2008,Basmati Rice 5kg,12.34,2026-01-21
US-TX-018,SKU-2015,Spinach Baby 200g,2.68,2026-02-03
US-TX-019,SKU-1007,Olive Oil 500ml,8.72,2026-02-22
US-TX-020,SKU-2004,Granola 400g,4.40,2026-03-05
US-TX-021,SKU-2011,Frozen Pizza Margherita,5.93,2026-03-16
US-TX-022,SKU-1003,Free Range Eggs 12ct,4.99,2026-03-28
US-TX-023,SKU-1010,Cheddar Cheese 200g,4.03,2026-04-14
US-TX-024,SKU-2007,Honey 500g,6.62,2026-04-27
US-TX-025,SKU-2014,Salmon Fillet 300g,12.35,2026-05-11
US-TX-026,SKU-1006,Avocado Hass 4pk,5.71,2026-05-18
US-TX-027,SKU-2003,Ground Coffee 340g,10.49,2026-06-06
US-TX-028,SKU-2010,Coconut Milk 400ml,2.37,2026-06-14
US-TX-029,SKU-1002,Whole Wheat Bread,2.20,2026-06-27
US-TX-030,SKU-1009,Tomato Sauce 400g,2.03,2026-01-14
US-TX-031,SKU-2006,Dark Chocolate 100g,2.93,2026-01-24
US-TX-032,SKU-2013,Chicken Breast 500g,8.41,2026-02-04
US-TX-033,SKU-1005,Bananas 1kg,1.29,2026-02-17
US-TX-034,SKU-2002,Orange Juice 1L,3.93,2026-03-03
US-TX-035,SKU-2009,Black Beans 400g,1.42,2026-03-15
US-TX-036,SKU-1001,Organic Milk 1L,3.59,2026-03-31
US-TX-037,SKU-1008,Pasta Penne 500g,1.24,2026-04-14
US-TX-038,SKU-2005,Almond Butter 365g,7.65,2026-04-25
US-TX-039,SKU-2012,Ice Cream Vanilla 1L,4.08,2026-05-06
US-TX-040,SKU-1004,Greek Yogurt 500g,1.72,2026-05-23
US-FL-001,SKU-2001,Sparkling Water 6pk,3.19,2026-06-03
US-FL-002,SKU-2008,Basmati Rice 5kg,12.73,2026-06-17
US-FL-003,SKU-2015,Spinach Baby 200g,2.76,2026-01-02
US-FL-004,SKU-1007,Olive Oil 500ml,8.99,2026-01-12
US-FL-005,SKU-2004,Granola 400g,4.53,2026-01-26
US-FL-006,SKU-2011,Frozen Pizza Margherita,6.11,2026-02-05
US-FL-007,SKU-1003,Free Range Eggs 12ct,5.14,2026-02-21
US-FL-008,SKU-1010,Cheddar Cheese 200g,4.15,2026-03-07
US-FL-009,SKU-2007,Honey 500g,6.81,2026-03-16
US-FL-010,SKU-2014,Salmon Fillet 300g,11.39,2026-04-02
US-FL-011,SKU-1006,Avocado Hass 4pk,5.27,2026-04-11
US-FL-012,SKU-2003,Ground Coffee 340g,9.69,2026-04-25
US-FL-013,SKU-2010,Coconut Milk 400ml,2.44,2026-05-07
US-FL-014,SKU-1002,Whole Wheat Bread,2.27,2026-05-21
US-FL-015,SKU-1009,Tomato Sauce 400g,2.09,2026-06-07
US-FL-016,SKU-2006,Dark Chocolate 100g,3.02,2026-06-17
US-FL-017,SKU-2013,Chicken Breast 500g,8.66,2026-01-03
US-FL-018,SKU-1005,Bananas 1kg,1.33,2026-01-15
US-FL-019,SKU-2002,Orange Juice 1L,4.05,2026-01-30
US-FL-020,SKU-2009,Black Beans 400g,1.46,2026-02-10
US-FL-021,SKU-1001,Organic Milk 1L,3.32,2026-02-22
US-FL-022,SKU-1008,Pasta Penne 500g,1.14,2026-03-07
US-FL-023,SKU-2005,Almond Butter 365g,7.07,2026-03-23
US-FL-024,SKU-2012,Ice Cream Vanilla 1L,4.20,2026-04-05
US-FL-025,SKU-1004,Greek Yogurt 500g,1.77,2026-04-12
US-FL-026,SKU-2001,Sparkling Water 6pk,3.29,2026-04-26
US-FL-027,SKU-2008,Basmati Rice 5kg,13.12,2026-05-10
US-FL-028,SKU-2015,Spinach Baby 200g,2.85,2026-05-27
US-FL-029,SKU-1007,Olive Oil 500ml,9.26,2026-06-03
US-FL-030,SKU-2004,Granola 400g,4.67,2026-06-22
IN-MH-001,SKU-2011,Frozen Pizza Margherita,6.67,2026-01-05
IN-MH-002,SKU-1003,Free Range Eggs 12ct,5.02,2026-01-14
IN-MH-003,SKU-1010,Cheddar Cheese 200g,3.95,2026-01-27
IN-MH-004,SKU-2007,Honey 500g,6.17,2026-02-07
IN-MH-005,SKU-2014,Salmon Fillet 300g,12.46,2026-02-25
IN-MH-006,SKU-1006,Avocado Hass 4pk,5.65,2026-03-05
IN-MH-007,SKU-2003,Ground Coffee 340g,10.29,2026-03-23
IN-MH-008,SKU-2010,Coconut Milk 400ml,2.62,2026-04-02
IN-MH-009,SKU-1002,Whole Wheat Bread,2.34,2026-04-15
IN-MH-010,SKU-1009,Tomato Sauce 400g,1.98,2026-04-27
IN-MH-011,SKU-2006,Dark Chocolate 100g,3.11,2026-05-09
IN-MH-012,SKU-2013,Chicken Breast 500g,8.74,2026-05-23
IN-MH-013,SKU-1005,Bananas 1kg,1.24,2026-06-08
IN-MH-014,SKU-2002,Orange Juice 1L,3.59,2026-06-19
IN-MH-015,SKU-2009,Black Beans 400g,1.43,2026-01-04
IN-MH-016,SKU-1001,Organic Milk 1L,3.21,2026-01-14
IN-MH-017,SKU-1008,Pasta Penne 500g,1.14,2026-01-30
IN-MH-018,SKU-2005,Almond Butter 365g,6.93,2026-02-12
IN-MH-019,SKU-2012,Ice Cream Vanilla 1L,4.29,2026-02-22
IN-MH-020,SKU-1004,Greek Yogurt 500g,1.88,2026-03-12
IN-MH-021,SKU-2001,Sparkling Water 6pk,3.39,2026-03-24
IN-MH-022,SKU-2008,Basmati Rice 5kg,13.78,2026-04-01
IN-MH-023,SKU-2015,Spinach Baby 200g,2.93,2026-04-18
IN-MH-024,SKU-1007,Olive Oil 500ml,8.20,2026-05-03
IN-MH-025,SKU-2004,Granola 400g,4.53,2026-05-15
IN-MH-026,SKU-2011,Frozen Pizza Margherita,5.46,2026-05-28
IN-MH-027,SKU-1003,Free Range Eggs 12ct,4.74,2026-06-05
IN-MH-028,SKU-1010,Cheddar Cheese 200g,3.71,2026-06-20
IN-MH-029,SKU-2007,Honey 500g,6.23,2026-01-04
IN-MH-030,SKU-2014,Salmon Fillet 300g,11.26,2026-01-19
IN-MH-031,SKU-1006,Avocado Hass 4pk,5.15,2026-01-29
IN-MH-032,SKU-2003,Ground Coffee 340g,10.19,2026-02-15
IN-MH-033,SKU-2010,Coconut Milk 400ml,2.69,2026-02-22
IN-MH-034,SKU-1002,Whole Wheat Bread,2.55,2026-03-08
IN-MH-035,SKU-1009,Tomato Sauce 400g,1.83,2026-03-21
IN-MH-036,SKU-2006,Dark Chocolate 100g,2.70,2026-04-06
IN-MH-037,SKU-2013,Chicken Breast 500g,8.32,2026-04-17
IN-MH-038,SKU-1005,Bananas 1kg,1.26,2026-04-28
IN-MH-039,SKU-2002,Orange Juice 1L,3.74,2026-05-11
IN-MH-040,SKU-2009,Black Beans 400g,1.28,2026-05-29
IN-KA-001,SKU-1001,Organic Milk 1L,3.31,2026-06-09
IN-KA-002,SKU-1008,Pasta Penne 500g,1.23,2026-06-24
IN-KA-003,SKU-2005,Almond Butter 365g,7.36,2026-01-06
IN-KA-004,SKU-2012,Ice Cream Vanilla 1L,4.33,2026-01-18
IN-KA-005,SKU-1004,Greek Yogurt 500g,1.73,2026-02-01
IN-KA-006,SKU-2001,Sparkling Water 6pk,3.00,2026-02-14
IN-KA-007,SKU-2008,Basmati Rice 5kg,11.72,2026-02-23
IN-KA-008,SKU-2015,Spinach Baby 200g,2.68,2026-03-08
IN-KA-009,SKU-1007,Olive Oil 500ml,8.46,2026-03-25
IN-KA-010,SKU-2004,Granola 400g,4.13,2026-04-06
IN-KA-011,SKU-2011,Frozen Pizza Margherita,5.63,2026-04-20
IN-KA-012,SKU-1003,Free Range Eggs 12ct,4.74,2026-04-30
IN-KA-013,SKU-1010,Cheddar Cheese 200g,3.95,2026-05-12
IN-KA-014,SKU-2007,Honey 500g,6.48,2026-05-31
IN-KA-015,SKU-2014,Salmon Fillet 300g,12.47,2026-06-11
IN-KA-016,SKU-1006,Avocado Hass 4pk,5.71,2026-06-22
IN-KA-017,SKU-2003,Ground Coffee 340g,8.83,2026-01-07
IN-KA-018,SKU-2010,Coconut Milk 400ml,2.39,2026-01-22
IN-KA-019,SKU-1002,Whole Wheat Bread,2.29,2026-01-29
IN-KA-020,SKU-1009,Tomato Sauce 400g,2.17,2026-02-13
IN-KA-021,SKU-2006,Dark Chocolate 100g,3.05,2026-02-26
IN-KA-022,SKU-2013,Chicken Breast 500g,8.74,2026-03-15
IN-KA-023,SKU-1005,Bananas 1kg,1.22,2026-03-26
IN-KA-024,SKU-2002,Orange Juice 1L,3.97,2026-04-07
IN-KA-025,SKU-2009,Black Beans 400g,1.52,2026-04-17
IN-KA-026,SKU-1001,Organic Milk 1L,3.34,2026-04-30
IN-KA-027,SKU-1008,Pasta Penne 500g,1.21,2026-05-16
IN-KA-028,SKU-2005,Almond Butter 365g,7.20,2026-06-01
IN-KA-029,SKU-2012,Ice Cream Vanilla 1L,3.95,2026-06-08
IN-KA-030,SKU-1004,Greek Yogurt 500g,1.74,2026-06-23
IN-DL-001,SKU-2001,Sparkling Water 6pk,3.06,2026-01-08
IN-DL-002,SKU-2008,Basmati Rice 5kg,11.96,2026-01-20
IN-DL-003,SKU-2015,Spinach Baby 200g,2.68,2026-01-30
IN-DL-004,SKU-1007,Olive Oil 500ml,8.99,2026-02-14
IN-DL-005,SKU-2004,Granola 400g,4.53,2026-03-01
IN-DL-006,SKU-2011,Frozen Pizza Margherita,5.80,2026-03-10
IN-DL-007,SKU-1003,Free Range Eggs 12ct,5.24,2026-03-29
IN-DL-008,SKU-1010,Cheddar Cheese 200g,4.02,2026-04-08
IN-DL-009,SKU-2007,Honey 500g,5.67,2026-04-19
IN-DL-010,SKU-2014,Salmon Fillet 300g,10.93,2026-05-06
IN-DL-011,SKU-1006,Avocado Hass 4pk,5.59,2026-05-18
IN-DL-012,SKU-2003,Ground Coffee 340g,9.79,2026-06-02
IN-DL-013,SKU-2010,Coconut Milk 400ml,2.34,2026-06-09
IN-DL-014,SKU-1002,Whole Wheat Bread,2.34,2026-06-28
IN-DL-015,SKU-1009,Tomato Sauce 400g,2.03,2026-01-10
IN-DL-016,SKU-2006,Dark Chocolate 100g,3.11,2026-01-20
IN-DL-017,SKU-2013,Chicken Breast 500g,8.31,2026-02-04
IN-DL-018,SKU-1005,Bananas 1kg,1.29,2026-02-19
IN-DL-019,SKU-2002,Orange Juice 1L,4.25,2026-03-04
IN-DL-020,SKU-2009,Black Beans 400g,1.39,2026-03-14
GB-LN-001,SKU-1001,Organic Milk 1L,3.79,2026-03-25
GB-LN-002,SKU-1008,Pasta Penne 500g,1.34,2026-04-07
GB-LN-003,SKU-2005,Almond Butter 365g,7.79,2026-04-23
GB-LN-004,SKU-2012,Ice Cream Vanilla 1L,4.76,2026-05-02
GB-LN-005,SKU-1004,Greek Yogurt 500g,2.06,2026-05-18
GB-LN-006,SKU-2001,Sparkling Water 6pk,3.82,2026-05-31
GB-LN-007,SKU-2008,Basmati Rice 5kg,14.97,2026-06-15
GB-LN-008,SKU-2015,Spinach Baby 200g,3.19,2026-06-24
GB-LN-009,SKU-1007,Olive Oil 500ml,10.47,2026-01-08
GB-LN-010,SKU-2004,Granola 400g,5.47,2026-01-19
GB-LN-011,SKU-2011,Frozen Pizza Margherita,6.15,2026-02-07
GB-LN-012,SKU-1003,Free Range Eggs 12ct,5.51,2026-02-20
GB-LN-013,SKU-1010,Cheddar Cheese 200g,4.45,2026-03-03
GB-LN-014,SKU-2007,Honey 500g,7.44,2026-03-15
GB-LN-015,SKU-2014,Salmon Fillet 300g,12.94,2026-03-29
GB-LN-016,SKU-1006,Avocado Hass 4pk,6.37,2026-04-12
GB-LN-017,SKU-2003,Ground Coffee 340g,11.30,2026-04-24
GB-LN-018,SKU-2010,Coconut Milk 400ml,3.02,2026-05-03
GB-LN-019,SKU-1002,Whole Wheat Bread,2.78,2026-05-17
GB-LN-020,SKU-1009,Tomato Sauce 400g,2.46,2026-05-31
GB-LN-021,SKU-2006,Dark Chocolate 100g,3.67,2026-06-14
GB-LN-022,SKU-2013,Chicken Breast 500g,9.44,2026-06-29
GB-LN-023,SKU-1005,Bananas 1kg,1.39,2026-01-07
GB-LN-024,SKU-2002,Orange Juice 1L,4.15,2026-01-22
GB-LN-025,SKU-2009,Black Beans 400g,1.51,2026-02-02
DE-BY-001,SKU-1001,Organic Milk 1L,4.08,2026-02-17
DE-BY-002,SKU-1008,Pasta Penne 500g,1.34,2026-03-06
DE-BY-003,SKU-2005,Almond Butter 365g,8.32,2026-03-17
DE-BY-004,SKU-2012,Ice Cream Vanilla 1L,4.99,2026-03-28
DE-BY-005,SKU-1004,Greek Yogurt 500g,2.19,2026-04-14
DE-BY-006,SKU-2001,Sparkling Water 6pk,4.07,2026-04-23
DE-BY-007,SKU-2008,Basmati Rice 5kg,16.09,2026-05-06
DE-BY-008,SKU-2015,Spinach Baby 200g,2.92,2026-05-21
DE-BY-009,SKU-1007,Olive Oil 500ml,9.58,2026-06-05
DE-BY-010,SKU-2004,Granola 400g,4.92,2026-06-15
DE-BY-011,SKU-2011,Frozen Pizza Margherita,6.99,2026-01-01
DE-BY-012,SKU-1003,Free Range Eggs 12ct,5.63,2026-01-09
DE-BY-013,SKU-1010,Cheddar Cheese 200g,4.59,2026-01-24
DE-BY-014,SKU-2007,Honey 500g,7.67,2026-02-06
DE-BY-015,SKU-2014,Salmon Fillet 300g,13.45,2026-02-19
DE-BY-016,SKU-1006,Avocado Hass 4pk,6.67,2026-03-06
DE-BY-017,SKU-2003,Ground Coffee 340g,11.95,2026-03-19
DE-BY-018,SKU-2010,Coconut Milk 400ml,2.90,2026-04-01
DE-BY-019,SKU-1002,Whole Wheat Bread,2.39,2026-04-14
DE-BY-020,SKU-1009,Tomato Sauce 400g,2.37,2026-04-22
US-NY-001,SKU-2006,Dark Chocolate 100g,2.90,2026-05-06
US-NY-002,SKU-2013,Chicken Breast 500g,8.32,2026-05-21
US-NY-003,SKU-1005,Bananas 1kg,1.28,2026-06-06
US-NY-004,SKU-2002,Orange Juice 1L,3.89,2026-06-19
US-NY-005,SKU-2009,Black Beans 400g,1.40,2026-06-28
US-NY-006,SKU-1001,Organic Milk 1L,3.56,2026-01-10
US-NY-007,SKU-1008,Pasta Penne 500g,1.23,2026-01-24
US-NY-008,SKU-2005,Almond Butter 365g,7.58,2026-02-09
US-NY-009,SKU-2012,Ice Cream Vanilla 1L,4.50,2026-02-17
US-NY-010,SKU-1004,Greek Yogurt 500g,1.70,2026-03-08
US-NY-011,SKU-2001,Sparkling Water 6pk,3.16,2026-03-17
US-NY-012,SKU-2008,Basmati Rice 5kg,12.60,2026-03-29
US-NY-013,SKU-2015,Spinach Baby 200g,2.73,2026-04-16
US-NY-014,SKU-1007,Olive Oil 500ml,8.90,2026-04-23
US-NY-015,SKU-2004,Granola 400g,4.49,2026-05-12
US-NY-016,SKU-2011,Frozen Pizza Margherita,6.05,2026-05-24
US-NY-017,SKU-1003,Free Range Eggs 12ct,5.09,2026-06-01
US-NY-018,SKU-1010,Cheddar Cheese 200g,4.11,2026-06-16
US-NY-019,SKU-2007,Honey 500g,6.75,2026-06-27
US-NY-020,SKU-2014,Salmon Fillet 300g,12.59,2026-01-11
US-NY-021,SKU-1006,Avocado Hass 4pk,5.22,2026-01-24
US-NY-022,SKU-2003,Ground Coffee 340g,9.59,2026-02-10
US-NY-023,SKU-2010,Coconut Milk 400ml,2.42,2026-02-24
US-NY-024,SKU-1002,Whole Wheat Bread,2.24,2026-03-06
US-NY-025,SKU-1009,Tomato Sauce 400g,2.07,2026-03-21
US-NY-026,SKU-2006,Dark Chocolate 100g,2.99,2026-04-03
US-NY-027,SKU-2013,Chicken Breast 500g,8.57,2026-04-11
US-NY-028,SKU-1005,Bananas 1kg,1.32,2026-04-30
US-NY-029,SKU-2002,Orange Juice 1L,4.01,2026-05-10
US-NY-030,SKU-2009,Black Beans 400g,1.45,2026-05-20
US-NY-031,SKU-1001,Organic Milk 1L,3.66,2026-06-03
US-NY-032,SKU-1008,Pasta Penne 500g,1.13,2026-06-20
US-NY-033,SKU-2005,Almond Butter 365g,7.00,2026-01-03
US-NY-034,SKU-2012,Ice Cream Vanilla 1L,4.16,2026-01-12
US-NY-035,SKU-1004,Greek Yogurt 500g,1.75,2026-01-26
US-NY-036,SKU-2001,Sparkling Water 6pk,3.26,2026-02-12
US-NY-037,SKU-2008,Basmati Rice 5kg,12.99,2026-02-21
US-NY-038,SKU-2015,Spinach Baby 200g,2.82,2026-03-08
US-NY-039,SKU-1007,Olive Oil 500ml,9.17,2026-03-23
US-NY-040,SKU-2004,Granola 400g,4.62,2026-04-02
US-NY-041,SKU-2011,Frozen Pizza Margherita,6.23,2026-04-18
US-NY-042,SKU-1003,Free Range Eggs 12ct,5.24,2026-04-25
US-NY-043,SKU-1010,Cheddar Cheese 200g,3.79,2026-05-09
US-NY-044,SKU-2007,Honey 500g,6.23,2026-05-25
US-NY-045,SKU-2014,Salmon Fillet 300g,11.63,2026-06-09
US-NY-046,SKU-1006,Avocado Hass 4pk,5.38,2026-06-22
US-NY-047,SKU-2003,Ground Coffee 340g,9.89,2026-06-29
US-NY-048,SKU-2010,Coconut Milk 400ml,2.49,2026-01-17
US-NY-049,SKU-1002,Whole Wheat Bread,2.31,2026-01-29
US-NY-050,SKU-1009,Tomato Sauce 400g,2.13,2026-02-08
US-CA-001,SKU-2006,Dark Chocolate 100g,3.26,2026-02-25
US-CA-002,SKU-2013,Chicken Breast 500g,9.89,2026-03-09
US-CA-003,SKU-1005,Bananas 1kg,1.49,2026-03-22
US-CA-004,SKU-2002,Orange Juice 1L,3.95,2026-03-31
US-CA-005,SKU-2009,Black Beans 400g,1.49,2026-04-14
US-CA-006,SKU-1001,Organic Milk 1L,3.79,2026-04-27
US-CA-007,SKU-1008,Pasta Penne 500g,1.25,2026-05-13
US-CA-008,SKU-2005,Almond Butter 365g,8.16,2026-05-22
US-CA-009,SKU-2012,Ice Cream Vanilla 1L,4.89,2026-06-06
US-CA-010,SKU-1004,Greek Yogurt 500g,1.93,2026-06-19
US-CA-011,SKU-2001,Sparkling Water 6pk,3.72,2026-01-04
US-CA-012,SKU-2008,Basmati Rice 5kg,15.12,2026-01-15
US-CA-013,SKU-2015,Spinach Baby 200g,3.13,2026-01-29
US-CA-014,SKU-1007,Olive Oil 500ml,10.76,2026-02-12
US-CA-015,SKU-2004,Granola 400g,4.82,2026-02-27
US-CA-016,SKU-2011,Frozen Pizza Margherita,6.38,2026-03-07
US-CA-017,SKU-1003,Free Range Eggs 12ct,5.47,2026-03-22
US-CA-018,SKU-1010,Cheddar Cheese 200g,4.14,2026-04-05
US-CA-019,SKU-2007,Honey 500g,7.07,2026-04-18
US-CA-020,SKU-2014,Salmon Fillet 300g,13.43,2026-05-03
US-CA-021,SKU-1006,Avocado Hass 4pk,5.82,2026-05-16
US-CA-022,SKU-2003,Ground Coffee 340g,11.31,2026-05-27
US-CA-023,SKU-2010,Coconut Milk 400ml,2.82,2026-06-11
US-CA-024,SKU-1002,Whole Wheat Bread,2.52,2026-06-21
US-CA-025,SKU-1009,Tomato Sauce 400g,2.41,2026-01-02
US-CA-026,SKU-2006,Dark Chocolate 100g,3.01,2026-01-17
US-CA-027,SKU-2013,Chicken Breast 500g,9.13,2026-01-29
US-CA-028,SKU-1005,Bananas 1kg,1.38,2026-02-10
US-CA-029,SKU-2002,Orange Juice 1L,4.08,2026-02-26
US-CA-030,SKU-2009,Black Beans 400g,1.54,2026-03-10
US-CA-031,SKU-1001,Organic Milk 1L,3.91,2026-03-23
US-CA-032,SKU-1008,Pasta Penne 500g,1.29,2026-04-03
US-CA-033,SKU-2005,Almond Butter 365g,8.40,2026-04-20
US-CA-034,SKU-2012,Ice Cream Vanilla 1L,5.04,2026-04-29
US-CA-035,SKU-1004,Greek Yogurt 500g,1.99,2026-05-11
US-CA-036,SKU-2001,Sparkling Water 6pk,3.83,2026-05-30
US-CA-037,SKU-2008,Basmati Rice 5kg,13.94,2026-06-12
US-CA-038,SKU-2015,Spinach Baby 200g,2.89,2026-06-21
US-CA-039,SKU-1007,Olive Oil 500ml,9.94,2026-01-06
US-CA-040,SKU-2004,Granola 400g,4.97,2026-01-16
US-CA-041,SKU-2011,Frozen Pizza Margherita,6.58,2026-01-28
US-CA-042,SKU-1003,Free Range Eggs 12ct,5.64,2026-02-11
US-CA-043,SKU-1010,Cheddar Cheese 200g,4.27,2026-03-01
US-CA-044,SKU-2007,Honey 500g,7.28,2026-03-14
US-CA-045,SKU-2014,Salmon Fillet 300g,13.83,2026-03-26
US-CA-046,SKU-1006,Avocado Hass 4pk,6.00,2026-04-05
US-CA-047,SKU-2003,Ground Coffee 340g,11.64,2026-04-17
US-CA-048,SKU-2010,Coconut Milk 400ml,2.60,2026-05-02
US-CA-049,SKU-1002,Whole Wheat Bread,2.33,2026-05-16
US-CA-050,SKU-1009,Tomato Sauce 400g,2.23,2026-05-25
US-TX-001,SKU-2006,Dark Chocolate 100g,2.93,2026-06-11
US-TX-002,SKU-2013,Chicken Breast 500g,8.41,2026-06-26
US-TX-003,SKU-1005,Bananas 1kg,1.29,2026-01-03
US-TX-004,SKU-2002,Orange Juice 1L,3.93,2026-01-21
US-TX-005,SKU-2009,Black Beans 400g,1.42,2026-02-04
US-TX-006,SKU-1001,Organic Milk 1L,3.59,2026-02-15
US-TX-007,SKU-1008,Pasta Penne 500g,1.24,2026-02-25
US-TX-008,SKU-2005,Almond Butter 365g,7.65,2026-03-09
US-TX-009,SKU-2012,Ice Cream Vanilla 1L,4.08,2026-03-26
US-TX-010,SKU-1004,Greek Yogurt 500g,1.72,2026-04-08
US-TX-011,SKU-2001,Sparkling Water 6pk,3.19,2026-04-18
US-TX-012,SKU-2008,Basmati Rice 5kg,12.73,2026-05-01
US-TX-013,SKU-2015,Spinach Baby 200g,2.76,2026-05-16
US-TX-014,SKU-1007,Olive Oil 500ml,8.99,2026-06-01
US-TX-015,SKU-2004,Granola 400g,4.53,2026-06-14
US-TX-016,SKU-2011,Frozen Pizza Margherita,6.11,2026-06-21
US-TX-017,SKU-1003,Free Range Eggs 12ct,5.14,2026-01-04
US-TX-018,SKU-1010,Cheddar Cheese 200g,4.15,2026-01-17
US-TX-019,SKU-2007,Honey 500g,6.81,2026-02-05
US-TX-020,SKU-2014,Salmon Fillet 300g,11.39,2026-02-16
US-TX-021,SKU-1006,Avocado Hass 4pk,5.27,2026-02-27
US-TX-022,SKU-2003,Ground Coffee 340g,9.69,2026-03-11
US-TX-023,SKU-2010,Coconut Milk 400ml,2.44,2026-03-28
US-TX-024,SKU-1002,Whole Wheat Bread,2.27,2026-04-10
US-TX-025,SKU-1009,Tomato Sauce 400g,2.09,2026-04-24
US-TX-026,SKU-2006,Dark Chocolate 100g,3.02,2026-05-01
US-TX-027,SKU-2013,Chicken Breast 500g,8.66,2026-05-20
US-TX-028,SKU-1005,Bananas 1kg,1.33,2026-05-28
US-TX-029,SKU-2002,Orange Juice 1L,4.05,2026-06-10
US-TX-030,SKU-2009,Black Beans 400g,1.46,2026-06-27
US-TX-031,SKU-1001,Organic Milk 1L,3.32,2026-01-07
US-TX-032,SKU-1008,Pasta Penne 500g,1.14,2026-01-18
US-TX-033,SKU-2005,Almond Butter 365g,7.07,2026-01-31
US-TX-034,SKU-2012,Ice Cream Vanilla 1L,4.20,2026-02-14
US-TX-035,SKU-1004,Greek Yogurt 500g,1.77,2026-02-26
US-TX-036,SKU-2001,Sparkling Water 6pk,3.29,2026-03-14
US-TX-037,SKU-2008,Basmati Rice 5kg,13.12,2026-03-28
US-TX-038,SKU-2015,Spinach Baby 200g,2.85,2026-04-08
US-TX-039,SKU-1007,Olive Oil 500ml,9.26,2026-04-19
US-TX-040,SKU-2004,Granola 400g,4.67,2026-05-06
US-FL-001,SKU-2011,Frozen Pizza Margherita,6.29,2026-05-17
US-FL-002,SKU-1003,Free Range Eggs 12ct,4.74,2026-05-31
US-FL-003,SKU-1010,Cheddar Cheese 200g,3.83,2026-06-15
US-FL-004,SKU-2007,Honey 500g,6.30,2026-06-25
US-FL-005,SKU-2014,Salmon Fillet 300g,11.75,2026-01-09
US-FL-006,SKU-1006,Avocado Hass 4pk,5.44,2026-01-19
US-FL-007,SKU-2003,Ground Coffee 340g,9.99,2026-02-04
US-FL-008,SKU-2010,Coconut Milk 400ml,2.51,2026-02-18
US-FL-009,SKU-1002,Whole Wheat Bread,2.34,2026-02-27
US-FL-010,SKU-1009,Tomato Sauce 400g,2.15,2026-03-16
US-FL-011,SKU-2006,Dark Chocolate 100g,3.11,2026-03-25
US-FL-012,SKU-2013,Chicken Breast 500g,8.91,2026-04-08
US-FL-013,SKU-1005,Bananas 1kg,1.23,2026-04-20
US-FL-014,SKU-2002,Orange Juice 1L,3.73,2026-05-04
US-FL-015,SKU-2009,Black Beans 400g,1.35,2026-05-21
US-FL-016,SKU-1001,Organic Milk 1L,3.42,2026-05-31
US-FL-017,SKU-1008,Pasta Penne 500g,1.18,2026-06-16
US-FL-018,SKU-2005,Almond Butter 365g,7.29,2026-06-28
US-FL-019,SKU-2012,Ice Cream Vanilla 1L,4.33,2026-01-13
US-FL-020,SKU-1004,Greek Yogurt 500g,1.83,2026-01-24
US-FL-021,SKU-2001,Sparkling Water 6pk,3.39,2026-02-05
US-FL-022,SKU-2008,Basmati Rice 5kg,13.51,2026-02-18
US-FL-023,SKU-2015,Spinach Baby 200g,2.93,2026-03-06
US-FL-024,SKU-1007,Olive Oil 500ml,8.54,2026-03-19
US-FL-025,SKU-2004,Granola 400g,4.31,2026-03-26
US-FL-026,SKU-2011,Frozen Pizza Margherita,5.81,2026-04-09
US-FL-027,SKU-1003,Free Range Eggs 12ct,4.89,2026-04-23
US-FL-028,SKU-1010,Cheddar Cheese 200g,3.95,2026-05-10
US-FL-029,SKU-2007,Honey 500g,6.49,2026-05-17
US-FL-030,SKU-2014,Salmon Fillet 300g,12.11,2026-06-05
IN-MH-001,SKU-1006,Avocado Hass 4pk,5.71,2026-06-18
IN-MH-002,SKU-2003,Ground Coffee 340g,10.50,2026-06-27
IN-MH-003,SKU-2010,Coconut Milk 400ml,2.69,2026-01-10
IN-MH-004,SKU-1002,Whole Wheat Bread,2.24,2026-01-21
IN-MH-005,SKU-1009,Tomato Sauce 400g,1.89,2026-02-08
IN-MH-006,SKU-2006,Dark Chocolate 100g,2.67,2026-02-16
IN-MH-007,SKU-2013,Chicken Breast 500g,7.91,2026-03-06
IN-MH-008,SKU-1005,Bananas 1kg,1.20,2026-03-16
IN-MH-009,SKU-2002,Orange Juice 1L,3.70,2026-03-29
IN-MH-010,SKU-2009,Black Beans 400g,1.36,2026-04-10
IN-MH-011,SKU-1001,Organic Milk 1L,3.35,2026-04-22
IN-MH-012,SKU-1008,Pasta Penne 500g,1.14,2026-05-06
IN-MH-013,SKU-2005,Almond Butter 365g,7.36,2026-05-22
IN-MH-014,SKU-2012,Ice Cream Vanilla 1L,4.37,2026-06-02
IN-MH-015,SKU-1004,Greek Yogurt 500g,1.94,2026-06-17
IN-MH-016,SKU-2001,Sparkling Water 6pk,2.88,2026-06-27
IN-MH-017,SKU-2008,Basmati Rice 5kg,11.47,2026-01-13
IN-MH-018,SKU-2015,Spinach Baby 200g,2.76,2026-01-26
IN-MH-019,SKU-1007,Olive Oil 500ml,8.46,2026-02-05
IN-MH-020,SKU-2004,Granola 400g,4.27,2026-02-23
IN-MH-021,SKU-2011,Frozen Pizza Margherita,5.87,2026-03-07
IN-MH-022,SKU-1003,Free Range Eggs 12ct,4.64,2026-03-15
IN-MH-023,SKU-1010,Cheddar Cheese 200g,4.27,2026-04-01
IN-MH-024,SKU-2007,Honey 500g,7.09,2026-04-16
IN-MH-025,SKU-2014,Salmon Fillet 300g,11.72,2026-04-28
IN-MH-026,SKU-1006,Avocado Hass 4pk,5.82,2026-05-11
IN-MH-027,SKU-2003,Ground Coffee 340g,9.87,2026-05-19
IN-MH-028,SKU-2010,Coconut Milk 400ml,2.41,2026-06-03
IN-MH-029,SKU-1002,Whole Wheat Bread,2.04,2026-06-17
IN-MH-030,SKU-1009,Tomato Sauce 400g,2.09,2026-01-02
IN-MH-031,SKU-2006,Dark Chocolate 100g,2.75,2026-01-12
IN-MH-032,SKU-2013,Chicken Breast 500g,7.90,2026-01-29
IN-MH-033,SKU-1005,Bananas 1kg,1.36,2026-02-05
IN-MH-034,SKU-2002,Orange Juice 1L,4.21,2026-02-19
IN-MH-035,SKU-2009,Black Beans 400g,1.43,2026-03-04
IN-MH-036,SKU-1001,Organic Milk 1L,3.81,2026-03-20
IN-MH-037,SKU-1008,Pasta Penne 500g,1.16,2026-03-31
IN-MH-038,SKU-2005,Almond Butter 365g,6.44,2026-04-11
IN-MH-039,SKU-2012,Ice Cream Vanilla 1L,3.79,2026-04-24
IN-MH-040,SKU-1004,Greek Yogurt 500g,1.61,2026-05-12
IN-KA-001,SKU-2001,Sparkling Water 6pk,3.13,2026-05-23
IN-KA-002,SKU-2008,Basmati Rice 5kg,11.83,2026-06-07
IN-KA-003,SKU-2015,Spinach Baby 200g,2.79,2026-06-19
IN-KA-004,SKU-1007,Olive Oil 500ml,9.62,2026-01-01
IN-KA-005,SKU-2004,Granola 400g,4.53,2026-01-15
IN-KA-006,SKU-2011,Frozen Pizza Margherita,6.23,2026-01-28
IN-KA-007,SKU-1003,Free Range Eggs 12ct,5.35,2026-02-06
IN-KA-008,SKU-1010,Cheddar Cheese 200g,4.15,2026-02-19
IN-KA-009,SKU-2007,Honey 500g,6.17,2026-03-08
IN-KA-010,SKU-2014,Salmon Fillet 300g,11.86,2026-03-20
IN-KA-011,SKU-1006,Avocado Hass 4pk,5.64,2026-04-03
IN-KA-012,SKU-2003,Ground Coffee 340g,9.01,2026-04-13
IN-KA-013,SKU-2010,Coconut Milk 400ml,2.44,2026-04-25
IN-KA-014,SKU-1002,Whole Wheat Bread,2.11,2026-05-14
IN-KA-015,SKU-1009,Tomato Sauce 400g,2.03,2026-05-25
IN-KA-016,SKU-2006,Dark Chocolate 100g,2.99,2026-06-05
IN-KA-017,SKU-2013,Chicken Breast 500g,8.39,2026-06-20
IN-KA-018,SKU-1005,Bananas 1kg,1.42,2026-01-05
IN-KA-019,SKU-2002,Orange Juice 1L,4.00,2026-01-12
IN-KA-020,SKU-2009,Black Beans 400g,1.36,2026-01-27
IN-KA-021,SKU-1001,Organic Milk 1L,3.22,2026-02-09
IN-KA-022,SKU-1008,Pasta Penne 500g,1.07,2026-02-26
IN-KA-023,SKU-2005,Almond Butter 365g,7.43,2026-03-09
IN-KA-024,SKU-2012,Ice Cream Vanilla 1L,4.42,2026-03-21
IN-KA-025,SKU-1004,Greek Yogurt 500g,1.83,2026-03-31
IN-KA-026,SKU-2001,Sparkling Water 6pk,3.49,2026-04-13
IN-KA-027,SKU-2008,Basmati Rice 5kg,13.51,2026-04-29
IN-KA-028,SKU-2015,Spinach Baby 200g,2.70,2026-05-15
IN-KA-029,SKU-1007,Olive Oil 500ml,9.44,2026-05-22
IN-KA-030,SKU-2004,Granola 400g,4.57,2026-06-06
IN-DL-001,SKU-2011,Frozen Pizza Margherita,5.35,2026-06-21
IN-DL-002,SKU-1003,Free Range Eggs 12ct,4.69,2026-01-03
IN-DL-003,SKU-1010,Cheddar Cheese 200g,3.64,2026-01-13
IN-DL-004,SKU-2007,Honey 500g,6.74,2026-01-28
IN-DL-005,SKU-2014,Salmon Fillet 300g,12.23,2026-02-12
IN-DL-006,SKU-1006,Avocado Hass 4pk,5.16,2026-02-21
IN-DL-007,SKU-2003,Ground Coffee 340g,10.09,2026-03-12
IN-DL-008,SKU-2010,Coconut Milk 400ml,2.54,2026-03-22
IN-DL-009,SKU-1002,Whole Wheat Bread,2.29,2026-04-02
IN-DL-010,SKU-1009,Tomato Sauce 400g,2.13,2026-04-19
IN-DL-011,SKU-2006,Dark Chocolate 100g,2.89,2026-05-01
IN-DL-012,SKU-2013,Chicken Breast 500g,7.82,2026-05-16
IN-DL-013,SKU-1005,Bananas 1kg,1.25,2026-05-23
IN-DL-014,SKU-2002,Orange Juice 1L,3.81,2026-06-11
IN-DL-015,SKU-2009,Black Beans 400g,1.25,2026-06-23
IN-DL-016,SKU-1001,Organic Milk 1L,3.18,2026-01-03
IN-DL-017,SKU-1008,Pasta Penne 500g,1.19,2026-01-18
IN-DL-018,SKU-2005,Almond Butter 365g,6.92,2026-02-02
IN-DL-019,SKU-2012,Ice Cream Vanilla 1L,4.64,2026-02-15
IN-DL-020,SKU-1004,Greek Yogurt 500g,1.75,2026-02-25
GB-LN-001,SKU-2001,Sparkling Water 6pk,3.87,2026-03-08
GB-LN-002,SKU-2008,Basmati Rice 5kg,15.82,2026-03-21
GB-LN-003,SKU-2015,Spinach Baby 200g,2.89,2026-04-06
GB-LN-004,SKU-1007,Olive Oil 500ml,9.67,2026-04-15
GB-LN-005,SKU-2004,Granola 400g,5.01,2026-05-01
GB-LN-006,SKU-2011,Frozen Pizza Margherita,6.75,2026-05-14
GB-LN-007,SKU-1003,Free Range Eggs 12ct,5.58,2026-05-29
GB-LN-008,SKU-1010,Cheddar Cheese 200g,4.43,2026-06-07
GB-LN-009,SKU-2007,Honey 500g,7.34,2026-06-21
GB-LN-010,SKU-2014,Salmon Fillet 300g,14.19,2026-01-02
GB-LN-011,SKU-1006,Avocado Hass 4pk,6.11,2026-01-21
GB-LN-012,SKU-2003,Ground Coffee 340g,11.95,2026-02-03
GB-LN-013,SKU-2010,Coconut Milk 400ml,3.01,2026-02-14
GB-LN-014,SKU-1002,Whole Wheat Bread,2.55,2026-02-26
GB-LN-015,SKU-1009,Tomato Sauce 400g,2.19,2026-03-12
GB-LN-016,SKU-2006,Dark Chocolate 100g,3.36,2026-03-26
GB-LN-017,SKU-2013,Chicken Breast 500g,9.32,2026-04-07
GB-LN-018,SKU-1005,Bananas 1kg,1.52,2026-04-16
GB-LN-019,SKU-2002,Orange Juice 1L,4.59,2026-04-30
GB-LN-020,SKU-2009,Black Beans 400g,1.59,2026-05-14
GB-LN-021,SKU-1001,Organic Milk 1L,4.16,2026-05-28
GB-LN-022,SKU-1008,Pasta Penne 500g,1.43,2026-06-12
GB-LN-023,SKU-2005,Almond Butter 365g,8.49,2026-06-20
GB-LN-024,SKU-2012,Ice Cream Vanilla 1L,4.95,2026-01-05
GB-LN-025,SKU-1004,Greek Yogurt 500g,1.89,2026-01-16
DE-BY-001,SKU-2001,Sparkling Water 6pk,3.73,2026-01-31
DE-BY-002,SKU-2008,Basmati Rice 5kg,14.24,2026-02-17
DE-BY-003,SKU-2015,Spinach Baby 200g,3.09,2026-02-28
DE-BY-004,SKU-1007,Olive Oil 500ml,10.15,2026-03-11
DE-BY-005,SKU-2004,Granola 400g,5.34,2026-03-28
DE-BY-006,SKU-2011,Frozen Pizza Margherita,7.20,2026-04-06
DE-BY-007,SKU-1003,Free Range Eggs 12ct,6.01,2026-04-19
DE-BY-008,SKU-1010,Cheddar Cheese 200g,4.52,2026-05-04
DE-BY-009,SKU-2007,Honey 500g,7.49,2026-05-19
DE-BY-010,SKU-2014,Salmon Fillet 300g,14.23,2026-05-29
DE-BY-011,SKU-1006,Avocado Hass 4pk,6.21,2026-06-14
DE-BY-012,SKU-2003,Ground Coffee 340g,10.93,2026-06-22
DE-BY-013,SKU-2010,Coconut Milk 400ml,2.78,2026-01-07
DE-BY-014,SKU-1002,Whole Wheat Bread,2.63,2026-01-20
DE-BY-015,SKU-1009,Tomato Sauce 400g,2.28,2026-02-02
DE-BY-016,SKU-2006,Dark Chocolate 100g,3.53,2026-02-17
DE-BY-017,SKU-2013,Chicken Breast 500g,9.86,2026-03-02
DE-BY-018,SKU-1005,Bananas 1kg,1.46,2026-03-15
DE-BY-019,SKU-2002,Orange Juice 1L,4.41,2026-03-28
DE-BY-020,SKU-2009,Black Beans 400g,1.71,2026-04-05
US-NY-001,SKU-1001,Organic Milk 1L,3.66,2026-04-19
US-NY-002,SKU-1008,Pasta Penne 500g,1.13,2026-05-04
US-NY-003,SKU-2005,Almond Butter 365g,7.00,2026-05-20
US-NY-004,SKU-2012,Ice Cream Vanilla 1L,4.16,2026-06-02
US-NY-005,SKU-1004,Greek Yogurt 500g,1.75,2026-06-11
US-NY-006,SKU-2001,Sparkling Water 6pk,3.26,2026-06-23
US-NY-007,SKU-2008,Basmati Rice 5kg,12.99,2026-01-07
US-NY-008,SKU-2015,Spinach Baby 200g,2.82,2026-01-23
US-NY-009,SKU-1007,Olive Oil 500ml,9.17,2026-01-31
US-NY-010,SKU-2004,Granola 400g,4.62,2026-02-19
US-NY-011,SKU-2011,Frozen Pizza Margherita,6.23,2026-02-28
US-NY-012,SKU-1003,Free Range Eggs 12ct,5.24,2026-03-12
US-NY-013,SKU-1010,Cheddar Cheese 200g,3.79,2026-03-30
US-NY-014,SKU-2007,Honey 500g,6.23,2026-04-06
US-NY-015,SKU-2014,Salmon Fillet 300g,11.63,2026-04-25
US-NY-016,SKU-1006,Avocado Hass 4pk,5.38,2026-05-07
US-NY-017,SKU-2003,Ground Coffee 340g,9.89,2026-05-15
US-NY-018,SKU-2010,Coconut Milk 400ml,2.49,2026-05-30
US-NY-019,SKU-1002,Whole Wheat Bread,2.31,2026-06-10
US-NY-020,SKU-1009,Tomato Sauce 400g,2.13,2026-06-24
US-NY-021,SKU-2006,Dark Chocolate 100g,3.08,2026-01-07
US-NY-022,SKU-2013,Chicken Breast 500g,8.83,2026-01-24
US-NY-023,SKU-1005,Bananas 1kg,1.35,2026-02-07
US-NY-024,SKU-2002,Orange Juice 1L,3.70,2026-02-17
US-NY-025,SKU-2009,Black Beans 400g,1.33,2026-03-04
US-NY-026,SKU-1001,Organic Milk 1L,3.39,2026-03-17
US-NY-027,SKU-1008,Pasta Penne 500g,1.17,2026-03-25
US-NY-028,SKU-2005,Almond Butter 365g,7.22,2026-04-13
US-NY-029,SKU-2012,Ice Cream Vanilla 1L,4.29,2026-04-23
US-NY-030,SKU-1004,Greek Yogurt 500g,1.81,2026-05-03
US-NY-031,SKU-2001,Sparkling Water 6pk,3.36,2026-05-17
US-NY-032,SKU-2008,Basmati Rice 5kg,13.38,2026-06-03
US-NY-033,SKU-2015,Spinach Baby 200g,2.90,2026-06-16
US-NY-034,SKU-1007,Olive Oil 500ml,9.44,2026-06-25
US-NY-035,SKU-2004,Granola 400g,4.27,2026-01-09
US-NY-036,SKU-2011,Frozen Pizza Margherita,5.75,2026-01-26
US-NY-037,SKU-1003,Free Range Eggs 12ct,4.84,2026-02-04
US-NY-038,SKU-1010,Cheddar Cheese 200g,3.91,2026-02-19
US-NY-039,SKU-2007,Honey 500g,6.43,2026-03-06
US-NY-040,SKU-2014,Salmon Fillet 300g,11.99,2026-03-16
US-NY-041,SKU-1006,Avocado Hass 4pk,5.54,2026-04-01
US-NY-042,SKU-2003,Ground Coffee 340g,10.19,2026-04-08
US-NY-043,SKU-2010,Coconut Milk 400ml,2.56,2026-04-22
US-NY-044,SKU-1002,Whole Wheat Bread,2.38,2026-05-08
US-NY-045,SKU-1009,Tomato Sauce 400g,2.19,2026-05-23
US-NY-046,SKU-2006,Dark Chocolate 100g,2.84,2026-06-05
US-NY-047,SKU-2013,Chicken Breast 500g,8.15,2026-06-12
US-NY-048,SKU-1005,Bananas 1kg,1.25,2026-06-30
US-NY-049,SKU-2002,Orange Juice 1L,3.81,2026-01-12
US-NY-050,SKU-2009,Black Beans 400g,1.38,2026-01-22
US-CA-001,SKU-1001,Organic Milk 1L,3.91,2026-02-08
US-CA-002,SKU-1008,Pasta Penne 500g,1.29,2026-02-20
US-CA-003,SKU-2005,Almond Butter 365g,8.40,2026-03-05
US-CA-004,SKU-2012,Ice Cream Vanilla 1L,5.04,2026-03-14
US-CA-005,SKU-1004,Greek Yogurt 500g,1.99,2026-03-28
US-CA-006,SKU-2001,Sparkling Water 6pk,3.83,2026-04-10
US-CA-007,SKU-2008,Basmati Rice 5kg,13.94,2026-04-26
US-CA-008,SKU-2015,Spinach Baby 200g,2.89,2026-05-05
US-CA-009,SKU-1007,Olive Oil 500ml,9.94,2026-05-20
US-CA-010,SKU-2004,Granola 400g,4.97,2026-06-02
US-CA-011,SKU-2011,Frozen Pizza Margherita,6.58,2026-06-17
US-CA-012,SKU-1003,Free Range Eggs 12ct,5.64,2026-06-28
US-CA-013,SKU-1010,Cheddar Cheese 200g,4.27,2026-01-12
US-CA-014,SKU-2007,Honey 500g,7.28,2026-01-26
US-CA-015,SKU-2014,Salmon Fillet 300g,13.83,2026-02-10
US-CA-016,SKU-1006,Avocado Hass 4pk,6.00,2026-02-18
US-CA-017,SKU-2003,Ground Coffee 340g,11.64,2026-03-05
US-CA-018,SKU-2010,Coconut Milk 400ml,2.60,2026-03-19
US-CA-019,SKU-1002,Whole Wheat Bread,2.33,2026-04-01
US-CA-020,SKU-1009,Tomato Sauce 400g,2.23,2026-04-16
US-CA-021,SKU-2006,Dark Chocolate 100g,3.11,2026-04-29
US-CA-022,SKU-2013,Chicken Breast 500g,9.41,2026-05-10
US-CA-023,SKU-1005,Bananas 1kg,1.42,2026-05-25
US-CA-024,SKU-2002,Orange Juice 1L,4.20,2026-06-04
US-CA-025,SKU-2009,Black Beans 400g,1.59,2026-06-15
US-CA-026,SKU-1001,Organic Milk 1L,4.03,2026-06-30
US-CA-027,SKU-1008,Pasta Penne 500g,1.32,2026-01-12
US-CA-028,SKU-2005,Almond Butter 365g,8.65,2026-01-24
US-CA-029,SKU-2012,Ice Cream Vanilla 1L,4.65,2026-02-09
US-CA-030,SKU-1004,Greek Yogurt 500g,1.84,2026-02-21
US-CA-031,SKU-2001,Sparkling Water 6pk,3.54,2026-03-06
US-CA-032,SKU-2008,Basmati Rice 5kg,14.39,2026-03-17
US-CA-033,SKU-2015,Spinach Baby 200g,2.98,2026-04-03
US-CA-034,SKU-1007,Olive Oil 500ml,10.25,2026-04-12
US-CA-035,SKU-2004,Granola 400g,5.12,2026-04-24
US-CA-036,SKU-2011,Frozen Pizza Margherita,6.78,2026-05-13
US-CA-037,SKU-1003,Free Range Eggs 12ct,5.81,2026-05-26
US-CA-038,SKU-1010,Cheddar Cheese 200g,4.40,2026-06-04
US-CA-039,SKU-2007,Honey 500g,7.50,2026-06-19
US-CA-040,SKU-2014,Salmon Fillet 300g,12.76,2026-06-29
US-CA-041,SKU-1006,Avocado Hass 4pk,5.53,2026-01-11
US-CA-042,SKU-2003,Ground Coffee 340g,10.76,2026-01-25
US-CA-043,SKU-2010,Coconut Milk 400ml,2.68,2026-02-12
US-CA-044,SKU-1002,Whole Wheat Bread,2.40,2026-02-25
US-CA-045,SKU-1009,Tomato Sauce 400g,2.30,2026-03-09
US-CA-046,SKU-2006,Dark Chocolate 100g,3.20,2026-03-19
US-CA-047,SKU-2013,Chicken Breast 500g,9.70,2026-03-31
US-CA-048,SKU-1005,Bananas 1kg,1.46,2026-04-15
US-CA-049,SKU-2002,Orange Juice 1L,4.33,2026-04-29
US-CA-050,SKU-2009,Black Beans 400g,1.63,2026-05-08
US-TX-001,SKU-1001,Organic Milk 1L,3.32,2026-05-25
US-TX-002,SKU-1008,Pasta Penne 500g,1.14,2026-06-09
US-TX-003,SKU-2005,Almond Butter 365g,7.07,2026-06-16
US-TX-004,SKU-2012,Ice Cream Vanilla 1L,4.20,2026-01-04
US-TX-005,SKU-1004,Greek Yogurt 500g,1.77,2026-01-18
US-TX-006,SKU-2001,Sparkling Water 6pk,3.29,2026-01-29
US-TX-007,SKU-2008,Basmati Rice 5kg,13.12,2026-02-08
US-TX-008,SKU-2015,Spinach Baby 200g,2.85,2026-02-20
US-TX-009,SKU-1007,Olive Oil 500ml,9.26,2026-03-09
US-TX-010,SKU-2004,Granola 400g,4.67,2026-03-22
US-TX-011,SKU-2011,Frozen Pizza Margherita,6.29,2026-04-01
US-TX-012,SKU-1003,Free Range Eggs 12ct,4.74,2026-04-14
US-TX-013,SKU-1010,Cheddar Cheese 200g,3.83,2026-04-29
US-TX-014,SKU-2007,Honey 500g,6.30,2026-05-15
US-TX-015,SKU-2014,Salmon Fillet 300g,11.75,2026-05-28
US-TX-016,SKU-1006,Avocado Hass 4pk,5.44,2026-06-04
US-TX-017,SKU-2003,Ground Coffee 340g,9.99,2026-06-17
US-TX-018,SKU-2010,Coconut Milk 400ml,2.51,2026-06-30
US-TX-019,SKU-1002,Whole Wheat Bread,2.34,2026-01-19
US-TX-020,SKU-1009,Tomato Sauce 400g,2.15,2026-01-30
US-TX-021,SKU-2006,Dark Chocolate 100g,3.11,2026-02-10
US-TX-022,SKU-2013,Chicken Breast 500g,8.91,2026-02-22
US-TX-023,SKU-1005,Bananas 1kg,1.23,2026-03-11
US-TX-024,SKU-2002,Orange Juice 1L,3.73,2026-03-24
US-TX-025,SKU-2009,Black Beans 400g,1.35,2026-04-07
US-TX-026,SKU-1001,Organic Milk 1L,3.42,2026-04-14
US-TX-027,SKU-1008,Pasta Penne 500g,1.18,2026-05-03
US-TX-028,SKU-2005,Almond Butter 365g,7.29,2026-05-11
US-TX-029,SKU-2012,Ice Cream Vanilla 1L,4.33,2026-05-24
US-TX-030,SKU-1004,Greek Yogurt 500g,1.83,2026-06-10
US-TX-031,SKU-2001,Sparkling Water 6pk,3.39,2026-06-20
US-TX-032,SKU-2008,Basmati Rice 5kg,13.51,2026-01-01
US-TX-033,SKU-2015,Spinach Baby 200g,2.93,2026-01-14
US-TX-034,SKU-1007,Olive Oil 500ml,8.54,2026-01-28
US-TX-035,SKU-2004,Granola 400g,4.31,2026-02-09
US-TX-036,SKU-2011,Frozen Pizza Margherita,5.81,2026-02-25
US-TX-037,SKU-1003,Free Range Eggs 12ct,4.89,2026-03-11
US-TX-038,SKU-1010,Cheddar Cheese 200g,3.95,2026-03-22
US-TX-039,SKU-2007,Honey 500g,6.49,2026-04-02
US-TX-040,SKU-2014,Salmon Fillet 300g,12.11,2026-04-19
US-FL-001,SKU-1006,Avocado Hass 4pk,5.60,2026-04-30
US-FL-002,SKU-2003,Ground Coffee 340g,10.29,2026-05-14
US-FL-003,SKU-2010,Coconut Milk 400ml,2.59,2026-05-29
US-FL-004,SKU-1002,Whole Wheat Bread,2.40,2026-06-08
US-FL-005,SKU-1009,Tomato Sauce 400g,1.99,2026-06-22
US-FL-006,SKU-2006,Dark Chocolate 100g,2.87,2026-01-02
US-FL-007,SKU-2013,Chicken Breast 500g,8.24,2026-01-18
US-FL-008,SKU-1005,Bananas 1kg,1.26,2026-02-01
US-FL-009,SKU-2002,Orange Juice 1L,3.85,2026-02-10
US-FL-010,SKU-2009,Black Beans 400g,1.39,2026-02-27
US-FL-011,SKU-1001,Organic Milk 1L,3.52,2026-03-08
US-FL-012,SKU-1008,Pasta Penne 500g,1.21,2026-03-22
US-FL-013,SKU-2005,Almond Butter 365g,7.51,2026-04-03
US-FL-014,SKU-2012,Ice Cream Vanilla 1L,4.46,2026-04-17
US-FL-015,SKU-1004,Greek Yogurt 500g,1.88,2026-05-04
US-FL-016,SKU-2001,Sparkling Water 6pk,3.13,2026-05-14
US-FL-017,SKU-2008,Basmati Rice 5kg,12.47,2026-05-30
US-FL-018,SKU-2015,Spinach Baby 200g,2.71,2026-06-11
US-FL-019,SKU-1007,Olive Oil 500ml,8.81,2026-06-26
US-FL-020,SKU-2004,Granola 400g,4.45,2026-01-07
US-FL-021,SKU-2011,Frozen Pizza Margherita,5.99,2026-01-19
US-FL-022,SKU-1003,Free Range Eggs 12ct,5.04,2026-02-01
US-FL-023,SKU-1010,Cheddar Cheese 200g,4.07,2026-02-17
US-FL-024,SKU-2007,Honey 500g,6.68,2026-03-02
US-FL-025,SKU-2014,Salmon Fillet 300g,12.47,2026-03-09
US-FL-026,SKU-1006,Avocado Hass 4pk,5.76,2026-03-23
US-FL-027,SKU-2003,Ground Coffee 340g,9.49,2026-04-06
US-FL-028,SKU-2010,Coconut Milk 400ml,2.39,2026-04-23
US-FL-029,SKU-1002,Whole Wheat Bread,2.22,2026-04-30
US-FL-030,SKU-1009,Tomato Sauce 400g,2.05,2026-05-19
IN-MH-001,SKU-2006,Dark Chocolate 100g,2.81,2026-06-01
IN-MH-002,SKU-2013,Chicken Breast 500g,7.90,2026-06-10
IN-MH-003,SKU-1005,Bananas 1kg,1.21,2026-06-23
IN-MH-004,SKU-2002,Orange Juice 1L,3.93,2026-01-04
IN-MH-005,SKU-2009,Black Beans 400g,1.32,2026-01-22
IN-MH-006,SKU-1001,Organic Milk 1L,3.34,2026-01-30
IN-MH-007,SKU-1008,Pasta Penne 500g,1.16,2026-02-17
IN-MH-008,SKU-2005,Almond Butter 365g,6.44,2026-02-27
IN-MH-009,SKU-2012,Ice Cream Vanilla 1L,3.83,2026-03-12
IN-MH-010,SKU-1004,Greek Yogurt 500g,1.74,2026-03-24
IN-MH-011,SKU-2001,Sparkling Water 6pk,3.03,2026-04-05
IN-MH-012,SKU-2008,Basmati Rice 5kg,12.09,2026-04-19
IN-MH-013,SKU-2015,Spinach Baby 200g,2.57,2026-05-05
IN-MH-014,SKU-1007,Olive Oil 500ml,8.99,2026-05-16
IN-MH-015,SKU-2004,Granola 400g,4.40,2026-05-31
IN-MH-016,SKU-2011,Frozen Pizza Margherita,5.68,2026-06-10
IN-MH-017,SKU-1003,Free Range Eggs 12ct,4.77,2026-06-26
IN-MH-018,SKU-1010,Cheddar Cheese 200g,4.11,2026-01-09
IN-MH-019,SKU-2007,Honey 500g,6.35,2026-01-19
IN-MH-020,SKU-2014,Salmon Fillet 300g,11.05,2026-02-06
IN-MH-021,SKU-1006,Avocado Hass 4pk,5.22,2026-02-18
IN-MH-022,SKU-2003,Ground Coffee 340g,9.30,2026-02-26
IN-MH-023,SKU-2010,Coconut Milk 400ml,2.27,2026-03-15
IN-MH-024,SKU-1002,Whole Wheat Bread,2.22,2026-03-30
IN-MH-025,SKU-1009,Tomato Sauce 400g,2.15,2026-04-11
IN-MH-026,SKU-2006,Dark Chocolate 100g,2.90,2026-04-24
IN-MH-027,SKU-2013,Chicken Breast 500g,8.57,2026-05-02
IN-MH-028,SKU-1005,Bananas 1kg,1.30,2026-05-17
IN-MH-029,SKU-2002,Orange Juice 1L,4.25,2026-05-31
IN-MH-030,SKU-2009,Black Beans 400g,1.36,2026-06-15
IN-MH-031,SKU-1001,Organic Milk 1L,3.22,2026-06-25
IN-MH-032,SKU-1008,Pasta Penne 500g,1.14,2026-01-12
IN-MH-033,SKU-2005,Almond Butter 365g,6.64,2026-01-19
IN-MH-034,SKU-2012,Ice Cream Vanilla 1L,3.91,2026-02-02
IN-MH-035,SKU-1004,Greek Yogurt 500g,1.74,2026-02-15
IN-MH-036,SKU-2001,Sparkling Water 6pk,3.46,2026-03-03
IN-MH-037,SKU-2008,Basmati Rice 5kg,13.78,2026-03-14
IN-MH-038,SKU-2015,Spinach Baby 200g,2.93,2026-03-25
IN-MH-039,SKU-1007,Olive Oil 500ml,8.79,2026-04-07
IN-MH-040,SKU-2004,Granola 400g,4.43,2026-04-25
IN-KA-001,SKU-2011,Frozen Pizza Margherita,5.52,2026-05-06
IN-KA-002,SKU-1003,Free Range Eggs 12ct,5.08,2026-05-21
IN-KA-003,SKU-1010,Cheddar Cheese 200g,3.60,2026-06-02
IN-KA-004,SKU-2007,Honey 500g,6.42,2026-06-14
IN-KA-005,SKU-2014,Salmon Fillet 300g,12.58,2026-06-28
IN-KA-006,SKU-1006,Avocado Hass 4pk,5.22,2026-01-11
IN-KA-007,SKU-2003,Ground Coffee 340g,10.49,2026-01-20
IN-KA-008,SKU-2010,Coconut Milk 400ml,2.44,2026-02-02
IN-KA-009,SKU-1002,Whole Wheat Bread,2.22,2026-02-19
IN-KA-010,SKU-1009,Tomato Sauce 400g,2.04,2026-03-03
IN-KA-011,SKU-2006,Dark Chocolate 100g,3.01,2026-03-17
IN-KA-012,SKU-2013,Chicken Breast 500g,8.23,2026-03-27
IN-KA-013,SKU-1005,Bananas 1kg,1.31,2026-04-08
IN-KA-014,SKU-2002,Orange Juice 1L,3.96,2026-04-27
IN-KA-015,SKU-2009,Black Beans 400g,1.27,2026-05-08
IN-KA-016,SKU-1001,Organic Milk 1L,3.42,2026-05-19
IN-KA-017,SKU-1008,Pasta Penne 500g,1.21,2026-06-03
IN-KA-018,SKU-2005,Almond Butter 365g,7.51,2026-06-18
IN-KA-019,SKU-2012,Ice Cream Vanilla 1L,4.24,2026-06-25
IN-KA-020,SKU-1004,Greek Yogurt 500g,1.88,2026-01-10
IN-KA-021,SKU-2001,Sparkling Water 6pk,3.28,2026-01-23
IN-KA-022,SKU-2008,Basmati Rice 5kg,14.05,2026-02-09
IN-KA-023,SKU-2015,Spinach Baby 200g,2.46,2026-02-20
IN-KA-024,SKU-1007,Olive Oil 500ml,8.54,2026-03-04
IN-KA-025,SKU-2004,Granola 400g,4.40,2026-03-14
IN-KA-026,SKU-2011,Frozen Pizza Margherita,5.75,2026-03-27
IN-KA-027,SKU-1003,Free Range Eggs 12ct,4.94,2026-04-12
IN-KA-028,SKU-1010,Cheddar Cheese 200g,3.75,2026-04-28
IN-KA-029,SKU-2007,Honey 500g,6.23,2026-05-05
IN-KA-030,SKU-2014,Salmon Fillet 300g,11.37,2026-05-20
IN-DL-001,SKU-1006,Avocado Hass 4pk,5.77,2026-06-04
IN-DL-002,SKU-2003,Ground Coffee 340g,9.87,2026-06-16
IN-DL-003,SKU-2010,Coconut Milk 400ml,2.54,2026-06-26
IN-DL-004,SKU-1002,Whole Wheat Bread,2.11,2026-01-11
IN-DL-005,SKU-1009,Tomato Sauce 400g,2.01,2026-01-26
IN-DL-006,SKU-2006,Dark Chocolate 100g,2.84,2026-02-04
IN-DL-007,SKU-2013,Chicken Breast 500g,8.74,2026-02-23
IN-DL-008,SKU-1005,Bananas 1kg,1.30,2026-03-05
IN-DL-009,SKU-2002,Orange Juice 1L,3.70,2026-03-16
IN-DL-010,SKU-2009,Black Beans 400g,1.32,2026-04-02
IN-DL-011,SKU-1001,Organic Milk 1L,3.38,2026-04-14
IN-DL-012,SKU-1008,Pasta Penne 500g,1.19,2026-04-29
IN-DL-013,SKU-2005,Almond Butter 365g,7.73,2026-05-06
IN-DL-014,SKU-2012,Ice Cream Vanilla 1L,4.59,2026-05-25
IN-DL-015,SKU-1004,Greek Yogurt 500g,1.80,2026-06-06
IN-DL-016,SKU-2001,Sparkling Water 6pk,3.25,2026-06-16
IN-DL-017,SKU-2008,Basmati Rice 5kg,12.22,2026-01-01
IN-DL-018,SKU-2015,Spinach Baby 200g,2.84,2026-01-16
IN-DL-019,SKU-1007,Olive Oil 500ml,9.08,2026-01-29
IN-DL-020,SKU-2004,Granola 400g,4.53,2026-02-08
GB-LN-001,SKU-2011,Frozen Pizza Margherita,6.84,2026-02-19
GB-LN-002,SKU-1003,Free Range Eggs 12ct,5.90,2026-03-04
GB-LN-003,SKU-1010,Cheddar Cheese 200g,4.48,2026-03-20
GB-LN-004,SKU-2007,Honey 500g,7.56,2026-03-29
GB-LN-005,SKU-2014,Salmon Fillet 300g,14.48,2026-04-14
GB-LN-006,SKU-1006,Avocado Hass 4pk,6.00,2026-04-27
GB-LN-007,SKU-2003,Ground Coffee 340g,10.84,2026-05-12
GB-LN-008,SKU-2010,Coconut Milk 400ml,2.68,2026-05-21
GB-LN-009,SKU-1002,Whole Wheat Bread,2.51,2026-06-04
GB-LN-010,SKU-1009,Tomato Sauce 400g,2.40,2026-06-15
GB-LN-011,SKU-2006,Dark Chocolate 100g,3.23,2026-01-04
GB-LN-012,SKU-2013,Chicken Breast 500g,9.86,2026-01-17
GB-LN-013,SKU-1005,Bananas 1kg,1.51,2026-01-28
GB-LN-014,SKU-2002,Orange Juice 1L,4.69,2026-02-09
GB-LN-015,SKU-2009,Black Beans 400g,1.58,2026-02-23
GB-LN-016,SKU-1001,Organic Milk 1L,4.25,2026-03-09
GB-LN-017,SKU-1008,Pasta Penne 500g,1.27,2026-03-21
GB-LN-018,SKU-2005,Almond Butter 365g,8.33,2026-03-30
GB-LN-019,SKU-2012,Ice Cream Vanilla 1L,4.91,2026-04-13
GB-LN-020,SKU-1004,Greek Yogurt 500g,1.98,2026-04-27
GB-LN-021,SKU-2001,Sparkling Water 6pk,3.81,2026-05-11
GB-LN-022,SKU-2008,Basmati Rice 5kg,15.20,2026-05-26
GB-LN-023,SKU-2015,Spinach Baby 200g,3.16,2026-06-03
GB-LN-024,SKU-1007,Olive Oil 500ml,10.09,2026-06-18
GB-LN-025,SKU-2004,Granola 400g,5.13,2026-06-29
DE-BY-001,SKU-2011,Frozen Pizza Margherita,7.35,2026-01-14
DE-BY-002,SKU-1003,Free Range Eggs 12ct,5.92,2026-01-31
DE-BY-003,SKU-1010,Cheddar Cheese 200g,4.28,2026-02-11
DE-BY-004,SKU-2007,Honey 500g,7.10,2026-02-22
DE-BY-005,SKU-2014,Salmon Fillet 300g,13.84,2026-03-11
DE-BY-006,SKU-1006,Avocado Hass 4pk,6.40,2026-03-20
DE-BY-007,SKU-2003,Ground Coffee 340g,11.67,2026-04-02
DE-BY-008,SKU-2010,Coconut Milk 400ml,2.74,2026-04-17
DE-BY-009,SKU-1002,Whole Wheat Bread,2.57,2026-05-02
DE-BY-010,SKU-1009,Tomato Sauce 400g,2.41,2026-05-12
DE-BY-011,SKU-2006,Dark Chocolate 100g,3.66,2026-05-28
DE-BY-012,SKU-2013,Chicken Breast 500g,10.07,2026-06-05
DE-BY-013,SKU-1005,Bananas 1kg,1.56,2026-06-20
DE-BY-014,SKU-2002,Orange Juice 1L,4.32,2026-01-03
DE-BY-015,SKU-2009,Black Beans 400g,1.47,2026-01-16
DE-BY-016,SKU-1001,Organic Milk 1L,3.99,2026-01-31
DE-BY-017,SKU-1008,Pasta Penne 500g,1.34,2026-02-13
DE-BY-018,SKU-2005,Almond Butter 365g,8.01,2026-02-26
DE-BY-019,SKU-2012,Ice Cream Vanilla 1L,4.72,2026-03-11
DE-BY-020,SKU-1004,Greek Yogurt 500g,2.13,2026-03-19
US-NY-001,SKU-2001,Sparkling Water 6pk,3.36,2026-04-02
US-NY-002,SKU-2008,Basmati Rice 5kg,13.38,2026-04-17
US-NY-003,SKU-2015,Spinach Baby 200g,2.90,2026-05-03
US-NY-004,SKU-1007,Olive Oil 500ml,9.44,2026-05-16
US-NY-005,SKU-2004,Granola 400g,4.27,2026-05-25
US-NY-006,SKU-2011,Frozen Pizza Margherita,5.75,2026-06-06
US-NY-007,SKU-1003,Free Range Eggs 12ct,4.84,2026-06-20
US-NY-008,SKU-1010,Cheddar Cheese 200g,3.91,2026-01-06
US-NY-009,SKU-2007,Honey 500g,6.43,2026-01-14
US-NY-010,SKU-2014,Salmon Fillet 300g,11.99,2026-02-02
US-NY-011,SKU-1006,Avocado Hass 4pk,5.54,2026-02-11
US-NY-012,SKU-2003,Ground Coffee 340g,10.19,2026-02-23
US-NY-013,SKU-2010,Coconut Milk 400ml,2.56,2026-03-13
US-NY-014,SKU-1002,Whole Wheat Bread,2.38,2026-03-20
US-NY-015,SKU-1009,Tomato Sauce 400g,2.19,2026-04-08
US-NY-016,SKU-2006,Dark Chocolate 100g,2.84,2026-04-20
US-NY-017,SKU-2013,Chicken Breast 500g,8.15,2026-04-28
US-NY-018,SKU-1005,Bananas 1kg,1.25,2026-05-13
US-NY-019,SKU-2002,Orange Juice 1L,3.81,2026-05-24
US-NY-020,SKU-2009,Black Beans 400g,1.38,2026-06-07
US-NY-021,SKU-1001,Organic Milk 1L,3.49,2026-06-20
US-NY-022,SKU-1008,Pasta Penne 500g,1.20,2026-01-07
US-NY-023,SKU-2005,Almond Butter 365g,7.44,2026-01-21
US-NY-024,SKU-2012,Ice Cream Vanilla 1L,4.42,2026-01-31
US-NY-025,SKU-1004,Greek Yogurt 500g,1.86,2026-02-15
US-NY-026,SKU-2001,Sparkling Water 6pk,3.45,2026-02-28
US-NY-027,SKU-2008,Basmati Rice 5kg,12.34,2026-03-08
US-NY-028,SKU-2015,Spinach Baby 200g,2.68,2026-03-27
US-NY-029,SKU-1007,Olive Oil 500ml,8.72,2026-04-06
US-NY-030,SKU-2004,Granola 400g,4.40,2026-04-16
US-NY-031,SKU-2011,Frozen Pizza Margherita,5.93,2026-04-30
US-NY-032,SKU-1003,Free Range Eggs 12ct,4.99,2026-05-17
US-NY-033,SKU-1010,Cheddar Cheese 200g,4.03,2026-05-30
US-NY-034,SKU-2007,Honey 500g,6.62,2026-06-08
US-NY-035,SKU-2014,Salmon Fillet 300g,12.35,2026-06-22
US-NY-036,SKU-1006,Avocado Hass 4pk,5.71,2026-01-09
US-NY-037,SKU-2003,Ground Coffee 340g,10.49,2026-01-18
US-NY-038,SKU-2010,Coconut Milk 400ml,2.37,2026-02-02
US-NY-039,SKU-1002,Whole Wheat Bread,2.20,2026-02-17
US-NY-040,SKU-1009,Tomato Sauce 400g,2.03,2026-02-27
US-NY-041,SKU-2006,Dark Chocolate 100g,2.93,2026-03-15
US-NY-042,SKU-2013,Chicken Breast 500g,8.41,2026-03-22
US-NY-043,SKU-1005,Bananas 1kg,1.29,2026-04-05
US-NY-044,SKU-2002,Orange Juice 1L,3.93,2026-04-21
US-NY-045,SKU-2009,Black Beans 400g,1.42,2026-05-06
US-NY-046,SKU-1001,Organic Milk 1L,3.59,2026-05-19
US-NY-047,SKU-1008,Pasta Penne 500g,1.24,2026-05-26
US-NY-048,SKU-2005,Almond Butter 365g,7.65,2026-06-13
US-NY-049,SKU-2012,Ice Cream Vanilla 1L,4.08,2026-06-25
US-NY-050,SKU-1004,Greek Yogurt 500g,1.72,2026-01-05
US-CA-001,SKU-2001,Sparkling Water 6pk,3.54,2026-01-22
US-CA-002,SKU-2008,Basmati Rice 5kg,14.39,2026-02-03
US-CA-003,SKU-2015,Spinach Baby 200g,2.98,2026-02-16
US-CA-004,SKU-1007,Olive Oil 500ml,10.25,2026-02-25
US-CA-005,SKU-2004,Granola 400g,5.12,2026-03-11
US-CA-006,SKU-2011,Frozen Pizza Margherita,6.78,2026-03-24
US-CA-007,SKU-1003,Free Range Eggs 12ct,5.81,2026-04-09
US-CA-008,SKU-1010,Cheddar Cheese 200g,4.40,2026-04-18
US-CA-009,SKU-2007,Honey 500g,7.50,2026-05-03
US-CA-010,SKU-2014,Salmon Fillet 300g,12.76,2026-05-16
US-CA-011,SKU-1006,Avocado Hass 4pk,5.53,2026-05-31
US-CA-012,SKU-2003,Ground Coffee 340g,10.76,2026-06-11
US-CA-013,SKU-2010,Coconut Milk 400ml,2.68,2026-06-25
US-CA-014,SKU-1002,Whole Wheat Bread,2.40,2026-01-09
US-CA-015,SKU-1009,Tomato Sauce 400g,2.30,2026-01-24
US-CA-016,SKU-2006,Dark Chocolate 100g,3.20,2026-02-01
US-CA-017,SKU-2013,Chicken Breast 500g,9.70,2026-02-16
US-CA-018,SKU-1005,Bananas 1kg,1.46,2026-03-02
US-CA-019,SKU-2002,Orange Juice 1L,4.33,2026-03-15
US-CA-020,SKU-2009,Black Beans 400g,1.63,2026-03-30
US-CA-021,SKU-1001,Organic Milk 1L,3.71,2026-04-12
US-CA-022,SKU-1008,Pasta Penne 500g,1.22,2026-04-23
US-CA-023,SKU-2005,Almond Butter 365g,7.99,2026-05-08
US-CA-024,SKU-2012,Ice Cream Vanilla 1L,4.79,2026-05-18
US-CA-025,SKU-1004,Greek Yogurt 500g,1.90,2026-05-29
US-CA-026,SKU-2001,Sparkling Water 6pk,3.65,2026-06-13
US-CA-027,SKU-2008,Basmati Rice 5kg,14.83,2026-06-25
US-CA-028,SKU-2015,Spinach Baby 200g,3.07,2026-01-07
US-CA-029,SKU-1007,Olive Oil 500ml,10.56,2026-01-23
US-CA-030,SKU-2004,Granola 400g,5.28,2026-02-04
US-CA-031,SKU-2011,Frozen Pizza Margherita,6.98,2026-02-17
US-CA-032,SKU-1003,Free Range Eggs 12ct,5.36,2026-02-28
US-CA-033,SKU-1010,Cheddar Cheese 200g,4.06,2026-03-17
US-CA-034,SKU-2007,Honey 500g,6.92,2026-03-26
US-CA-035,SKU-2014,Salmon Fillet 300g,13.16,2026-04-07
US-CA-036,SKU-1006,Avocado Hass 4pk,5.71,2026-04-26
US-CA-037,SKU-2003,Ground Coffee 340g,11.09,2026-05-09
US-CA-038,SKU-2010,Coconut Milk 400ml,2.77,2026-05-18
US-CA-039,SKU-1002,Whole Wheat Bread,2.48,2026-06-02
US-CA-040,SKU-1009,Tomato Sauce 400g,2.37,2026-06-12
US-CA-041,SKU-2006,Dark Chocolate 100g,3.30,2026-06-24
US-CA-042,SKU-2013,Chicken Breast 500g,9.98,2026-01-08
US-CA-043,SKU-1005,Bananas 1kg,1.35,2026-01-26
US-CA-044,SKU-2002,Orange Juice 1L,4.00,2026-02-08
US-CA-045,SKU-2009,Black Beans 400g,1.51,2026-02-20
US-CA-046,SKU-1001,Organic Milk 1L,3.83,2026-03-02
US-CA-047,SKU-1008,Pasta Penne 500g,1.26,2026-03-14
US-CA-048,SKU-2005,Almond Butter 365g,8.24,2026-03-29
US-CA-049,SKU-2012,Ice Cream Vanilla 1L,4.94,2026-04-12
US-CA-050,SKU-1004,Greek Yogurt 500g,1.95,2026-04-21
US-TX-001,SKU-2001,Sparkling Water 6pk,3.39,2026-05-08
US-TX-002,SKU-2008,Basmati Rice 5kg,13.51,2026-05-23
US-TX-003,SKU-2015,Spinach Baby 200g,2.93,2026-05-30
US-TX-004,SKU-1007,Olive Oil 500ml,8.54,2026-06-17
US-TX-005,SKU-2004,Granola 400g,4.31,2026-01-01
US-TX-006,SKU-2011,Frozen Pizza Margherita,5.81,2026-01-12
US-TX-007,SKU-1003,Free Range Eggs 12ct,4.89,2026-01-22
US-TX-008,SKU-1010,Cheddar Cheese 200g,3.95,2026-02-03
US-TX-009,SKU-2007,Honey 500g,6.49,2026-02-20
US-TX-010,SKU-2014,Salmon Fillet 300g,12.11,2026-03-05
US-TX-011,SKU-1006,Avocado Hass 4pk,5.60,2026-03-15
US-TX-012,SKU-2003,Ground Coffee 340g,10.29,2026-03-28
US-TX-013,SKU-2010,Coconut Milk 400ml,2.59,2026-04-12
US-TX-014,SKU-1002,Whole Wheat Bread,2.40,2026-04-28
US-TX-015,SKU-1009,Tomato Sauce 400g,1.99,2026-05-11
US-TX-016,SKU-2006,Dark Chocolate 100g,2.87,2026-05-18
US-TX-017,SKU-2013,Chicken Breast 500g,8.24,2026-05-31
US-TX-018,SKU-1005,Bananas 1kg,1.26,2026-06-13
US-TX-019,SKU-2002,Orange Juice 1L,3.85,2026-01-02
US-TX-020,SKU-2009,Black Beans 400g,1.39,2026-01-13
